• turbo 2.10.2

   • Packages in scope: @module-federation/enhanced, @module-federation/rspack
   • Running build in 2 packages
   • Remote caching disabled, using shared worktree cache

@module-federation/sdk:build: cache bypass, force executing d23e8ad82c7c965d
@module-federation/error-codes:build: cache bypass, force executing 09ff732199cb0600
@module-federation/third-party-dts-extractor:build: cache bypass, force executing b78f287456eb3b22
@module-federation/sdk:build: 
@module-federation/sdk:build: > @module-federation/sdk@2.9.2 build /Users/zackjackson/Documents/Codex/2026-10-02/task-4/stack5141/packages/sdk
@module-federation/sdk:build: > tsdown --config tsdown.config.ts
@module-federation/sdk:build: 
@module-federation/error-codes:build: 
@module-federation/error-codes:build: > @module-federation/error-codes@2.9.2 build /Users/zackjackson/Documents/Codex/2026-10-02/task-4/stack5141/packages/error-codes
@module-federation/error-codes:build: > tsdown --config tsdown.config.ts --filter error-codes-build
@module-federation/error-codes:build: 
@module-federation/third-party-dts-extractor:build: 
@module-federation/third-party-dts-extractor:build: > @module-federation/third-party-dts-extractor@2.9.2 build /Users/zackjackson/Documents/Codex/2026-10-02/task-4/stack5141/packages/third-party-dts-extractor
@module-federation/third-party-dts-extractor:build: > tsup --config tsup.config.ts --outDir dist && tsc -p tsconfig.lib.json && cp package.json dist && cp *.md dist
@module-federation/third-party-dts-extractor:build: 
@module-federation/sdk:build: ℹ tsdown v0.20.3 powered by rolldown v1.0.0-rc.3
@module-federation/error-codes:build: ℹ tsdown v0.20.3 powered by rolldown v1.0.0-rc.3
@module-federation/sdk:build: ℹ config file: /Users/zackjackson/Documents/Codex/2026-10-02/task-4/stack5141/packages/sdk/tsdown.config.ts 
@module-federation/error-codes:build: ℹ config file: /Users/zackjackson/Documents/Codex/2026-10-02/task-4/stack5141/packages/error-codes/tsdown.config.ts 
@module-federation/error-codes:build: (node:89815) [MODULE_TYPELESS_PACKAGE_JSON] Warning: Module type of file:///Users/zackjackson/Documents/Codex/2026-10-02/task-4/stack5141/packages/error-codes/tsdown.config.ts?no-cache=0776299e-5ee9-4d0b-a34d-f232bfe18662 is not specified and it doesn't parse as CommonJS.
@module-federation/error-codes:build: Reparsing as ES module because module syntax was detected. This incurs a performance overhead.
@module-federation/error-codes:build: To eliminate this warning, add "type": "module" to /Users/zackjackson/Documents/Codex/2026-10-02/task-4/stack5141/packages/error-codes/package.json.
@module-federation/error-codes:build: (Use `node --trace-warnings ...` to show where the warning was created)
@module-federation/sdk:build: ℹ [sdk-build] entry: src/index.ts, src/core.ts, src/node.ts, src/normalize-webpack-path.ts
@module-federation/sdk:build: ℹ [sdk-build] tsconfig: tsconfig.lib.json
@module-federation/error-codes:build: ℹ [error-codes-build] entry: src/index.ts, src/browser.ts, src/node.ts
@module-federation/error-codes:build: ℹ [error-codes-build] tsconfig: tsconfig.lib.json
@module-federation/sdk:build: ℹ Build start
@module-federation/error-codes:build: ℹ Build start
@module-federation/error-codes:build: ℹ Cleaning 39 files
@module-federation/sdk:build: ℹ Cleaning 100 files
@module-federation/third-party-dts-extractor:build: CLI Building entry: /Users/zackjackson/Documents/Codex/2026-10-02/task-4/stack5141/packages/third-party-dts-extractor/src/index.ts
@module-federation/third-party-dts-extractor:build: CLI Using tsconfig: tsconfig.json
@module-federation/third-party-dts-extractor:build: CLI tsup v7.3.0
@module-federation/third-party-dts-extractor:build: CLI Using tsup config: /Users/zackjackson/Documents/Codex/2026-10-02/task-4/stack5141/packages/third-party-dts-extractor/tsup.config.ts
@module-federation/third-party-dts-extractor:build: CLI Building entry: /Users/zackjackson/Documents/Codex/2026-10-02/task-4/stack5141/packages/third-party-dts-extractor/src/index.ts
@module-federation/third-party-dts-extractor:build: CLI Using tsconfig: tsconfig.json
@module-federation/third-party-dts-extractor:build: CLI tsup v7.3.0
@module-federation/third-party-dts-extractor:build: CLI Using tsup config: /Users/zackjackson/Documents/Codex/2026-10-02/task-4/stack5141/packages/third-party-dts-extractor/tsup.config.ts
@module-federation/third-party-dts-extractor:build: CLI Target: es2017
@module-federation/third-party-dts-extractor:build: CLI Target: es2017
@module-federation/third-party-dts-extractor:build: ESM Build start
@module-federation/third-party-dts-extractor:build: CLI Cleaning output folder
@module-federation/third-party-dts-extractor:build: CJS Build start
@module-federation/third-party-dts-extractor:build: ESM dist/index.mjs 6.45 KB
@module-federation/third-party-dts-extractor:build: ESM ⚡️ Build success in 157ms
@module-federation/third-party-dts-extractor:build: CJS dist/index.js 7.00 KB
@module-federation/third-party-dts-extractor:build: CJS ⚡️ Build success in 148ms
@module-federation/error-codes:build: ℹ [error-codes-build] [CJS] dist/index.d.ts             1.17 kB │ gzip: 0.36 kB
@module-federation/error-codes:build: ℹ [error-codes-build] [CJS] dist/browser.d.ts           0.38 kB │ gzip: 0.25 kB
@module-federation/error-codes:build: ℹ [error-codes-build] [CJS] dist/node.d.ts              0.37 kB │ gzip: 0.25 kB
@module-federation/error-codes:build: ℹ [error-codes-build] [CJS] dist/MFContext.d.ts         2.60 kB │ gzip: 1.00 kB
@module-federation/error-codes:build: ℹ [error-codes-build] [CJS] dist/desc.d.ts              1.16 kB │ gzip: 0.25 kB
@module-federation/error-codes:build: ℹ [error-codes-build] [CJS] dist/error-codes.d.ts       1.08 kB │ gzip: 0.29 kB
@module-federation/error-codes:build: ℹ [error-codes-build] [CJS] dist/getShortErrorMsg.d.ts  0.28 kB │ gzip: 0.18 kB
@module-federation/error-codes:build: ℹ [error-codes-build] [CJS] 7 files, total: 7.04 kB
@module-federation/error-codes:build: ℹ [error-codes-build] [CJS] dist/index.cjs                       1.49 kB │ gzip: 0.34 kB
@module-federation/error-codes:build: ℹ [error-codes-build] [CJS] dist/node.cjs                        1.11 kB │ gzip: 0.56 kB
@module-federation/error-codes:build: ℹ [error-codes-build] [CJS] dist/browser.cjs                     0.43 kB │ gzip: 0.27 kB
@module-federation/error-codes:build: ℹ [error-codes-build] [CJS] dist/desc.cjs.map                    2.61 kB │ gzip: 0.95 kB
@module-federation/error-codes:build: ℹ [error-codes-build] [CJS] dist/desc.cjs                        2.14 kB │ gzip: 0.76 kB
@module-federation/error-codes:build: ℹ [error-codes-build] [CJS] dist/node.cjs.map                    1.74 kB │ gzip: 0.84 kB
@module-federation/error-codes:build: ℹ [error-codes-build] [CJS] dist/error-codes.cjs                 1.32 kB │ gzip: 0.31 kB
@module-federation/error-codes:build: ℹ [error-codes-build] [CJS] dist/error-codes.cjs.map             1.17 kB │ gzip: 0.29 kB
@module-federation/error-codes:build: ℹ [error-codes-build] [CJS] dist/getShortErrorMsg.cjs.map        1.13 kB │ gzip: 0.61 kB
@module-federation/error-codes:build: ℹ [error-codes-build] [CJS] dist/_virtual/_rolldown/runtime.cjs  1.04 kB │ gzip: 0.52 kB
@module-federation/error-codes:build: ℹ [error-codes-build] [CJS] dist/browser.cjs.map                 0.70 kB │ gzip: 0.40 kB
@module-federation/error-codes:build: ℹ [error-codes-build] [CJS] dist/getShortErrorMsg.cjs            0.68 kB │ gzip: 0.38 kB
@module-federation/error-codes:build: ℹ [error-codes-build] [CJS] 12 files, total: 15.55 kB
@module-federation/error-codes:build: ✔ [error-codes-build] Build complete in 1092ms
@module-federation/error-codes:build: ℹ [error-codes-build] [ESM] dist/node.mjs                  0.81 kB │ gzip: 0.45 kB
@module-federation/error-codes:build: ℹ [error-codes-build] [ESM] dist/index.mjs                 0.72 kB │ gzip: 0.21 kB
@module-federation/error-codes:build: ℹ [error-codes-build] [ESM] dist/browser.mjs               0.32 kB │ gzip: 0.20 kB
@module-federation/error-codes:build: ℹ [error-codes-build] [ESM] dist/desc.mjs.map              2.33 kB │ gzip: 0.89 kB
@module-federation/error-codes:build: ℹ [error-codes-build] [ESM] dist/desc.mjs                  1.90 kB │ gzip: 0.78 kB
@module-federation/error-codes:build: ℹ [error-codes-build] [ESM] dist/node.mjs.map              1.71 kB │ gzip: 0.84 kB
@module-federation/error-codes:build: ℹ [error-codes-build] [ESM] dist/error-codes.mjs.map       1.17 kB │ gzip: 0.29 kB
@module-federation/error-codes:build: ℹ [error-codes-build] [ESM] dist/getShortErrorMsg.mjs.map  1.13 kB │ gzip: 0.61 kB
@module-federation/error-codes:build: ℹ [error-codes-build] [ESM] dist/error-codes.mjs           0.94 kB │ gzip: 0.28 kB
@module-federation/error-codes:build: ℹ [error-codes-build] [ESM] dist/browser.mjs.map           0.68 kB │ gzip: 0.39 kB
@module-federation/error-codes:build: ℹ [error-codes-build] [ESM] dist/getShortErrorMsg.mjs      0.66 kB │ gzip: 0.38 kB
@module-federation/error-codes:build: ℹ [error-codes-build] [ESM] dist/index.d.mts               1.17 kB │ gzip: 0.36 kB
@module-federation/error-codes:build: ℹ [error-codes-build] [ESM] dist/browser.d.mts             0.38 kB │ gzip: 0.26 kB
@module-federation/error-codes:build: ℹ [error-codes-build] [ESM] dist/node.d.mts                0.37 kB │ gzip: 0.25 kB
@module-federation/error-codes:build: ℹ [error-codes-build] [ESM] dist/MFContext.d.mts           2.61 kB │ gzip: 1.00 kB
@module-federation/error-codes:build: ℹ [error-codes-build] [ESM] dist/desc.d.mts                1.16 kB │ gzip: 0.26 kB
@module-federation/error-codes:build: ℹ [error-codes-build] [ESM] dist/error-codes.d.mts         1.08 kB │ gzip: 0.29 kB
@module-federation/error-codes:build: ℹ [error-codes-build] [ESM] dist/getShortErrorMsg.d.mts    0.28 kB │ gzip: 0.19 kB
@module-federation/error-codes:build: ℹ [error-codes-build] [ESM] 18 files, total: 19.43 kB
@module-federation/error-codes:build: ✔ [error-codes-build] Build complete in 1102ms
@module-federation/sdk:build: ℹ [sdk-build] [CJS] dist/node.cjs                                         8.54 kB │ gzip: 2.70 kB
@module-federation/sdk:build: ℹ [sdk-build] [CJS] dist/index.cjs                                        5.22 kB │ gzip: 1.09 kB
@module-federation/sdk:build: ℹ [sdk-build] [CJS] dist/core.cjs                                         5.07 kB │ gzip: 1.06 kB
@module-federation/sdk:build: ℹ [sdk-build] [CJS] dist/normalize-webpack-path.cjs                       1.29 kB │ gzip: 0.64 kB
@module-federation/sdk:build: ℹ [sdk-build] [CJS] dist/node.cjs.map                                    19.01 kB │ gzip: 5.56 kB
@module-federation/sdk:build: ℹ [sdk-build] [CJS] dist/types/plugins/ModuleFederationPlugin.cjs.map    17.01 kB │ gzip: 4.51 kB
@module-federation/sdk:build: ℹ [sdk-build] [CJS] dist/dom.cjs.map                                     14.51 kB │ gzip: 4.37 kB
@module-federation/sdk:build: ℹ [sdk-build] [CJS] dist/utils.cjs.map                                    9.85 kB │ gzip: 3.19 kB
@module-federation/sdk:build: ℹ [sdk-build] [CJS] dist/generateSnapshotFromManifest.cjs.map             9.54 kB │ gzip: 3.08 kB
@module-federation/sdk:build: ℹ [sdk-build] [CJS] dist/logger.cjs.map                                   7.30 kB │ gzip: 2.30 kB
@module-federation/sdk:build: ℹ [sdk-build] [CJS] dist/dom.cjs                                          7.04 kB │ gzip: 2.05 kB
@module-federation/sdk:build: ℹ [sdk-build] [CJS] dist/utils.cjs                                        5.33 kB │ gzip: 1.57 kB
@module-federation/sdk:build: ℹ [sdk-build] [CJS] dist/generateSnapshotFromManifest.cjs                 4.85 kB │ gzip: 1.53 kB
@module-federation/sdk:build: ℹ [sdk-build] [CJS] dist/types/plugins/ConsumeSharedPlugin.cjs.map        3.86 kB │ gzip: 1.33 kB
@module-federation/sdk:build: ℹ [sdk-build] [CJS] dist/logger.cjs                                       3.63 kB │ gzip: 1.18 kB
@module-federation/sdk:build: ℹ [sdk-build] [CJS] dist/types/plugins/ProvideSharedPlugin.cjs.map        3.31 kB │ gzip: 1.17 kB
@module-federation/sdk:build: ℹ [sdk-build] [CJS] dist/normalize-webpack-path.cjs.map                   2.34 kB │ gzip: 1.07 kB
@module-federation/sdk:build: ℹ [sdk-build] [CJS] dist/constant.cjs                                     2.19 kB │ gzip: 0.78 kB
@module-federation/sdk:build: ℹ [sdk-build] [CJS] dist/env.cjs.map                                      2.13 kB │ gzip: 0.91 kB
@module-federation/sdk:build: ℹ [sdk-build] [CJS] dist/constant.cjs.map                                 2.05 kB │ gzip: 0.89 kB
@module-federation/sdk:build: ℹ [sdk-build] [CJS] dist/types/plugins/ContainerPlugin.cjs.map            1.44 kB │ gzip: 0.69 kB
@module-federation/sdk:build: ℹ [sdk-build] [CJS] dist/env.cjs                                          1.25 kB │ gzip: 0.50 kB
@module-federation/sdk:build: ℹ [sdk-build] [CJS] dist/normalizeOptions.cjs.map                         1.16 kB │ gzip: 0.54 kB
@module-federation/sdk:build: ℹ [sdk-build] [CJS] dist/types/plugins/SharePlugin.cjs.map                0.86 kB │ gzip: 0.51 kB
@module-federation/sdk:build: ℹ [sdk-build] [CJS] dist/types/plugins/ContainerReferencePlugin.cjs.map   0.83 kB │ gzip: 0.47 kB
@module-federation/sdk:build: ℹ [sdk-build] [CJS] dist/normalizeOptions.cjs                             0.63 kB │ gzip: 0.31 kB
@module-federation/sdk:build: ℹ [sdk-build] [CJS] dist/createModuleFederationConfig.cjs.map             0.45 kB │ gzip: 0.25 kB
@module-federation/sdk:build: ℹ [sdk-build] [CJS] dist/types/plugins/ContainerReferencePlugin.cjs       0.45 kB │ gzip: 0.26 kB
@module-federation/sdk:build: ℹ [sdk-build] [CJS] dist/types/plugins/ModuleFederationPlugin.cjs         0.44 kB │ gzip: 0.26 kB
@module-federation/sdk:build: ℹ [sdk-build] [CJS] dist/types/plugins/ConsumeSharedPlugin.cjs            0.42 kB │ gzip: 0.26 kB
@module-federation/sdk:build: ℹ [sdk-build] [CJS] dist/types/plugins/ProvideSharedPlugin.cjs            0.42 kB │ gzip: 0.26 kB
@module-federation/sdk:build: ℹ [sdk-build] [CJS] dist/types/plugins/ContainerPlugin.cjs                0.40 kB │ gzip: 0.26 kB
@module-federation/sdk:build: ℹ [sdk-build] [CJS] dist/_virtual/_rolldown/runtime.cjs                   0.38 kB │ gzip: 0.26 kB
@module-federation/sdk:build: ℹ [sdk-build] [CJS] dist/types/plugins/SharePlugin.cjs                    0.38 kB │ gzip: 0.26 kB
@module-federation/sdk:build: ℹ [sdk-build] [CJS] dist/createModuleFederationConfig.cjs                 0.26 kB │ gzip: 0.15 kB
@module-federation/sdk:build: ℹ [sdk-build] [CJS] 35 files, total: 143.87 kB
@module-federation/sdk:build: src/node.ts (129:26) [33m[EVAL] Warning:[0m Use of direct `eval` function is strongly discouraged as it poses security risks and may cause issues with minification.
@module-federation/sdk:build:      [38;5;246m╭[0m[38;5;246m─[0m[38;5;246m[[0m src/node.ts:129:27 [38;5;246m][0m
@module-federation/sdk:build:      [38;5;246m│[0m
@module-federation/sdk:build:  [38;5;246m129 │[0m [38;5;249m [0m[38;5;249m [0m[38;5;249m [0m[38;5;249m [0m[38;5;249m [0m[38;5;249m [0m[38;5;249m [0m[38;5;249m [0m[38;5;249m [0m[38;5;249m [0m[38;5;249m [0m[38;5;249m [0m[38;5;249m [0m[38;5;249m [0m[38;5;249mr[0m[38;5;249me[0m[38;5;249mq[0m[38;5;249mu[0m[38;5;249mi[0m[38;5;249mr[0m[38;5;249me[0m[38;5;249mF[0m[38;5;249mn[0m[38;5;249m [0m[38;5;249m=[0m[38;5;249m [0meval[38;5;249m([0m[38;5;249m'[0m[38;5;249mr[0m[38;5;249me[0m[38;5;249mq[0m[38;5;249mu[0m[38;5;249mi[0m[38;5;249mr[0m[38;5;249me[0m[38;5;249m'[0m[38;5;249m)[0m[38;5;249m [0m[38;5;249ma[0m[38;5;249ms[0m[38;5;249m [0m[38;5;249mN[0m[38;5;249mo[0m[38;5;249md[0m[38;5;249me[0m[38;5;249mR[0m[38;5;249me[0m[38;5;249mq[0m[38;5;249mu[0m[38;5;249mi[0m[38;5;249mr[0m[38;5;249me[0m[38;5;249m;[0m
@module-federation/sdk:build:  [38;5;240m    │[0m                           ──┬─  
@module-federation/sdk:build:  [38;5;240m    │[0m                             ╰─── Use of direct `eval` here.
@module-federation/sdk:build:  [38;5;240m    │[0m 
@module-federation/sdk:build:  [38;5;240m    │[0m [38;5;115mHelp[0m: Consider using indirect eval. For more information, check the documentation: https://rolldown.rs/guide/troubleshooting#avoiding-direct-eval
@module-federation/sdk:build: [38;5;246m─────╯[0m
@module-federation/sdk:build: 
@module-federation/sdk:build: ℹ [sdk-build] [CJS] dist/index.d.ts                                    4.86 kB │ gzip: 1.11 kB
@module-federation/sdk:build: ℹ [sdk-build] [CJS] dist/core.d.ts                                     4.77 kB │ gzip: 1.10 kB
@module-federation/sdk:build: ℹ [sdk-build] [CJS] dist/node.d.ts                                     0.57 kB │ gzip: 0.29 kB
@module-federation/sdk:build: ℹ [sdk-build] [CJS] dist/normalize-webpack-path.d.ts                   0.37 kB │ gzip: 0.23 kB
@module-federation/sdk:build: ℹ [sdk-build] [CJS] dist/types/plugins/ModuleFederationPlugin.d.ts    16.75 kB │ gzip: 4.57 kB
@module-federation/sdk:build: ℹ [sdk-build] [CJS] dist/types/plugins/ConsumeSharedPlugin.d.ts        3.72 kB │ gzip: 1.27 kB
@module-federation/sdk:build: ℹ [sdk-build] [CJS] dist/types/plugins/ProvideSharedPlugin.d.ts        3.19 kB │ gzip: 1.11 kB
@module-federation/sdk:build: ℹ [sdk-build] [CJS] dist/types/stats.d.ts                              2.99 kB │ gzip: 0.85 kB
@module-federation/sdk:build: ℹ [sdk-build] [CJS] dist/types/snapshot.d.ts                           2.61 kB │ gzip: 0.66 kB
@module-federation/sdk:build: ℹ [sdk-build] [CJS] dist/utils.d.ts                                    1.59 kB │ gzip: 0.60 kB
@module-federation/sdk:build: ℹ [sdk-build] [CJS] dist/constant.d.ts                                 1.53 kB │ gzip: 0.65 kB
@module-federation/sdk:build: ℹ [sdk-build] [CJS] dist/types/index.d.ts                              1.48 kB │ gzip: 0.43 kB
@module-federation/sdk:build: ℹ [sdk-build] [CJS] dist/logger.d.ts                                   1.40 kB │ gzip: 0.50 kB
@module-federation/sdk:build: ℹ [sdk-build] [CJS] dist/types/plugins/ContainerPlugin.d.ts            1.33 kB │ gzip: 0.62 kB
@module-federation/sdk:build: ℹ [sdk-build] [CJS] dist/dom.d.ts                                      1.20 kB │ gzip: 0.49 kB
@module-federation/sdk:build: ℹ [sdk-build] [CJS] dist/types/hooks.d.ts                              1.18 kB │ gzip: 0.36 kB
@module-federation/sdk:build: ℹ [sdk-build] [CJS] dist/types/manifest.d.ts                           1.14 kB │ gzip: 0.47 kB
@module-federation/sdk:build: ℹ [sdk-build] [CJS] dist/generateSnapshotFromManifest.d.ts             1.10 kB │ gzip: 0.43 kB
@module-federation/sdk:build: ℹ [sdk-build] [CJS] dist/types/plugins/ContainerReferencePlugin.d.ts   0.79 kB │ gzip: 0.41 kB
@module-federation/sdk:build: ℹ [sdk-build] [CJS] dist/types/plugins/SharePlugin.d.ts                0.77 kB │ gzip: 0.43 kB
@module-federation/sdk:build: ℹ [sdk-build] [CJS] dist/env.d.ts                                      0.46 kB │ gzip: 0.25 kB
@module-federation/sdk:build: ℹ [sdk-build] [CJS] dist/types/plugins/index.d.ts                      0.43 kB │ gzip: 0.15 kB
@module-federation/sdk:build: ℹ [sdk-build] [CJS] dist/createModuleFederationConfig.d.ts             0.37 kB │ gzip: 0.18 kB
@module-federation/sdk:build: ℹ [sdk-build] [CJS] dist/types/common.d.ts                             0.36 kB │ gzip: 0.19 kB
@module-federation/sdk:build: ℹ [sdk-build] [CJS] dist/normalizeOptions.d.ts                         0.28 kB │ gzip: 0.20 kB
@module-federation/sdk:build: ℹ [sdk-build] [CJS] 25 files, total: 55.24 kB
@module-federation/sdk:build: ✔ [sdk-build] Build complete in 1555ms
@module-federation/sdk:build: ℹ [sdk-build] [ESM] dist/node.js                                         8.59 kB │ gzip: 2.70 kB
@module-federation/sdk:build: ℹ [sdk-build] [ESM] dist/index.js                                        2.90 kB │ gzip: 0.78 kB
@module-federation/sdk:build: ℹ [sdk-build] [ESM] dist/core.js                                         2.80 kB │ gzip: 0.77 kB
@module-federation/sdk:build: ℹ [sdk-build] [ESM] dist/normalize-webpack-path.js                       1.16 kB │ gzip: 0.58 kB
@module-federation/sdk:build: ℹ [sdk-build] [ESM] dist/node.js.map                                    19.10 kB │ gzip: 5.59 kB
@module-federation/sdk:build: ℹ [sdk-build] [ESM] dist/types/plugins/ModuleFederationPlugin.js.map    17.01 kB │ gzip: 4.51 kB
@module-federation/sdk:build: ℹ [sdk-build] [ESM] dist/dom.js.map                                     14.50 kB │ gzip: 4.37 kB
@module-federation/sdk:build: ℹ [sdk-build] [ESM] dist/utils.js.map                                    9.68 kB │ gzip: 3.12 kB
@module-federation/sdk:build: ℹ [sdk-build] [ESM] dist/generateSnapshotFromManifest.js.map             9.48 kB │ gzip: 3.06 kB
@module-federation/sdk:build: ℹ [sdk-build] [ESM] dist/logger.js.map                                   7.29 kB │ gzip: 2.29 kB
@module-federation/sdk:build: ℹ [sdk-build] [ESM] dist/dom.js                                          6.90 kB │ gzip: 2.02 kB
@module-federation/sdk:build: ℹ [sdk-build] [ESM] dist/utils.js                                        4.66 kB │ gzip: 1.52 kB
@module-federation/sdk:build: ℹ [sdk-build] [ESM] dist/generateSnapshotFromManifest.js                 4.64 kB │ gzip: 1.50 kB
@module-federation/sdk:build: ℹ [sdk-build] [ESM] dist/types/plugins/ConsumeSharedPlugin.js.map        3.86 kB │ gzip: 1.33 kB
@module-federation/sdk:build: ℹ [sdk-build] [ESM] dist/logger.js                                       3.48 kB │ gzip: 1.16 kB
@module-federation/sdk:build: ℹ [sdk-build] [ESM] dist/types/plugins/ProvideSharedPlugin.js.map        3.31 kB │ gzip: 1.17 kB
@module-federation/sdk:build: ℹ [sdk-build] [ESM] dist/normalize-webpack-path.js.map                   2.34 kB │ gzip: 1.07 kB
@module-federation/sdk:build: ℹ [sdk-build] [ESM] dist/env.js.map                                      2.12 kB │ gzip: 0.90 kB
@module-federation/sdk:build: ℹ [sdk-build] [ESM] dist/constant.js.map                                 2.05 kB │ gzip: 0.89 kB
@module-federation/sdk:build: ℹ [sdk-build] [ESM] dist/constant.js                                     1.81 kB │ gzip: 0.73 kB
@module-federation/sdk:build: ℹ [sdk-build] [ESM] dist/types/plugins/ContainerPlugin.js.map            1.44 kB │ gzip: 0.69 kB
@module-federation/sdk:build: ℹ [sdk-build] [ESM] dist/normalizeOptions.js.map                         1.16 kB │ gzip: 0.54 kB
@module-federation/sdk:build: ℹ [sdk-build] [ESM] dist/env.js                                          1.11 kB │ gzip: 0.47 kB
@module-federation/sdk:build: ℹ [sdk-build] [ESM] dist/types/plugins/SharePlugin.js.map                0.86 kB │ gzip: 0.51 kB
@module-federation/sdk:build: ℹ [sdk-build] [ESM] dist/types/plugins/ContainerReferencePlugin.js.map   0.83 kB │ gzip: 0.47 kB
@module-federation/sdk:build: ℹ [sdk-build] [ESM] dist/normalizeOptions.js                             0.61 kB │ gzip: 0.31 kB
@module-federation/sdk:build: ℹ [sdk-build] [ESM] dist/createModuleFederationConfig.js.map             0.45 kB │ gzip: 0.25 kB
@module-federation/sdk:build: ℹ [sdk-build] [ESM] dist/_virtual/_rolldown/runtime.js                   0.37 kB │ gzip: 0.26 kB
@module-federation/sdk:build: ℹ [sdk-build] [ESM] dist/types/plugins/ContainerReferencePlugin.js       0.31 kB │ gzip: 0.20 kB
@module-federation/sdk:build: ℹ [sdk-build] [ESM] dist/types/plugins/ModuleFederationPlugin.js         0.30 kB │ gzip: 0.20 kB
@module-federation/sdk:build: ℹ [sdk-build] [ESM] dist/types/plugins/ConsumeSharedPlugin.js            0.29 kB │ gzip: 0.19 kB
@module-federation/sdk:build: ℹ [sdk-build] [ESM] dist/types/plugins/ProvideSharedPlugin.js            0.29 kB │ gzip: 0.20 kB
@module-federation/sdk:build: ℹ [sdk-build] [ESM] dist/types/plugins/ContainerPlugin.js                0.27 kB │ gzip: 0.19 kB
@module-federation/sdk:build: ℹ [sdk-build] [ESM] dist/types/plugins/SharePlugin.js                    0.26 kB │ gzip: 0.19 kB
@module-federation/sdk:build: ℹ [sdk-build] [ESM] dist/createModuleFederationConfig.js                 0.23 kB │ gzip: 0.15 kB
@module-federation/sdk:build: ℹ [sdk-build] [ESM] dist/index.d.ts                                      4.86 kB │ gzip: 1.11 kB
@module-federation/sdk:build: ℹ [sdk-build] [ESM] dist/core.d.ts                                       4.77 kB │ gzip: 1.10 kB
@module-federation/sdk:build: ℹ [sdk-build] [ESM] dist/node.d.ts                                       0.57 kB │ gzip: 0.29 kB
@module-federation/sdk:build: ℹ [sdk-build] [ESM] dist/normalize-webpack-path.d.ts                     0.37 kB │ gzip: 0.23 kB
@module-federation/sdk:build: ℹ [sdk-build] [ESM] dist/types/plugins/ModuleFederationPlugin.d.ts      16.75 kB │ gzip: 4.57 kB
@module-federation/sdk:build: ℹ [sdk-build] [ESM] dist/types/plugins/ConsumeSharedPlugin.d.ts          3.72 kB │ gzip: 1.27 kB
@module-federation/sdk:build: ℹ [sdk-build] [ESM] dist/types/plugins/ProvideSharedPlugin.d.ts          3.19 kB │ gzip: 1.11 kB
@module-federation/sdk:build: ℹ [sdk-build] [ESM] dist/types/stats.d.ts                                2.99 kB │ gzip: 0.85 kB
@module-federation/sdk:build: ℹ [sdk-build] [ESM] dist/types/snapshot.d.ts                             2.61 kB │ gzip: 0.66 kB
@module-federation/sdk:build: ℹ [sdk-build] [ESM] dist/utils.d.ts                                      1.59 kB │ gzip: 0.60 kB
@module-federation/sdk:build: ℹ [sdk-build] [ESM] dist/constant.d.ts                                   1.53 kB │ gzip: 0.65 kB
@module-federation/sdk:build: ℹ [sdk-build] [ESM] dist/types/index.d.ts                                1.48 kB │ gzip: 0.43 kB
@module-federation/sdk:build: ℹ [sdk-build] [ESM] dist/logger.d.ts                                     1.40 kB │ gzip: 0.50 kB
@module-federation/sdk:build: ℹ [sdk-build] [ESM] dist/types/plugins/ContainerPlugin.d.ts              1.33 kB │ gzip: 0.62 kB
@module-federation/sdk:build: ℹ [sdk-build] [ESM] dist/dom.d.ts                                        1.20 kB │ gzip: 0.49 kB
@module-federation/sdk:build: ℹ [sdk-build] [ESM] dist/types/hooks.d.ts                                1.18 kB │ gzip: 0.36 kB
@module-federation/sdk:build: ℹ [sdk-build] [ESM] dist/types/manifest.d.ts                             1.14 kB │ gzip: 0.47 kB
@module-federation/sdk:build: ℹ [sdk-build] [ESM] dist/generateSnapshotFromManifest.d.ts               1.10 kB │ gzip: 0.43 kB
@module-federation/sdk:build: ℹ [sdk-build] [ESM] dist/types/plugins/ContainerReferencePlugin.d.ts     0.79 kB │ gzip: 0.41 kB
@module-federation/sdk:build: ℹ [sdk-build] [ESM] dist/types/plugins/SharePlugin.d.ts                  0.77 kB │ gzip: 0.43 kB
@module-federation/sdk:build: ℹ [sdk-build] [ESM] dist/env.d.ts                                        0.46 kB │ gzip: 0.25 kB
@module-federation/sdk:build: ℹ [sdk-build] [ESM] dist/types/plugins/index.d.ts                        0.43 kB │ gzip: 0.15 kB
@module-federation/sdk:build: ℹ [sdk-build] [ESM] dist/createModuleFederationConfig.d.ts               0.37 kB │ gzip: 0.18 kB
@module-federation/sdk:build: ℹ [sdk-build] [ESM] dist/types/common.d.ts                               0.36 kB │ gzip: 0.19 kB
@module-federation/sdk:build: ℹ [sdk-build] [ESM] dist/normalizeOptions.d.ts                           0.28 kB │ gzip: 0.20 kB
@module-federation/sdk:build: ℹ [sdk-build] [ESM] 60 files, total: 191.68 kB
@module-federation/sdk:build: ✔ [sdk-build] Build complete in 1564ms
@module-federation/runtime-core:build: cache bypass, force executing cfd09637f8fe8ec4
@module-federation/bridge-react-webpack-plugin:build: cache bypass, force executing fe335310771ccf75
@module-federation/managers:build: cache bypass, force executing cf33cbd7a3e51594
@module-federation/runtime-core:build: 
@module-federation/runtime-core:build: > @module-federation/runtime-core@2.9.2 build /Users/zackjackson/Documents/Codex/2026-10-02/task-4/stack5141/packages/runtime-core
@module-federation/runtime-core:build: > tsdown --config tsdown.config.ts
@module-federation/runtime-core:build: 
@module-federation/managers:build: 
@module-federation/managers:build: > @module-federation/managers@2.9.2 build /Users/zackjackson/Documents/Codex/2026-10-02/task-4/stack5141/packages/managers
@module-federation/managers:build: > rslib build
@module-federation/managers:build: 
@module-federation/bridge-react-webpack-plugin:build: 
@module-federation/bridge-react-webpack-plugin:build: > @module-federation/bridge-react-webpack-plugin@2.9.2 build /Users/zackjackson/Documents/Codex/2026-10-02/task-4/stack5141/packages/bridge/bridge-react-webpack-plugin
@module-federation/bridge-react-webpack-plugin:build: > vite build && tsc -p tsconfig.json && cp dist/types/index.d.ts dist/index.cjs.d.ts
@module-federation/bridge-react-webpack-plugin:build: 
@module-federation/runtime-core:build: ℹ tsdown v0.20.3 powered by rolldown v1.0.0-rc.3
@module-federation/runtime-core:build: ℹ config file: /Users/zackjackson/Documents/Codex/2026-10-02/task-4/stack5141/packages/runtime-core/tsdown.config.ts 
@module-federation/runtime-core:build: ℹ [runtime-core-build] entry: src/index.ts, src/types.ts, src/kernel.ts, src/shared/capability.ts, src/remote/capability.ts, src/plugins/snapshot/capability.ts, src/platform/web.ts, src/platform/node.ts, src/platform/universal.ts
@module-federation/runtime-core:build: ℹ [runtime-core-build] tsconfig: tsconfig.lib.json
@module-federation/runtime-core:build: ℹ Build start
@module-federation/runtime-core:build: ℹ Cleaning 215 files
@module-federation/managers:build: Rslib v0.23.2
@module-federation/managers:build: 
@module-federation/managers:build: (node:90028) Warning: Failed to load the ES module: file:///Users/zackjackson/Documents/Codex/2026-10-02/task-4/stack5141/packages/managers/rslib.config.ts?fresh-import-evvh6yyl4uc=0,file:///Users/zackjackson/Documents/Codex/2026-10-02/task-4/stack5141/packages/managers/rslib.config.ts. Make sure to set "type": "module" in the nearest package.json file or use the .mjs extension.
@module-federation/managers:build: (Use `node --trace-warnings ...` to show where the warning was created)
@module-federation/managers:build: (node:90028) Warning: Failed to load the ES module: file:///Users/zackjackson/Documents/Codex/2026-10-02/task-4/stack5141/packages/managers/rslib.config.ts?t=1791005120700. Make sure to set "type": "module" in the nearest package.json file or use the .mjs extension.
@module-federation/bridge-react-webpack-plugin:build: [33mThe CJS build of Vite's Node API is deprecated. See https://vite.dev/guide/troubleshooting.html#vite-cjs-node-api-deprecated for more details.[39m
@module-federation/bridge-react-webpack-plugin:build: vite v5.4.21 building for production...
@module-federation/bridge-react-webpack-plugin:build: transforming...
@module-federation/bridge-react-webpack-plugin:build: ✓ 3 modules transformed.
@module-federation/bridge-react-webpack-plugin:build: rendering chunks...
@module-federation/bridge-react-webpack-plugin:build: computing gzip size...
@module-federation/bridge-react-webpack-plugin:build: dist/index.cjs.js  6.06 kB │ gzip: 1.60 kB
@module-federation/bridge-react-webpack-plugin:build: dist/index.es.js  6.05 kB │ gzip: 1.59 kB
@module-federation/bridge-react-webpack-plugin:build: ✓ built in 81ms
@module-federation/managers:build: info    build started...
@module-federation/managers:build: start   generating declaration files... (esm)
@module-federation/managers:build: start   generating declaration files... (cjs)
@module-federation/managers:build: ready   built in 0.63s (cjs)
@module-federation/managers:build: ready   built in 0.63s (esm)
@module-federation/managers:build: ready   declaration files generated in 1.47 s (cjs)
@module-federation/managers:build: ready   declaration files generated in 1.53 s (esm)
@module-federation/managers:build: 
@module-federation/managers:build: 17 files generated in dist, total: 36.6 kB (esm)
@module-federation/managers:build: 
@module-federation/managers:build: 17 files generated in dist, total: 76.1 kB (cjs)
@module-federation/managers:build: 
@module-federation/managers:build: info    Publint passed.
@module-federation/runtime-core:build: ℹ [runtime-core-build] [CJS] dist/index.d.ts                             2.60 kB │ gzip: 0.78 kB
@module-federation/runtime-core:build: ℹ [runtime-core-build] [CJS] dist/types.d.ts                             2.04 kB │ gzip: 0.54 kB
@module-federation/runtime-core:build: ℹ [runtime-core-build] [CJS] dist/kernel.d.ts                            1.25 kB │ gzip: 0.40 kB
@module-federation/runtime-core:build: ℹ [runtime-core-build] [CJS] dist/platform/web.d.ts                      0.45 kB │ gzip: 0.27 kB
@module-federation/runtime-core:build: ℹ [runtime-core-build] [CJS] dist/platform/node.d.ts                     0.44 kB │ gzip: 0.27 kB
@module-federation/runtime-core:build: ℹ [runtime-core-build] [CJS] dist/platform/universal.d.ts                0.20 kB │ gzip: 0.16 kB
@module-federation/runtime-core:build: ℹ [runtime-core-build] [CJS] dist/plugins/snapshot/capability.d.ts       0.06 kB │ gzip: 0.06 kB
@module-federation/runtime-core:build: ℹ [runtime-core-build] [CJS] dist/remote/capability.d.ts                 0.06 kB │ gzip: 0.06 kB
@module-federation/runtime-core:build: ℹ [runtime-core-build] [CJS] dist/shared/capability.d.ts                 0.06 kB │ gzip: 0.06 kB
@module-federation/runtime-core:build: ℹ [runtime-core-build] [CJS] dist/core.d.ts                              8.40 kB │ gzip: 1.91 kB
@module-federation/runtime-core:build: ℹ [runtime-core-build] [CJS] dist/remote/index.d.ts                      4.87 kB │ gzip: 1.23 kB
@module-federation/runtime-core:build: ℹ [runtime-core-build] [CJS] dist/type/config.d.ts                       4.45 kB │ gzip: 1.41 kB
@module-federation/runtime-core:build: ℹ [runtime-core-build] [CJS] dist/shared/index.d.ts                      4.29 kB │ gzip: 1.16 kB
@module-federation/runtime-core:build: ℹ [runtime-core-build] [CJS] dist/global.d.ts                            3.32 kB │ gzip: 1.03 kB
@module-federation/runtime-core:build: ℹ [runtime-core-build] [CJS] dist/plugins/snapshot/SnapshotHandler.d.ts  2.97 kB │ gzip: 0.81 kB
@module-federation/runtime-core:build: ℹ [runtime-core-build] [CJS] dist/type/capability.d.ts                   2.70 kB │ gzip: 0.84 kB
@module-federation/runtime-core:build: ℹ [runtime-core-build] [CJS] dist/type/index.d.ts                        2.16 kB │ gzip: 0.61 kB
@module-federation/runtime-core:build: ℹ [runtime-core-build] [CJS] dist/type/plugin.d.ts                       1.90 kB │ gzip: 0.50 kB
@module-federation/runtime-core:build: ℹ [runtime-core-build] [CJS] dist/type/preload.d.ts                      1.83 kB │ gzip: 0.68 kB
@module-federation/runtime-core:build: ℹ [runtime-core-build] [CJS] dist/helpers.d.ts                           1.72 kB │ gzip: 0.47 kB
@module-federation/runtime-core:build: ℹ [runtime-core-build] [CJS] dist/module/index.d.ts                      1.27 kB │ gzip: 0.51 kB
@module-federation/runtime-core:build: ℹ [runtime-core-build] [CJS] dist/runtimeImage.d.ts                      0.91 kB │ gzip: 0.37 kB
@module-federation/runtime-core:build: ℹ [runtime-core-build] [CJS] dist/utils/share.d.ts                       0.82 kB │ gzip: 0.38 kB
@module-federation/runtime-core:build: ℹ [runtime-core-build] [CJS] dist/utils/load.d.ts                        0.67 kB │ gzip: 0.34 kB
@module-federation/runtime-core:build: ℹ [runtime-core-build] [CJS] dist/utils/logger.d.ts                      0.64 kB │ gzip: 0.29 kB
@module-federation/runtime-core:build: ℹ [runtime-core-build] [CJS] dist/utils/preload.d.ts                     0.55 kB │ gzip: 0.29 kB
@module-federation/runtime-core:build: ℹ [runtime-core-build] [CJS] dist/utils/hooks/pluginSystem.d.ts          0.53 kB │ gzip: 0.31 kB
@module-federation/runtime-core:build: ℹ [runtime-core-build] [CJS] dist/utils/hooks/syncHook.d.ts              0.52 kB │ gzip: 0.30 kB
@module-federation/runtime-core:build: ℹ [runtime-core-build] [CJS] dist/utils/hooks/asyncWaterfallHooks.d.ts   0.46 kB │ gzip: 0.29 kB
@module-federation/runtime-core:build: ℹ [runtime-core-build] [CJS] dist/utils/tool.d.ts                        0.44 kB │ gzip: 0.30 kB
@module-federation/runtime-core:build: ℹ [runtime-core-build] [CJS] dist/utils/hooks/asyncHook.d.ts             0.43 kB │ gzip: 0.25 kB
@module-federation/runtime-core:build: ℹ [runtime-core-build] [CJS] dist/utils/hooks/syncWaterfallHook.d.ts     0.39 kB │ gzip: 0.26 kB
@module-federation/runtime-core:build: ℹ [runtime-core-build] [CJS] dist/utils/manifest.d.ts                    0.33 kB │ gzip: 0.23 kB
@module-federation/runtime-core:build: ℹ [runtime-core-build] [CJS] dist/plugins/snapshot/index.d.ts            0.28 kB │ gzip: 0.20 kB
@module-federation/runtime-core:build: ℹ [runtime-core-build] [CJS] dist/utils/semver/index.d.ts                0.17 kB │ gzip: 0.15 kB
@module-federation/runtime-core:build: ℹ [runtime-core-build] [CJS] 35 files, total: 54.15 kB
@module-federation/runtime-core:build: ℹ [runtime-core-build] [CJS] dist/platform/web.cjs                           5.75 kB │ gzip: 1.77 kB
@module-federation/runtime-core:build: ℹ [runtime-core-build] [CJS] dist/index.cjs                                  4.74 kB │ gzip: 1.18 kB
@module-federation/runtime-core:build: ℹ [runtime-core-build] [CJS] dist/platform/node.cjs                          2.43 kB │ gzip: 0.95 kB
@module-federation/runtime-core:build: ℹ [runtime-core-build] [CJS] dist/kernel.cjs                                 0.97 kB │ gzip: 0.33 kB
@module-federation/runtime-core:build: ℹ [runtime-core-build] [CJS] dist/platform/universal.cjs                     0.70 kB │ gzip: 0.35 kB
@module-federation/runtime-core:build: ℹ [runtime-core-build] [CJS] dist/plugins/snapshot/capability.cjs            0.16 kB │ gzip: 0.14 kB
@module-federation/runtime-core:build: ℹ [runtime-core-build] [CJS] dist/remote/capability.cjs                      0.16 kB │ gzip: 0.14 kB
@module-federation/runtime-core:build: ℹ [runtime-core-build] [CJS] dist/shared/capability.cjs                      0.16 kB │ gzip: 0.14 kB
@module-federation/runtime-core:build: ℹ [runtime-core-build] [CJS] dist/types.cjs                                  0.00 kB │ gzip: 0.02 kB
@module-federation/runtime-core:build: ℹ [runtime-core-build] [CJS] dist/shared/index.cjs.map                      34.84 kB │ gzip: 8.17 kB
@module-federation/runtime-core:build: ℹ [runtime-core-build] [CJS] dist/remote/index.cjs.map                      34.63 kB │ gzip: 8.86 kB
@module-federation/runtime-core:build: ℹ [runtime-core-build] [CJS] dist/core.cjs.map                              23.93 kB │ gzip: 6.32 kB
@module-federation/runtime-core:build: ℹ [runtime-core-build] [CJS] dist/utils/share.cjs.map                       21.21 kB │ gzip: 5.80 kB
@module-federation/runtime-core:build: ℹ [runtime-core-build] [CJS] dist/plugins/snapshot/SnapshotHandler.cjs.map  20.47 kB │ gzip: 4.99 kB
@module-federation/runtime-core:build: ℹ [runtime-core-build] [CJS] dist/shared/index.cjs                          17.25 kB │ gzip: 3.67 kB
@module-federation/runtime-core:build: ℹ [runtime-core-build] [CJS] dist/module/index.cjs.map                      16.87 kB │ gzip: 4.16 kB
@module-federation/runtime-core:build: ℹ [runtime-core-build] [CJS] dist/remote/index.cjs                          16.70 kB │ gzip: 4.20 kB
@module-federation/runtime-core:build: ℹ [runtime-core-build] [CJS] dist/plugins/generate-preload-assets.cjs.map   16.06 kB │ gzip: 4.55 kB
@module-federation/runtime-core:build: ℹ [runtime-core-build] [CJS] dist/global.cjs.map                            14.48 kB │ gzip: 4.39 kB
@module-federation/runtime-core:build: ℹ [runtime-core-build] [CJS] dist/utils/preload.cjs.map                     13.16 kB │ gzip: 3.45 kB
@module-federation/runtime-core:build: ℹ [runtime-core-build] [CJS] dist/utils/semver/parser.cjs.map               11.03 kB │ gzip: 2.55 kB
@module-federation/runtime-core:build: ℹ [runtime-core-build] [CJS] dist/platform/web.cjs.map                      10.94 kB │ gzip: 3.44 kB
@module-federation/runtime-core:build: ℹ [runtime-core-build] [CJS] dist/utils/load.cjs.map                        10.77 kB │ gzip: 3.30 kB
@module-federation/runtime-core:build: ℹ [runtime-core-build] [CJS] dist/utils/share.cjs                           10.64 kB │ gzip: 2.88 kB
@module-federation/runtime-core:build: ℹ [runtime-core-build] [CJS] dist/core.cjs                                  10.53 kB │ gzip: 2.61 kB
@module-federation/runtime-core:build: ℹ [runtime-core-build] [CJS] dist/plugins/snapshot/SnapshotHandler.cjs      10.39 kB │ gzip: 2.32 kB
@module-federation/runtime-core:build: ℹ [runtime-core-build] [CJS] dist/module/index.cjs                           8.99 kB │ gzip: 2.04 kB
@module-federation/runtime-core:build: ℹ [runtime-core-build] [CJS] dist/utils/semver/index.cjs.map                 8.61 kB │ gzip: 3.06 kB
@module-federation/runtime-core:build: ℹ [runtime-core-build] [CJS] dist/global.cjs                                 8.30 kB │ gzip: 2.17 kB
@module-federation/runtime-core:build: ℹ [runtime-core-build] [CJS] dist/plugins/generate-preload-assets.cjs        7.91 kB │ gzip: 2.18 kB
@module-federation/runtime-core:build: ℹ [runtime-core-build] [CJS] dist/utils/preload.cjs                          6.67 kB │ gzip: 1.79 kB
@module-federation/runtime-core:build: ℹ [runtime-core-build] [CJS] dist/runtimeImage.cjs.map                       6.28 kB │ gzip: 2.13 kB
@module-federation/runtime-core:build: ℹ [runtime-core-build] [CJS] dist/utils/load.cjs                             5.83 kB │ gzip: 1.58 kB
@module-federation/runtime-core:build: ℹ [runtime-core-build] [CJS] dist/plugins/snapshot/index.cjs.map             5.22 kB │ gzip: 1.78 kB
@module-federation/runtime-core:build: ℹ [runtime-core-build] [CJS] dist/utils/semver/parser.cjs                    5.11 kB │ gzip: 1.03 kB
@module-federation/runtime-core:build: ℹ [runtime-core-build] [CJS] dist/utils/tool.cjs.map                         5.00 kB │ gzip: 1.90 kB
@module-federation/runtime-core:build: ℹ [runtime-core-build] [CJS] dist/utils/semver/compare.cjs.map               4.60 kB │ gzip: 1.51 kB
@module-federation/runtime-core:build: ℹ [runtime-core-build] [CJS] dist/platform/node.cjs.map                      4.38 kB │ gzip: 1.77 kB
@module-federation/runtime-core:build: ℹ [runtime-core-build] [CJS] dist/index.cjs.map                              4.03 kB │ gzip: 1.31 kB
@module-federation/runtime-core:build: ℹ [runtime-core-build] [CJS] dist/utils/semver/constants.cjs.map             3.71 kB │ gzip: 1.43 kB
@module-federation/runtime-core:build: ℹ [runtime-core-build] [CJS] dist/runtimeImage.cjs                           3.45 kB │ gzip: 1.14 kB
@module-federation/runtime-core:build: ℹ [runtime-core-build] [CJS] dist/utils/manifest.cjs.map                     3.39 kB │ gzip: 1.09 kB
@module-federation/runtime-core:build: ℹ [runtime-core-build] [CJS] dist/utils/semver/utils.cjs.map                 3.29 kB │ gzip: 1.23 kB
@module-federation/runtime-core:build: ℹ [runtime-core-build] [CJS] dist/utils/plugin.cjs.map                       3.24 kB │ gzip: 1.16 kB
@module-federation/runtime-core:build: ℹ [runtime-core-build] [CJS] dist/utils/logger.cjs.map                       3.13 kB │ gzip: 1.08 kB
@module-federation/runtime-core:build: ℹ [runtime-core-build] [CJS] dist/plugins/snapshot/index.cjs                 3.07 kB │ gzip: 1.07 kB
@module-federation/runtime-core:build: ℹ [runtime-core-build] [CJS] dist/helpers.cjs.map                            2.92 kB │ gzip: 0.70 kB
@module-federation/runtime-core:build: ℹ [runtime-core-build] [CJS] dist/utils/tool.cjs                             2.85 kB │ gzip: 1.03 kB
@module-federation/runtime-core:build: ℹ [runtime-core-build] [CJS] dist/utils/semver/index.cjs                     2.77 kB │ gzip: 0.86 kB
@module-federation/runtime-core:build: ℹ [runtime-core-build] [CJS] dist/utils/hooks/asyncWaterfallHooks.cjs.map    2.44 kB │ gzip: 1.08 kB
@module-federation/runtime-core:build: ℹ [runtime-core-build] [CJS] dist/utils/context.cjs.map                      2.36 kB │ gzip: 1.02 kB
@module-federation/runtime-core:build: ℹ [runtime-core-build] [CJS] dist/utils/hooks/pluginSystem.cjs.map           2.24 kB │ gzip: 0.92 kB
@module-federation/runtime-core:build: ℹ [runtime-core-build] [CJS] dist/utils/hooks/syncWaterfallHook.cjs.map      2.21 kB │ gzip: 1.05 kB
@module-federation/runtime-core:build: ℹ [runtime-core-build] [CJS] dist/remote/disabled.cjs.map                    2.06 kB │ gzip: 0.83 kB
@module-federation/runtime-core:build: ℹ [runtime-core-build] [CJS] dist/utils/semver/constants.cjs                 2.04 kB │ gzip: 0.63 kB
@module-federation/runtime-core:build: ℹ [runtime-core-build] [CJS] dist/utils/semver/compare.cjs                   1.99 kB │ gzip: 0.55 kB
@module-federation/runtime-core:build: ℹ [runtime-core-build] [CJS] dist/helpers.cjs                                1.89 kB │ gzip: 0.53 kB
@module-federation/runtime-core:build: ℹ [runtime-core-build] [CJS] dist/utils/hooks/syncHook.cjs.map               1.87 kB │ gzip: 0.85 kB
@module-federation/runtime-core:build: ℹ [runtime-core-build] [CJS] dist/shared/disabled.cjs.map                    1.83 kB │ gzip: 0.82 kB
@module-federation/runtime-core:build: ℹ [runtime-core-build] [CJS] dist/utils/plugin.cjs                           1.74 kB │ gzip: 0.64 kB
@module-federation/runtime-core:build: ℹ [runtime-core-build] [CJS] dist/utils/hooks/asyncHook.cjs.map              1.69 kB │ gzip: 0.77 kB
@module-federation/runtime-core:build: ℹ [runtime-core-build] [CJS] dist/utils/manifest.cjs                         1.62 kB │ gzip: 0.52 kB
@module-federation/runtime-core:build: ℹ [runtime-core-build] [CJS] dist/utils/hooks/asyncWaterfallHooks.cjs        1.40 kB │ gzip: 0.57 kB
@module-federation/runtime-core:build: ℹ [runtime-core-build] [CJS] dist/remote/disabled.cjs                        1.34 kB │ gzip: 0.49 kB
@module-federation/runtime-core:build: ℹ [runtime-core-build] [CJS] dist/utils/logger.cjs                           1.33 kB │ gzip: 0.52 kB
@module-federation/runtime-core:build: ℹ [runtime-core-build] [CJS] dist/utils/hooks/pluginSystem.cjs               1.29 kB │ gzip: 0.49 kB
@module-federation/runtime-core:build: ℹ [runtime-core-build] [CJS] dist/utils/hooks/syncWaterfallHook.cjs          1.25 kB │ gzip: 0.54 kB
@module-federation/runtime-core:build: ℹ [runtime-core-build] [CJS] dist/utils/context.cjs                          1.18 kB │ gzip: 0.56 kB
@module-federation/runtime-core:build: ℹ [runtime-core-build] [CJS] dist/shared/disabled.cjs                        1.11 kB │ gzip: 0.50 kB
@module-federation/runtime-core:build: ℹ [runtime-core-build] [CJS] dist/utils/semver/utils.cjs                     0.86 kB │ gzip: 0.40 kB
@module-federation/runtime-core:build: ℹ [runtime-core-build] [CJS] dist/platform/universal.cjs.map                 0.77 kB │ gzip: 0.43 kB
@module-federation/runtime-core:build: ℹ [runtime-core-build] [CJS] dist/utils/hooks/syncHook.cjs                   0.77 kB │ gzip: 0.40 kB
@module-federation/runtime-core:build: ℹ [runtime-core-build] [CJS] dist/utils/hooks/asyncHook.cjs                  0.72 kB │ gzip: 0.38 kB
@module-federation/runtime-core:build: ℹ [runtime-core-build] [CJS] dist/utils/env.cjs.map                          0.53 kB │ gzip: 0.35 kB
@module-federation/runtime-core:build: ℹ [runtime-core-build] [CJS] dist/plugins/snapshot/disabled.cjs.map          0.53 kB │ gzip: 0.31 kB
@module-federation/runtime-core:build: ℹ [runtime-core-build] [CJS] dist/utils/index.cjs                            0.40 kB │ gzip: 0.17 kB
@module-federation/runtime-core:build: ℹ [runtime-core-build] [CJS] dist/plugins/snapshot/disabled.cjs              0.39 kB │ gzip: 0.23 kB
@module-federation/runtime-core:build: ℹ [runtime-core-build] [CJS] dist/_virtual/_rolldown/runtime.cjs             0.38 kB │ gzip: 0.26 kB
@module-federation/runtime-core:build: ℹ [runtime-core-build] [CJS] dist/type/index.cjs                             0.34 kB │ gzip: 0.24 kB
@module-federation/runtime-core:build: ℹ [runtime-core-build] [CJS] dist/utils/hooks/index.cjs                      0.31 kB │ gzip: 0.12 kB
@module-federation/runtime-core:build: ℹ [runtime-core-build] [CJS] dist/utils/env.cjs                              0.31 kB │ gzip: 0.23 kB
@module-federation/runtime-core:build: ℹ [runtime-core-build] [CJS] dist/constant.cjs                               0.24 kB │ gzip: 0.16 kB
@module-federation/runtime-core:build: ℹ [runtime-core-build] [CJS] dist/constant.cjs.map                           0.24 kB │ gzip: 0.19 kB
@module-federation/runtime-core:build: ℹ [runtime-core-build] [CJS] dist/type/index.cjs.map                         0.23 kB │ gzip: 0.16 kB
@module-federation/runtime-core:build: ℹ [runtime-core-build] [CJS] 84 files, total: 463.63 kB
@module-federation/runtime-core:build: ✔ [runtime-core-build] Build complete in 3158ms
@module-federation/runtime-core:build: ℹ [runtime-core-build] [ESM] dist/platform/web.js                           5.28 kB │ gzip: 1.67 kB
@module-federation/runtime-core:build: ℹ [runtime-core-build] [ESM] dist/index.js                                  3.21 kB │ gzip: 0.92 kB
@module-federation/runtime-core:build: ℹ [runtime-core-build] [ESM] dist/platform/node.js                          2.15 kB │ gzip: 0.86 kB
@module-federation/runtime-core:build: ℹ [runtime-core-build] [ESM] dist/kernel.js                                 0.57 kB │ gzip: 0.23 kB
@module-federation/runtime-core:build: ℹ [runtime-core-build] [ESM] dist/platform/universal.js                     0.44 kB │ gzip: 0.27 kB
@module-federation/runtime-core:build: ℹ [runtime-core-build] [ESM] dist/plugins/snapshot/capability.js            0.06 kB │ gzip: 0.07 kB
@module-federation/runtime-core:build: ℹ [runtime-core-build] [ESM] dist/remote/capability.js                      0.06 kB │ gzip: 0.06 kB
@module-federation/runtime-core:build: ℹ [runtime-core-build] [ESM] dist/shared/capability.js                      0.06 kB │ gzip: 0.06 kB
@module-federation/runtime-core:build: ℹ [runtime-core-build] [ESM] dist/types.js                                  0.01 kB │ gzip: 0.03 kB
@module-federation/runtime-core:build: ℹ [runtime-core-build] [ESM] dist/shared/index.js.map                      34.49 kB │ gzip: 8.04 kB
@module-federation/runtime-core:build: ℹ [runtime-core-build] [ESM] dist/remote/index.js.map                      34.12 kB │ gzip: 8.66 kB
@module-federation/runtime-core:build: ℹ [runtime-core-build] [ESM] dist/core.js.map                              23.61 kB │ gzip: 6.18 kB
@module-federation/runtime-core:build: ℹ [runtime-core-build] [ESM] dist/utils/share.js.map                       21.12 kB │ gzip: 5.76 kB
@module-federation/runtime-core:build: ℹ [runtime-core-build] [ESM] dist/plugins/snapshot/SnapshotHandler.js.map  20.15 kB │ gzip: 4.87 kB
@module-federation/runtime-core:build: ℹ [runtime-core-build] [ESM] dist/module/index.js.map                      16.72 kB │ gzip: 4.10 kB
@module-federation/runtime-core:build: ℹ [runtime-core-build] [ESM] dist/shared/index.js                          16.52 kB │ gzip: 3.64 kB
@module-federation/runtime-core:build: ℹ [runtime-core-build] [ESM] dist/plugins/generate-preload-assets.js.map   15.86 kB │ gzip: 4.49 kB
@module-federation/runtime-core:build: ℹ [runtime-core-build] [ESM] dist/remote/index.js                          15.82 kB │ gzip: 4.15 kB
@module-federation/runtime-core:build: ℹ [runtime-core-build] [ESM] dist/global.js.map                            14.46 kB │ gzip: 4.38 kB
@module-federation/runtime-core:build: ℹ [runtime-core-build] [ESM] dist/utils/preload.js.map                     13.09 kB │ gzip: 3.41 kB
@module-federation/runtime-core:build: ℹ [runtime-core-build] [ESM] dist/utils/semver/parser.js.map               10.84 kB │ gzip: 2.45 kB
@module-federation/runtime-core:build: ℹ [runtime-core-build] [ESM] dist/platform/web.js.map                      10.78 kB │ gzip: 3.39 kB
@module-federation/runtime-core:build: ℹ [runtime-core-build] [ESM] dist/utils/load.js.map                        10.61 kB │ gzip: 3.24 kB
@module-federation/runtime-core:build: ℹ [runtime-core-build] [ESM] dist/utils/share.js                           10.22 kB │ gzip: 2.83 kB
@module-federation/runtime-core:build: ℹ [runtime-core-build] [ESM] dist/plugins/snapshot/SnapshotHandler.js       9.75 kB │ gzip: 2.28 kB
@module-federation/runtime-core:build: ℹ [runtime-core-build] [ESM] dist/core.js                                   9.37 kB │ gzip: 2.54 kB
@module-federation/runtime-core:build: ℹ [runtime-core-build] [ESM] dist/module/index.js                           8.64 kB │ gzip: 2.01 kB
@module-federation/runtime-core:build: ℹ [runtime-core-build] [ESM] dist/utils/semver/index.js.map                 8.39 kB │ gzip: 3.00 kB
@module-federation/runtime-core:build: ℹ [runtime-core-build] [ESM] dist/plugins/generate-preload-assets.js        7.76 kB │ gzip: 2.15 kB
@module-federation/runtime-core:build: ℹ [runtime-core-build] [ESM] dist/global.js                                 7.45 kB │ gzip: 2.07 kB
@module-federation/runtime-core:build: ℹ [runtime-core-build] [ESM] dist/utils/preload.js                          6.41 kB │ gzip: 1.74 kB
@module-federation/runtime-core:build: ℹ [runtime-core-build] [ESM] dist/runtimeImage.js.map                       6.28 kB │ gzip: 2.13 kB
@module-federation/runtime-core:build: ℹ [runtime-core-build] [ESM] dist/utils/load.js                             5.35 kB │ gzip: 1.52 kB
@module-federation/runtime-core:build: ℹ [runtime-core-build] [ESM] dist/plugins/snapshot/index.js.map             5.05 kB │ gzip: 1.73 kB
@module-federation/runtime-core:build: ℹ [runtime-core-build] [ESM] dist/utils/tool.js.map                         5.00 kB │ gzip: 1.89 kB
@module-federation/runtime-core:build: ℹ [runtime-core-build] [ESM] dist/utils/semver/compare.js.map               4.60 kB │ gzip: 1.51 kB
@module-federation/runtime-core:build: ℹ [runtime-core-build] [ESM] dist/utils/semver/parser.js                    4.49 kB │ gzip: 1.00 kB
@module-federation/runtime-core:build: ℹ [runtime-core-build] [ESM] dist/platform/node.js.map                      4.31 kB │ gzip: 1.75 kB
@module-federation/runtime-core:build: ℹ [runtime-core-build] [ESM] dist/index.js.map                              3.88 kB │ gzip: 1.27 kB
@module-federation/runtime-core:build: ℹ [runtime-core-build] [ESM] dist/utils/semver/constants.js.map             3.71 kB │ gzip: 1.42 kB
@module-federation/runtime-core:build: ℹ [runtime-core-build] [ESM] dist/utils/manifest.js.map                     3.39 kB │ gzip: 1.08 kB
@module-federation/runtime-core:build: ℹ [runtime-core-build] [ESM] dist/utils/semver/utils.js.map                 3.27 kB │ gzip: 1.22 kB
@module-federation/runtime-core:build: ℹ [runtime-core-build] [ESM] dist/runtimeImage.js                           3.22 kB │ gzip: 1.12 kB
@module-federation/runtime-core:build: ℹ [runtime-core-build] [ESM] dist/utils/plugin.js.map                       3.20 kB │ gzip: 1.15 kB
@module-federation/runtime-core:build: ℹ [runtime-core-build] [ESM] dist/utils/logger.js.map                       3.15 kB │ gzip: 1.09 kB
@module-federation/runtime-core:build: ℹ [runtime-core-build] [ESM] dist/helpers.js.map                            2.92 kB │ gzip: 0.70 kB
@module-federation/runtime-core:build: ℹ [runtime-core-build] [ESM] dist/plugins/snapshot/index.js                 2.85 kB │ gzip: 1.02 kB
@module-federation/runtime-core:build: ℹ [runtime-core-build] [ESM] dist/utils/semver/index.js                     2.65 kB │ gzip: 0.85 kB
@module-federation/runtime-core:build: ℹ [runtime-core-build] [ESM] dist/utils/tool.js                             2.49 kB │ gzip: 0.96 kB
@module-federation/runtime-core:build: ℹ [runtime-core-build] [ESM] dist/utils/hooks/asyncWaterfallHooks.js.map    2.38 kB │ gzip: 1.05 kB
@module-federation/runtime-core:build: ℹ [runtime-core-build] [ESM] dist/utils/context.js.map                      2.36 kB │ gzip: 1.02 kB
@module-federation/runtime-core:build: ℹ [runtime-core-build] [ESM] dist/utils/hooks/pluginSystem.js.map           2.22 kB │ gzip: 0.91 kB
@module-federation/runtime-core:build: ℹ [runtime-core-build] [ESM] dist/utils/hooks/syncWaterfallHook.js.map      2.17 kB │ gzip: 1.03 kB
@module-federation/runtime-core:build: ℹ [runtime-core-build] [ESM] dist/remote/disabled.js.map                    2.01 kB │ gzip: 0.81 kB
@module-federation/runtime-core:build: ℹ [runtime-core-build] [ESM] dist/utils/semver/compare.js                   1.98 kB │ gzip: 0.55 kB
@module-federation/runtime-core:build: ℹ [runtime-core-build] [ESM] dist/utils/hooks/syncHook.js.map               1.87 kB │ gzip: 0.84 kB
@module-federation/runtime-core:build: ℹ [runtime-core-build] [ESM] dist/utils/semver/constants.js                 1.86 kB │ gzip: 0.60 kB
@module-federation/runtime-core:build: ℹ [runtime-core-build] [ESM] dist/shared/disabled.js.map                    1.79 kB │ gzip: 0.81 kB
@module-federation/runtime-core:build: ℹ [runtime-core-build] [ESM] dist/utils/hooks/asyncHook.js.map              1.68 kB │ gzip: 0.77 kB
@module-federation/runtime-core:build: ℹ [runtime-core-build] [ESM] dist/utils/plugin.js                           1.66 kB │ gzip: 0.63 kB
@module-federation/runtime-core:build: ℹ [runtime-core-build] [ESM] dist/utils/manifest.js                         1.54 kB │ gzip: 0.50 kB
@module-federation/runtime-core:build: ℹ [runtime-core-build] [ESM] dist/helpers.js                                1.47 kB │ gzip: 0.50 kB
@module-federation/runtime-core:build: ℹ [runtime-core-build] [ESM] dist/utils/hooks/asyncWaterfallHooks.js        1.25 kB │ gzip: 0.56 kB
@module-federation/runtime-core:build: ℹ [runtime-core-build] [ESM] dist/remote/disabled.js                        1.22 kB │ gzip: 0.47 kB
@module-federation/runtime-core:build: ℹ [runtime-core-build] [ESM] dist/utils/hooks/pluginSystem.js               1.20 kB │ gzip: 0.48 kB
@module-federation/runtime-core:build: ℹ [runtime-core-build] [ESM] dist/utils/logger.js                           1.17 kB │ gzip: 0.49 kB
@module-federation/runtime-core:build: ℹ [runtime-core-build] [ESM] dist/utils/context.js                          1.16 kB │ gzip: 0.55 kB
@module-federation/runtime-core:build: ℹ [runtime-core-build] [ESM] dist/utils/hooks/syncWaterfallHook.js          1.10 kB │ gzip: 0.52 kB
@module-federation/runtime-core:build: ℹ [runtime-core-build] [ESM] dist/shared/disabled.js                        1.03 kB │ gzip: 0.49 kB
@module-federation/runtime-core:build: ℹ [runtime-core-build] [ESM] dist/utils/hooks/syncHook.js                   0.76 kB │ gzip: 0.40 kB
@module-federation/runtime-core:build: ℹ [runtime-core-build] [ESM] dist/platform/universal.js.map                 0.74 kB │ gzip: 0.42 kB
@module-federation/runtime-core:build: ℹ [runtime-core-build] [ESM] dist/utils/semver/utils.js                     0.73 kB │ gzip: 0.38 kB
@module-federation/runtime-core:build: ℹ [runtime-core-build] [ESM] dist/utils/hooks/asyncHook.js                  0.68 kB │ gzip: 0.38 kB
@module-federation/runtime-core:build: ℹ [runtime-core-build] [ESM] dist/utils/index.js                            0.67 kB │ gzip: 0.34 kB
@module-federation/runtime-core:build: ℹ [runtime-core-build] [ESM] dist/utils/env.js.map                          0.53 kB │ gzip: 0.35 kB
@module-federation/runtime-core:build: ℹ [runtime-core-build] [ESM] dist/plugins/snapshot/disabled.js.map          0.51 kB │ gzip: 0.30 kB
@module-federation/runtime-core:build: ℹ [runtime-core-build] [ESM] dist/_virtual/_rolldown/runtime.js             0.37 kB │ gzip: 0.26 kB
@module-federation/runtime-core:build: ℹ [runtime-core-build] [ESM] dist/plugins/snapshot/disabled.js              0.33 kB │ gzip: 0.22 kB
@module-federation/runtime-core:build: ℹ [runtime-core-build] [ESM] dist/utils/hooks/index.js                      0.27 kB │ gzip: 0.12 kB
@module-federation/runtime-core:build: ℹ [runtime-core-build] [ESM] dist/utils/env.js                              0.26 kB │ gzip: 0.21 kB
@module-federation/runtime-core:build: ℹ [runtime-core-build] [ESM] dist/constant.js.map                           0.24 kB │ gzip: 0.19 kB
@module-federation/runtime-core:build: ℹ [runtime-core-build] [ESM] dist/type/index.js.map                         0.23 kB │ gzip: 0.16 kB
@module-federation/runtime-core:build: ℹ [runtime-core-build] [ESM] dist/type/index.js                             0.22 kB │ gzip: 0.17 kB
@module-federation/runtime-core:build: ℹ [runtime-core-build] [ESM] dist/constant.js                               0.19 kB │ gzip: 0.15 kB
@module-federation/runtime-core:build: ℹ [runtime-core-build] [ESM] dist/index.d.ts                                2.60 kB │ gzip: 0.78 kB
@module-federation/runtime-core:build: ℹ [runtime-core-build] [ESM] dist/types.d.ts                                2.04 kB │ gzip: 0.54 kB
@module-federation/runtime-core:build: ℹ [runtime-core-build] [ESM] dist/kernel.d.ts                               1.25 kB │ gzip: 0.40 kB
@module-federation/runtime-core:build: ℹ [runtime-core-build] [ESM] dist/platform/web.d.ts                         0.45 kB │ gzip: 0.27 kB
@module-federation/runtime-core:build: ℹ [runtime-core-build] [ESM] dist/platform/node.d.ts                        0.44 kB │ gzip: 0.27 kB
@module-federation/runtime-core:build: ℹ [runtime-core-build] [ESM] dist/platform/universal.d.ts                   0.20 kB │ gzip: 0.16 kB
@module-federation/runtime-core:build: ℹ [runtime-core-build] [ESM] dist/plugins/snapshot/capability.d.ts          0.06 kB │ gzip: 0.06 kB
@module-federation/runtime-core:build: ℹ [runtime-core-build] [ESM] dist/remote/capability.d.ts                    0.06 kB │ gzip: 0.06 kB
@module-federation/runtime-core:build: ℹ [runtime-core-build] [ESM] dist/shared/capability.d.ts                    0.06 kB │ gzip: 0.06 kB
@module-federation/runtime-core:build: ℹ [runtime-core-build] [ESM] dist/core.d.ts                                 8.40 kB │ gzip: 1.91 kB
@module-federation/runtime-core:build: ℹ [runtime-core-build] [ESM] dist/remote/index.d.ts                         4.87 kB │ gzip: 1.23 kB
@module-federation/runtime-core:build: ℹ [runtime-core-build] [ESM] dist/type/config.d.ts                          4.45 kB │ gzip: 1.41 kB
@module-federation/runtime-core:build: ℹ [runtime-core-build] [ESM] dist/shared/index.d.ts                         4.29 kB │ gzip: 1.16 kB
@module-federation/runtime-core:build: ℹ [runtime-core-build] [ESM] dist/global.d.ts                               3.32 kB │ gzip: 1.03 kB
@module-federation/runtime-core:build: ℹ [runtime-core-build] [ESM] dist/plugins/snapshot/SnapshotHandler.d.ts     2.97 kB │ gzip: 0.81 kB
@module-federation/runtime-core:build: ℹ [runtime-core-build] [ESM] dist/type/capability.d.ts                      2.70 kB │ gzip: 0.84 kB
@module-federation/runtime-core:build: ℹ [runtime-core-build] [ESM] dist/type/index.d.ts                           2.16 kB │ gzip: 0.61 kB
@module-federation/runtime-core:build: ℹ [runtime-core-build] [ESM] dist/type/plugin.d.ts                          1.90 kB │ gzip: 0.50 kB
@module-federation/runtime-core:build: ℹ [runtime-core-build] [ESM] dist/type/preload.d.ts                         1.83 kB │ gzip: 0.68 kB
@module-federation/runtime-core:build: ℹ [runtime-core-build] [ESM] dist/helpers.d.ts                              1.72 kB │ gzip: 0.47 kB
@module-federation/runtime-core:build: ℹ [runtime-core-build] [ESM] dist/module/index.d.ts                         1.27 kB │ gzip: 0.51 kB
@module-federation/runtime-core:build: ℹ [runtime-core-build] [ESM] dist/runtimeImage.d.ts                         0.91 kB │ gzip: 0.37 kB
@module-federation/runtime-core:build: ℹ [runtime-core-build] [ESM] dist/utils/share.d.ts                          0.82 kB │ gzip: 0.38 kB
@module-federation/runtime-core:build: ℹ [runtime-core-build] [ESM] dist/utils/load.d.ts                           0.67 kB │ gzip: 0.34 kB
@module-federation/runtime-core:build: ℹ [runtime-core-build] [ESM] dist/utils/logger.d.ts                         0.64 kB │ gzip: 0.29 kB
@module-federation/runtime-core:build: ℹ [runtime-core-build] [ESM] dist/utils/preload.d.ts                        0.55 kB │ gzip: 0.29 kB
@module-federation/runtime-core:build: ℹ [runtime-core-build] [ESM] dist/utils/hooks/pluginSystem.d.ts             0.53 kB │ gzip: 0.31 kB
@module-federation/runtime-core:build: ℹ [runtime-core-build] [ESM] dist/utils/hooks/syncHook.d.ts                 0.52 kB │ gzip: 0.30 kB
@module-federation/runtime-core:build: ℹ [runtime-core-build] [ESM] dist/utils/hooks/asyncWaterfallHooks.d.ts      0.46 kB │ gzip: 0.29 kB
@module-federation/runtime-core:build: ℹ [runtime-core-build] [ESM] dist/utils/tool.d.ts                           0.44 kB │ gzip: 0.30 kB
@module-federation/runtime-core:build: ℹ [runtime-core-build] [ESM] dist/utils/hooks/asyncHook.d.ts                0.43 kB │ gzip: 0.25 kB
@module-federation/runtime-core:build: ℹ [runtime-core-build] [ESM] dist/utils/hooks/syncWaterfallHook.d.ts        0.39 kB │ gzip: 0.26 kB
@module-federation/runtime-core:build: ℹ [runtime-core-build] [ESM] dist/utils/manifest.d.ts                       0.33 kB │ gzip: 0.23 kB
@module-federation/runtime-core:build: ℹ [runtime-core-build] [ESM] dist/plugins/snapshot/index.d.ts               0.28 kB │ gzip: 0.20 kB
@module-federation/runtime-core:build: ℹ [runtime-core-build] [ESM] dist/utils/index.d.ts                          0.23 kB │ gzip: 0.16 kB
@module-federation/runtime-core:build: ℹ [runtime-core-build] [ESM] dist/utils/semver/index.d.ts                   0.17 kB │ gzip: 0.15 kB
@module-federation/runtime-core:build: ℹ [runtime-core-build] [ESM] dist/utils/context.d.ts                        0.06 kB │ gzip: 0.08 kB
@module-federation/runtime-core:build: ℹ [runtime-core-build] [ESM] dist/utils/env.d.ts                            0.01 kB │ gzip: 0.03 kB
@module-federation/runtime-core:build: ℹ [runtime-core-build] [ESM] dist/utils/plugin.d.ts                         0.01 kB │ gzip: 0.03 kB
@module-federation/runtime-core:build: ℹ [runtime-core-build] [ESM] 123 files, total: 502.10 kB
@module-federation/runtime-core:build: ✔ [runtime-core-build] Build complete in 3198ms
@module-federation/runtime-core:build: [33m[PLUGIN_TIMINGS] Warning:[0m Your build spent significant time in plugins. Here is a breakdown:
@module-federation/runtime-core:build:   - rolldown-plugin-dts:resolver (54%)
@module-federation/runtime-core:build:   - rolldown-plugin-dts:generate (34%)
@module-federation/runtime-core:build: See https://rolldown.rs/options/checks#plugintimings for more details.
@module-federation/runtime-core:build: 
@module-federation/runtime:build: cache bypass, force executing c6a6075ffe1ae116
@module-federation/runtime:build: 
@module-federation/runtime:build: > @module-federation/runtime@2.9.2 build /Users/zackjackson/Documents/Codex/2026-10-02/task-4/stack5141/packages/runtime
@module-federation/runtime:build: > tsdown --config tsdown.config.ts
@module-federation/runtime:build: 
@module-federation/runtime:build: ℹ tsdown v0.20.3 powered by rolldown v1.0.0-rc.3
@module-federation/runtime:build: ℹ config file: /Users/zackjackson/Documents/Codex/2026-10-02/task-4/stack5141/packages/runtime/tsdown.config.ts 
@module-federation/runtime:build: ℹ [runtime-build] entry: src/index.ts, src/helpers.ts, src/types.ts, src/core.ts, src/bundler.ts, src/compose.ts
@module-federation/runtime:build: ℹ [runtime-build] tsconfig: tsconfig.lib.json
@module-federation/runtime:build: ℹ Build start
@module-federation/runtime:build: ℹ Cleaning 35 files
@module-federation/runtime:build: ℹ [runtime-build] [CJS] dist/index.cjs                       4.81 kB │ gzip: 0.82 kB
@module-federation/runtime:build: ℹ [runtime-build] [CJS] dist/bundler.cjs                     1.94 kB │ gzip: 0.44 kB
@module-federation/runtime:build: ℹ [runtime-build] [CJS] dist/helpers.cjs                     0.81 kB │ gzip: 0.37 kB
@module-federation/runtime:build: ℹ [runtime-build] [CJS] dist/compose.cjs                     0.81 kB │ gzip: 0.36 kB
@module-federation/runtime:build: ℹ [runtime-build] [CJS] dist/core.cjs                        0.79 kB │ gzip: 0.40 kB
@module-federation/runtime:build: ℹ [runtime-build] [CJS] dist/types.cjs                       0.46 kB │ gzip: 0.27 kB
@module-federation/runtime:build: ℹ [runtime-build] [CJS] dist/instance.cjs.map                8.32 kB │ gzip: 2.65 kB
@module-federation/runtime:build: ℹ [runtime-build] [CJS] dist/index.cjs.map                   5.18 kB │ gzip: 1.26 kB
@module-federation/runtime:build: ℹ [runtime-build] [CJS] dist/instance.cjs                    4.94 kB │ gzip: 1.48 kB
@module-federation/runtime:build: ℹ [runtime-build] [CJS] dist/helpers.cjs.map                 1.30 kB │ gzip: 0.51 kB
@module-federation/runtime:build: ℹ [runtime-build] [CJS] dist/compose.cjs.map                 1.30 kB │ gzip: 0.55 kB
@module-federation/runtime:build: ℹ [runtime-build] [CJS] dist/_virtual/_rolldown/runtime.cjs  1.04 kB │ gzip: 0.52 kB
@module-federation/runtime:build: ℹ [runtime-build] [CJS] dist/core.cjs.map                    0.28 kB │ gzip: 0.18 kB
@module-federation/runtime:build: ℹ [runtime-build] [CJS] 13 files, total: 32.00 kB
@module-federation/runtime:build: ℹ [runtime-build] [CJS] dist/index.d.ts     1.85 kB │ gzip: 0.51 kB
@module-federation/runtime:build: ℹ [runtime-build] [CJS] dist/helpers.d.ts   1.06 kB │ gzip: 0.42 kB
@module-federation/runtime:build: ℹ [runtime-build] [CJS] dist/bundler.d.ts   0.68 kB │ gzip: 0.20 kB
@module-federation/runtime:build: ℹ [runtime-build] [CJS] dist/compose.d.ts   0.42 kB │ gzip: 0.23 kB
@module-federation/runtime:build: ℹ [runtime-build] [CJS] dist/core.d.ts      0.15 kB │ gzip: 0.10 kB
@module-federation/runtime:build: ℹ [runtime-build] [CJS] dist/types.d.ts     0.05 kB │ gzip: 0.07 kB
@module-federation/runtime:build: ℹ [runtime-build] [CJS] dist/instance.d.ts  0.36 kB │ gzip: 0.23 kB
@module-federation/runtime:build: ℹ [runtime-build] [CJS] 7 files, total: 4.57 kB
@module-federation/runtime:build: ✔ [runtime-build] Build complete in 918ms
@module-federation/runtime:build: ℹ [runtime-build] [ESM] dist/index.js         2.35 kB │ gzip: 0.60 kB
@module-federation/runtime:build: ℹ [runtime-build] [ESM] dist/compose.js       0.58 kB │ gzip: 0.27 kB
@module-federation/runtime:build: ℹ [runtime-build] [ESM] dist/bundler.js       0.55 kB │ gzip: 0.18 kB
@module-federation/runtime:build: ℹ [runtime-build] [ESM] dist/helpers.js       0.43 kB │ gzip: 0.25 kB
@module-federation/runtime:build: ℹ [runtime-build] [ESM] dist/core.js          0.25 kB │ gzip: 0.17 kB
@module-federation/runtime:build: ℹ [runtime-build] [ESM] dist/types.js         0.07 kB │ gzip: 0.08 kB
@module-federation/runtime:build: ℹ [runtime-build] [ESM] dist/instance.js.map  8.28 kB │ gzip: 2.64 kB
@module-federation/runtime:build: ℹ [runtime-build] [ESM] dist/index.js.map     5.02 kB │ gzip: 1.22 kB
@module-federation/runtime:build: ℹ [runtime-build] [ESM] dist/instance.js      4.51 kB │ gzip: 1.36 kB
@module-federation/runtime:build: ℹ [runtime-build] [ESM] dist/helpers.js.map   1.29 kB │ gzip: 0.51 kB
@module-federation/runtime:build: ℹ [runtime-build] [ESM] dist/compose.js.map   1.26 kB │ gzip: 0.54 kB
@module-federation/runtime:build: ℹ [runtime-build] [ESM] dist/core.js.map      0.27 kB │ gzip: 0.18 kB
@module-federation/runtime:build: ℹ [runtime-build] [ESM] dist/index.d.ts       1.85 kB │ gzip: 0.51 kB
@module-federation/runtime:build: ℹ [runtime-build] [ESM] dist/helpers.d.ts     1.06 kB │ gzip: 0.42 kB
@module-federation/runtime:build: ℹ [runtime-build] [ESM] dist/bundler.d.ts     0.68 kB │ gzip: 0.20 kB
@module-federation/runtime:build: ℹ [runtime-build] [ESM] dist/compose.d.ts     0.42 kB │ gzip: 0.23 kB
@module-federation/runtime:build: ℹ [runtime-build] [ESM] dist/core.d.ts        0.15 kB │ gzip: 0.10 kB
@module-federation/runtime:build: ℹ [runtime-build] [ESM] dist/types.d.ts       0.05 kB │ gzip: 0.07 kB
@module-federation/runtime:build: ℹ [runtime-build] [ESM] dist/instance.d.ts    0.36 kB │ gzip: 0.23 kB
@module-federation/runtime:build: ℹ [runtime-build] [ESM] 19 files, total: 29.43 kB
@module-federation/runtime:build: ✔ [runtime-build] Build complete in 926ms
@module-federation/webpack-bundler-runtime:build: cache bypass, force executing 05f3d5663533ba0d
@module-federation/dts-plugin:build: cache bypass, force executing 2118ae8333b4b74d
@module-federation/dts-plugin:build: 
@module-federation/dts-plugin:build: > @module-federation/dts-plugin@2.9.2 build /Users/zackjackson/Documents/Codex/2026-10-02/task-4/stack5141/packages/dts-plugin
@module-federation/dts-plugin:build: > tsdown --config ./tsdown.config.ts && sleep 1 && cp *.md ./dist
@module-federation/dts-plugin:build: 
@module-federation/webpack-bundler-runtime:build: 
@module-federation/webpack-bundler-runtime:build: > @module-federation/webpack-bundler-runtime@2.9.2 build /Users/zackjackson/Documents/Codex/2026-10-02/task-4/stack5141/packages/webpack-bundler-runtime
@module-federation/webpack-bundler-runtime:build: > tsdown --config tsdown.config.ts --filter webpack-bundler-runtime-build
@module-federation/webpack-bundler-runtime:build: 
@module-federation/webpack-bundler-runtime:build: ℹ tsdown v0.20.3 powered by rolldown v1.0.0-rc.3
@module-federation/dts-plugin:build: ℹ tsdown v0.20.3 powered by rolldown v1.0.0-rc.3
@module-federation/webpack-bundler-runtime:build: ℹ config file: /Users/zackjackson/Documents/Codex/2026-10-02/task-4/stack5141/packages/webpack-bundler-runtime/tsdown.config.ts 
@module-federation/dts-plugin:build: ℹ config file: /Users/zackjackson/Documents/Codex/2026-10-02/task-4/stack5141/packages/dts-plugin/tsdown.config.ts 
@module-federation/dts-plugin:build: (node:90302) [MODULE_TYPELESS_PACKAGE_JSON] Warning: Module type of file:///Users/zackjackson/Documents/Codex/2026-10-02/task-4/stack5141/packages/dts-plugin/tsdown.config.ts?no-cache=0ed1f69d-85f9-4c4f-b801-c75d32c788df is not specified and it doesn't parse as CommonJS.
@module-federation/dts-plugin:build: Reparsing as ES module because module syntax was detected. This incurs a performance overhead.
@module-federation/dts-plugin:build: To eliminate this warning, add "type": "module" to /Users/zackjackson/Documents/Codex/2026-10-02/task-4/stack5141/packages/dts-plugin/package.json.
@module-federation/dts-plugin:build: (Use `node --trace-warnings ...` to show where the warning was created)
@module-federation/webpack-bundler-runtime:build: ℹ [webpack-bundler-runtime-build] entry: src/index.ts, src/constant.ts, src/bundler.ts, src/compose.ts, src/adapters/remotes.ts, src/adapters/consumes.ts, src/adapters/share-scope.ts, src/adapters/container.ts
@module-federation/webpack-bundler-runtime:build: ℹ [webpack-bundler-runtime-build] tsconfig: tsconfig.lib.json
@module-federation/dts-plugin:build: ℹ [dts-plugin-cjs] entry: src/index.ts, src/core/index.ts, src/dev-worker/forkDevWorker.ts, src/server/broker/startBroker.ts, src/core/lib/forkGenerateDts.ts, src/runtime-plugins/dynamic-remote-type-hints-plugin.ts
@module-federation/dts-plugin:build: ℹ [dts-plugin-launch-web-client] entry: src/server/launchWebClient.ts
@module-federation/dts-plugin:build: ℹ [dts-plugin-esm] entry: src/index.ts, src/core/index.ts, src/dev-worker/forkDevWorker.ts, src/server/broker/startBroker.ts, src/core/lib/forkGenerateDts.ts, src/runtime-plugins/dynamic-remote-type-hints-plugin.ts
@module-federation/webpack-bundler-runtime:build: ℹ Build start
@module-federation/dts-plugin:build: ℹ [dts-plugin-cjs] tsconfig: tsconfig.json
@module-federation/dts-plugin:build: ℹ [dts-plugin-launch-web-client] tsconfig: tsconfig.json
@module-federation/dts-plugin:build: ℹ [dts-plugin-esm] tsconfig: tsconfig.json
@module-federation/dts-plugin:build: ℹ Build start
@module-federation/dts-plugin:build: ℹ Cleaning 35 files
@module-federation/webpack-bundler-runtime:build: ℹ Cleaning 97 files
@module-federation/dts-plugin:build: ℹ [dts-plugin-launch-web-client] [IIFE] dist/iife/launch-web-client.iife.js  3.77 kB │ gzip: 1.19 kB
@module-federation/dts-plugin:build: ℹ [dts-plugin-launch-web-client] [IIFE] 1 files, total: 3.77 kB
@module-federation/dts-plugin:build: ✔ [dts-plugin-launch-web-client] Build complete in 1056ms
@module-federation/webpack-bundler-runtime:build: ℹ [webpack-bundler-runtime-build] [CJS] dist/index.d.ts                 1.64 kB │ gzip: 0.48 kB
@module-federation/webpack-bundler-runtime:build: ℹ [webpack-bundler-runtime-build] [CJS] dist/bundler.d.ts               1.33 kB │ gzip: 0.35 kB
@module-federation/webpack-bundler-runtime:build: ℹ [webpack-bundler-runtime-build] [CJS] dist/compose.d.ts               0.84 kB │ gzip: 0.40 kB
@module-federation/webpack-bundler-runtime:build: ℹ [webpack-bundler-runtime-build] [CJS] dist/adapters/share-scope.d.ts  0.19 kB │ gzip: 0.15 kB
@module-federation/webpack-bundler-runtime:build: ℹ [webpack-bundler-runtime-build] [CJS] dist/adapters/container.d.ts    0.19 kB │ gzip: 0.14 kB
@module-federation/webpack-bundler-runtime:build: ℹ [webpack-bundler-runtime-build] [CJS] dist/adapters/consumes.d.ts     0.18 kB │ gzip: 0.14 kB
@module-federation/webpack-bundler-runtime:build: ℹ [webpack-bundler-runtime-build] [CJS] dist/adapters/remotes.d.ts      0.18 kB │ gzip: 0.14 kB
@module-federation/webpack-bundler-runtime:build: ℹ [webpack-bundler-runtime-build] [CJS] dist/constant.d.ts              0.17 kB │ gzip: 0.14 kB
@module-federation/webpack-bundler-runtime:build: ℹ [webpack-bundler-runtime-build] [CJS] dist/types.d.ts                 7.66 kB │ gzip: 1.94 kB
@module-federation/webpack-bundler-runtime:build: ℹ [webpack-bundler-runtime-build] [CJS] dist/initializeSharing.d.ts     0.36 kB │ gzip: 0.23 kB
@module-federation/webpack-bundler-runtime:build: ℹ [webpack-bundler-runtime-build] [CJS] dist/initContainerEntry.d.ts    0.30 kB │ gzip: 0.19 kB
@module-federation/webpack-bundler-runtime:build: ℹ [webpack-bundler-runtime-build] [CJS] dist/attachShareScopeMap.d.ts   0.26 kB │ gzip: 0.17 kB
@module-federation/webpack-bundler-runtime:build: ℹ [webpack-bundler-runtime-build] [CJS] 12 files, total: 13.30 kB
@module-federation/webpack-bundler-runtime:build: ℹ [webpack-bundler-runtime-build] [CJS] dist/index.cjs                                  2.51 kB │ gzip: 0.82 kB
@module-federation/webpack-bundler-runtime:build: ℹ [webpack-bundler-runtime-build] [CJS] dist/compose.cjs                                1.25 kB │ gzip: 0.56 kB
@module-federation/webpack-bundler-runtime:build: ℹ [webpack-bundler-runtime-build] [CJS] dist/bundler.cjs                                0.84 kB │ gzip: 0.34 kB
@module-federation/webpack-bundler-runtime:build: ℹ [webpack-bundler-runtime-build] [CJS] dist/adapters/consumes.cjs                      0.75 kB │ gzip: 0.34 kB
@module-federation/webpack-bundler-runtime:build: ℹ [webpack-bundler-runtime-build] [CJS] dist/adapters/share-scope.cjs                   0.52 kB │ gzip: 0.27 kB
@module-federation/webpack-bundler-runtime:build: ℹ [webpack-bundler-runtime-build] [CJS] dist/adapters/container.cjs                     0.38 kB │ gzip: 0.23 kB
@module-federation/webpack-bundler-runtime:build: ℹ [webpack-bundler-runtime-build] [CJS] dist/adapters/remotes.cjs                       0.31 kB │ gzip: 0.21 kB
@module-federation/webpack-bundler-runtime:build: ℹ [webpack-bundler-runtime-build] [CJS] dist/constant.cjs                               0.26 kB │ gzip: 0.20 kB
@module-federation/webpack-bundler-runtime:build: ℹ [webpack-bundler-runtime-build] [CJS] dist/updateOptions.cjs.map                      9.11 kB │ gzip: 2.65 kB
@module-federation/webpack-bundler-runtime:build: ℹ [webpack-bundler-runtime-build] [CJS] dist/remotes.cjs.map                            6.35 kB │ gzip: 2.18 kB
@module-federation/webpack-bundler-runtime:build: ℹ [webpack-bundler-runtime-build] [CJS] dist/consumes.cjs.map                           5.93 kB │ gzip: 2.11 kB
@module-federation/webpack-bundler-runtime:build: ℹ [webpack-bundler-runtime-build] [CJS] dist/treeShakingSharePlugin.cjs.map             5.42 kB │ gzip: 1.75 kB
@module-federation/webpack-bundler-runtime:build: ℹ [webpack-bundler-runtime-build] [CJS] dist/installInitialConsumes.cjs.map             5.38 kB │ gzip: 1.99 kB
@module-federation/webpack-bundler-runtime:build: ℹ [webpack-bundler-runtime-build] [CJS] dist/initializeSharing.cjs.map                  5.25 kB │ gzip: 1.88 kB
@module-federation/webpack-bundler-runtime:build: ℹ [webpack-bundler-runtime-build] [CJS] dist/initContainerEntry.cjs.map                 5.21 kB │ gzip: 1.48 kB
@module-federation/webpack-bundler-runtime:build: ℹ [webpack-bundler-runtime-build] [CJS] dist/updateOptions.cjs                          4.67 kB │ gzip: 1.33 kB
@module-federation/webpack-bundler-runtime:build: ℹ [webpack-bundler-runtime-build] [CJS] dist/remotes.cjs                                3.16 kB │ gzip: 1.19 kB
@module-federation/webpack-bundler-runtime:build: ℹ [webpack-bundler-runtime-build] [CJS] dist/index.cjs.map                              3.12 kB │ gzip: 1.15 kB
@module-federation/webpack-bundler-runtime:build: ℹ [webpack-bundler-runtime-build] [CJS] dist/consumes.cjs                               2.99 kB │ gzip: 1.06 kB
@module-federation/webpack-bundler-runtime:build: ℹ [webpack-bundler-runtime-build] [CJS] dist/treeShakingSharePlugin.cjs                 2.95 kB │ gzip: 0.97 kB
@module-federation/webpack-bundler-runtime:build: ℹ [webpack-bundler-runtime-build] [CJS] dist/initializeSharing.cjs                      2.90 kB │ gzip: 0.99 kB
@module-federation/webpack-bundler-runtime:build: ℹ [webpack-bundler-runtime-build] [CJS] dist/installInitialConsumes.cjs                 2.80 kB │ gzip: 1.03 kB
@module-federation/webpack-bundler-runtime:build: ℹ [webpack-bundler-runtime-build] [CJS] dist/getSharedFallbackGetter.cjs.map            2.41 kB │ gzip: 1.00 kB
@module-federation/webpack-bundler-runtime:build: ℹ [webpack-bundler-runtime-build] [CJS] dist/compose.cjs.map                            2.41 kB │ gzip: 0.97 kB
@module-federation/webpack-bundler-runtime:build: ℹ [webpack-bundler-runtime-build] [CJS] dist/initContainerEntry.cjs                     2.28 kB │ gzip: 0.62 kB
@module-federation/webpack-bundler-runtime:build: ℹ [webpack-bundler-runtime-build] [CJS] dist/getSharedFallbackGetter.cjs                1.42 kB │ gzip: 0.60 kB
@module-federation/webpack-bundler-runtime:build: ℹ [webpack-bundler-runtime-build] [CJS] dist/error-codes/dist/getShortErrorMsg.cjs.map  1.17 kB │ gzip: 0.61 kB
@module-federation/webpack-bundler-runtime:build: ℹ [webpack-bundler-runtime-build] [CJS] dist/error-codes/dist/error-codes.cjs.map       1.16 kB │ gzip: 0.36 kB
@module-federation/webpack-bundler-runtime:build: ℹ [webpack-bundler-runtime-build] [CJS] dist/_virtual/_rolldown/runtime.cjs             1.04 kB │ gzip: 0.52 kB
@module-federation/webpack-bundler-runtime:build: ℹ [webpack-bundler-runtime-build] [CJS] dist/adapters/consumes.cjs.map                  0.84 kB │ gzip: 0.43 kB
@module-federation/webpack-bundler-runtime:build: ℹ [webpack-bundler-runtime-build] [CJS] dist/attachShareScopeMap.cjs.map                0.78 kB │ gzip: 0.36 kB
@module-federation/webpack-bundler-runtime:build: ℹ [webpack-bundler-runtime-build] [CJS] dist/error-codes/dist/getShortErrorMsg.cjs      0.69 kB │ gzip: 0.39 kB
@module-federation/webpack-bundler-runtime:build: ℹ [webpack-bundler-runtime-build] [CJS] dist/getUsedExports.cjs.map                     0.51 kB │ gzip: 0.32 kB
@module-federation/webpack-bundler-runtime:build: ℹ [webpack-bundler-runtime-build] [CJS] dist/attachShareScopeMap.cjs                    0.50 kB │ gzip: 0.21 kB
@module-federation/webpack-bundler-runtime:build: ℹ [webpack-bundler-runtime-build] [CJS] dist/adapters/share-scope.cjs.map               0.50 kB │ gzip: 0.28 kB
@module-federation/webpack-bundler-runtime:build: ℹ [webpack-bundler-runtime-build] [CJS] dist/adapters/remotes.cjs.map                   0.37 kB │ gzip: 0.24 kB
@module-federation/webpack-bundler-runtime:build: ℹ [webpack-bundler-runtime-build] [CJS] dist/adapters/container.cjs.map                 0.36 kB │ gzip: 0.24 kB
@module-federation/webpack-bundler-runtime:build: ℹ [webpack-bundler-runtime-build] [CJS] dist/getUsedExports.cjs                         0.31 kB │ gzip: 0.19 kB
@module-federation/webpack-bundler-runtime:build: ℹ [webpack-bundler-runtime-build] [CJS] dist/constant.cjs.map                           0.20 kB │ gzip: 0.18 kB
@module-federation/webpack-bundler-runtime:build: ℹ [webpack-bundler-runtime-build] [CJS] dist/error-codes/dist/error-codes.cjs           0.17 kB │ gzip: 0.14 kB
@module-federation/webpack-bundler-runtime:build: ℹ [webpack-bundler-runtime-build] [CJS] 40 files, total: 89.16 kB
@module-federation/webpack-bundler-runtime:build: ✔ [webpack-bundler-runtime-build] Build complete in 1176ms
@module-federation/webpack-bundler-runtime:build: ℹ [webpack-bundler-runtime-build] [ESM] dist/index.js                                  1.69 kB │ gzip: 0.62 kB
@module-federation/webpack-bundler-runtime:build: ℹ [webpack-bundler-runtime-build] [ESM] dist/compose.js                                0.97 kB │ gzip: 0.47 kB
@module-federation/webpack-bundler-runtime:build: ℹ [webpack-bundler-runtime-build] [ESM] dist/adapters/consumes.js                      0.56 kB │ gzip: 0.29 kB
@module-federation/webpack-bundler-runtime:build: ℹ [webpack-bundler-runtime-build] [ESM] dist/adapters/share-scope.js                   0.34 kB │ gzip: 0.20 kB
@module-federation/webpack-bundler-runtime:build: ℹ [webpack-bundler-runtime-build] [ESM] dist/bundler.js                                0.30 kB │ gzip: 0.15 kB
@module-federation/webpack-bundler-runtime:build: ℹ [webpack-bundler-runtime-build] [ESM] dist/adapters/container.js                     0.23 kB │ gzip: 0.16 kB
@module-federation/webpack-bundler-runtime:build: ℹ [webpack-bundler-runtime-build] [ESM] dist/adapters/remotes.js                       0.22 kB │ gzip: 0.15 kB
@module-federation/webpack-bundler-runtime:build: ℹ [webpack-bundler-runtime-build] [ESM] dist/constant.js                               0.16 kB │ gzip: 0.14 kB
@module-federation/webpack-bundler-runtime:build: ℹ [webpack-bundler-runtime-build] [ESM] dist/updateOptions.js.map                      9.11 kB │ gzip: 2.64 kB
@module-federation/webpack-bundler-runtime:build: ℹ [webpack-bundler-runtime-build] [ESM] dist/remotes.js.map                            6.30 kB │ gzip: 2.17 kB
@module-federation/webpack-bundler-runtime:build: ℹ [webpack-bundler-runtime-build] [ESM] dist/consumes.js.map                           5.87 kB │ gzip: 2.09 kB
@module-federation/webpack-bundler-runtime:build: ℹ [webpack-bundler-runtime-build] [ESM] dist/treeShakingSharePlugin.js.map             5.43 kB │ gzip: 1.75 kB
@module-federation/webpack-bundler-runtime:build: ℹ [webpack-bundler-runtime-build] [ESM] dist/installInitialConsumes.js.map             5.36 kB │ gzip: 1.98 kB
@module-federation/webpack-bundler-runtime:build: ℹ [webpack-bundler-runtime-build] [ESM] dist/initializeSharing.js.map                  5.22 kB │ gzip: 1.87 kB
@module-federation/webpack-bundler-runtime:build: ℹ [webpack-bundler-runtime-build] [ESM] dist/initContainerEntry.js.map                 5.21 kB │ gzip: 1.47 kB
@module-federation/webpack-bundler-runtime:build: ℹ [webpack-bundler-runtime-build] [ESM] dist/updateOptions.js                          4.62 kB │ gzip: 1.33 kB
@module-federation/webpack-bundler-runtime:build: ℹ [webpack-bundler-runtime-build] [ESM] dist/index.js.map                              3.06 kB │ gzip: 1.13 kB
@module-federation/webpack-bundler-runtime:build: ℹ [webpack-bundler-runtime-build] [ESM] dist/remotes.js                                2.95 kB │ gzip: 1.15 kB
@module-federation/webpack-bundler-runtime:build: ℹ [webpack-bundler-runtime-build] [ESM] dist/initializeSharing.js                      2.83 kB │ gzip: 0.98 kB
@module-federation/webpack-bundler-runtime:build: ℹ [webpack-bundler-runtime-build] [ESM] dist/consumes.js                               2.80 kB │ gzip: 1.04 kB
@module-federation/webpack-bundler-runtime:build: ℹ [webpack-bundler-runtime-build] [ESM] dist/treeShakingSharePlugin.js                 2.77 kB │ gzip: 0.92 kB
@module-federation/webpack-bundler-runtime:build: ℹ [webpack-bundler-runtime-build] [ESM] dist/installInitialConsumes.js                 2.71 kB │ gzip: 1.02 kB
@module-federation/webpack-bundler-runtime:build: ℹ [webpack-bundler-runtime-build] [ESM] dist/compose.js.map                            2.44 kB │ gzip: 0.98 kB
@module-federation/webpack-bundler-runtime:build: ℹ [webpack-bundler-runtime-build] [ESM] dist/getSharedFallbackGetter.js.map            2.42 kB │ gzip: 1.00 kB
@module-federation/webpack-bundler-runtime:build: ℹ [webpack-bundler-runtime-build] [ESM] dist/initContainerEntry.js                     2.26 kB │ gzip: 0.62 kB
@module-federation/webpack-bundler-runtime:build: ℹ [webpack-bundler-runtime-build] [ESM] dist/getSharedFallbackGetter.js                1.25 kB │ gzip: 0.55 kB
@module-federation/webpack-bundler-runtime:build: ℹ [webpack-bundler-runtime-build] [ESM] dist/error-codes/dist/getShortErrorMsg.js.map  1.16 kB │ gzip: 0.61 kB
@module-federation/webpack-bundler-runtime:build: ℹ [webpack-bundler-runtime-build] [ESM] dist/error-codes/dist/error-codes.js.map       1.15 kB │ gzip: 0.36 kB
@module-federation/webpack-bundler-runtime:build: ℹ [webpack-bundler-runtime-build] [ESM] dist/adapters/consumes.js.map                  0.80 kB │ gzip: 0.42 kB
@module-federation/webpack-bundler-runtime:build: ℹ [webpack-bundler-runtime-build] [ESM] dist/attachShareScopeMap.js.map                0.78 kB │ gzip: 0.35 kB
@module-federation/webpack-bundler-runtime:build: ℹ [webpack-bundler-runtime-build] [ESM] dist/error-codes/dist/getShortErrorMsg.js      0.68 kB │ gzip: 0.38 kB
@module-federation/webpack-bundler-runtime:build: ℹ [webpack-bundler-runtime-build] [ESM] dist/getUsedExports.js.map                     0.50 kB │ gzip: 0.31 kB
@module-federation/webpack-bundler-runtime:build: ℹ [webpack-bundler-runtime-build] [ESM] dist/attachShareScopeMap.js                    0.48 kB │ gzip: 0.20 kB
@module-federation/webpack-bundler-runtime:build: ℹ [webpack-bundler-runtime-build] [ESM] dist/adapters/share-scope.js.map               0.47 kB │ gzip: 0.28 kB
@module-federation/webpack-bundler-runtime:build: ℹ [webpack-bundler-runtime-build] [ESM] dist/adapters/remotes.js.map                   0.36 kB │ gzip: 0.24 kB
@module-federation/webpack-bundler-runtime:build: ℹ [webpack-bundler-runtime-build] [ESM] dist/adapters/container.js.map                 0.36 kB │ gzip: 0.23 kB
@module-federation/webpack-bundler-runtime:build: ℹ [webpack-bundler-runtime-build] [ESM] dist/getUsedExports.js                         0.29 kB │ gzip: 0.19 kB
@module-federation/webpack-bundler-runtime:build: ℹ [webpack-bundler-runtime-build] [ESM] dist/constant.js.map                           0.20 kB │ gzip: 0.18 kB
@module-federation/webpack-bundler-runtime:build: ℹ [webpack-bundler-runtime-build] [ESM] dist/error-codes/dist/error-codes.js           0.16 kB │ gzip: 0.14 kB
@module-federation/webpack-bundler-runtime:build: ℹ [webpack-bundler-runtime-build] [ESM] dist/index.d.ts                                1.64 kB │ gzip: 0.48 kB
@module-federation/webpack-bundler-runtime:build: ℹ [webpack-bundler-runtime-build] [ESM] dist/bundler.d.ts                              1.33 kB │ gzip: 0.35 kB
@module-federation/webpack-bundler-runtime:build: ℹ [webpack-bundler-runtime-build] [ESM] dist/compose.d.ts                              0.84 kB │ gzip: 0.40 kB
@module-federation/webpack-bundler-runtime:build: ℹ [webpack-bundler-runtime-build] [ESM] dist/adapters/share-scope.d.ts                 0.19 kB │ gzip: 0.15 kB
@module-federation/webpack-bundler-runtime:build: ℹ [webpack-bundler-runtime-build] [ESM] dist/adapters/container.d.ts                   0.19 kB │ gzip: 0.14 kB
@module-federation/webpack-bundler-runtime:build: ℹ [webpack-bundler-runtime-build] [ESM] dist/adapters/consumes.d.ts                    0.18 kB │ gzip: 0.14 kB
@module-federation/webpack-bundler-runtime:build: ℹ [webpack-bundler-runtime-build] [ESM] dist/adapters/remotes.d.ts                     0.18 kB │ gzip: 0.14 kB
@module-federation/webpack-bundler-runtime:build: ℹ [webpack-bundler-runtime-build] [ESM] dist/constant.d.ts                             0.17 kB │ gzip: 0.14 kB
@module-federation/webpack-bundler-runtime:build: ℹ [webpack-bundler-runtime-build] [ESM] dist/types.d.ts                                7.66 kB │ gzip: 1.94 kB
@module-federation/webpack-bundler-runtime:build: ℹ [webpack-bundler-runtime-build] [ESM] dist/initializeSharing.d.ts                    0.36 kB │ gzip: 0.23 kB
@module-federation/webpack-bundler-runtime:build: ℹ [webpack-bundler-runtime-build] [ESM] dist/initContainerEntry.d.ts                   0.30 kB │ gzip: 0.19 kB
@module-federation/webpack-bundler-runtime:build: ℹ [webpack-bundler-runtime-build] [ESM] dist/attachShareScopeMap.d.ts                  0.26 kB │ gzip: 0.17 kB
@module-federation/webpack-bundler-runtime:build: ℹ [webpack-bundler-runtime-build] [ESM] 51 files, total: 97.81 kB
@module-federation/webpack-bundler-runtime:build: ✔ [webpack-bundler-runtime-build] Build complete in 1213ms
@module-federation/runtime-tools:build: cache bypass, force executing 2a6612027c178f15
@module-federation/runtime-tools:build: 
@module-federation/runtime-tools:build: > @module-federation/runtime-tools@2.9.2 build /Users/zackjackson/Documents/Codex/2026-10-02/task-4/stack5141/packages/runtime-tools
@module-federation/runtime-tools:build: > tsdown --config tsdown.config.ts
@module-federation/runtime-tools:build: 
@module-federation/runtime-tools:build: ℹ tsdown v0.20.3 powered by rolldown v1.0.0-rc.3
@module-federation/runtime-tools:build: ℹ config file: /Users/zackjackson/Documents/Codex/2026-10-02/task-4/stack5141/packages/runtime-tools/tsdown.config.ts 
@module-federation/runtime-tools:build: ℹ [runtime-tools-build] entry: src/index.ts, src/runtime.ts, src/runtime-core.ts, src/webpack-bundler-runtime.ts, src/bundler.ts
@module-federation/runtime-tools:build: ℹ [runtime-tools-build] tsconfig: tsconfig.lib.json
@module-federation/runtime-tools:build: ℹ Build start
@module-federation/runtime-tools:build: ℹ Cleaning 24 files
@module-federation/runtime-tools:build: ℹ [runtime-tools-build] [CJS] dist/bundler.d.ts                  0.23 kB │ gzip: 0.17 kB
@module-federation/runtime-tools:build: ℹ [runtime-tools-build] [CJS] dist/webpack-bundler-runtime.d.ts  0.19 kB │ gzip: 0.14 kB
@module-federation/runtime-tools:build: ℹ [runtime-tools-build] [CJS] dist/index.d.ts                    0.12 kB │ gzip: 0.08 kB
@module-federation/runtime-tools:build: ℹ [runtime-tools-build] [CJS] dist/runtime-core.d.ts             0.05 kB │ gzip: 0.07 kB
@module-federation/runtime-tools:build: ℹ [runtime-tools-build] [CJS] dist/runtime.d.ts                  0.04 kB │ gzip: 0.06 kB
@module-federation/runtime-tools:build: ℹ [runtime-tools-build] [CJS] 5 files, total: 0.63 kB
@module-federation/runtime-tools:build: ℹ [runtime-tools-build] [CJS] dist/bundler.cjs                      0.67 kB │ gzip: 0.36 kB
@module-federation/runtime-tools:build: ℹ [runtime-tools-build] [CJS] dist/webpack-bundler-runtime.cjs      0.60 kB │ gzip: 0.25 kB
@module-federation/runtime-tools:build: ℹ [runtime-tools-build] [CJS] dist/index.cjs                        0.54 kB │ gzip: 0.28 kB
@module-federation/runtime-tools:build: ℹ [runtime-tools-build] [CJS] dist/runtime-core.cjs                 0.36 kB │ gzip: 0.23 kB
@module-federation/runtime-tools:build: ℹ [runtime-tools-build] [CJS] dist/runtime.cjs                      0.34 kB │ gzip: 0.23 kB
@module-federation/runtime-tools:build: ℹ [runtime-tools-build] [CJS] dist/_virtual/_rolldown/runtime.cjs   1.51 kB │ gzip: 0.66 kB
@module-federation/runtime-tools:build: ℹ [runtime-tools-build] [CJS] dist/webpack-bundler-runtime.cjs.map  0.55 kB │ gzip: 0.30 kB
@module-federation/runtime-tools:build: ℹ [runtime-tools-build] [CJS] dist/bundler.cjs.map                  0.17 kB │ gzip: 0.14 kB
@module-federation/runtime-tools:build: ℹ [runtime-tools-build] [CJS] 8 files, total: 4.75 kB
@module-federation/runtime-tools:build: ✔ [runtime-tools-build] Build complete in 945ms
@module-federation/runtime-tools:build: ℹ [runtime-tools-build] [ESM] dist/bundler.js                      0.34 kB │ gzip: 0.23 kB
@module-federation/runtime-tools:build: ℹ [runtime-tools-build] [ESM] dist/webpack-bundler-runtime.js      0.34 kB │ gzip: 0.18 kB
@module-federation/runtime-tools:build: ℹ [runtime-tools-build] [ESM] dist/index.js                        0.20 kB │ gzip: 0.14 kB
@module-federation/runtime-tools:build: ℹ [runtime-tools-build] [ESM] dist/runtime-core.js                 0.06 kB │ gzip: 0.08 kB
@module-federation/runtime-tools:build: ℹ [runtime-tools-build] [ESM] dist/runtime.js                      0.06 kB │ gzip: 0.07 kB
@module-federation/runtime-tools:build: ℹ [runtime-tools-build] [ESM] dist/_virtual/_rolldown/runtime.js   1.15 kB │ gzip: 0.55 kB
@module-federation/runtime-tools:build: ℹ [runtime-tools-build] [ESM] dist/webpack-bundler-runtime.js.map  0.52 kB │ gzip: 0.29 kB
@module-federation/runtime-tools:build: ℹ [runtime-tools-build] [ESM] dist/bundler.js.map                  0.17 kB │ gzip: 0.14 kB
@module-federation/runtime-tools:build: ℹ [runtime-tools-build] [ESM] dist/bundler.d.ts                    0.26 kB │ gzip: 0.18 kB
@module-federation/runtime-tools:build: ℹ [runtime-tools-build] [ESM] dist/webpack-bundler-runtime.d.ts    0.21 kB │ gzip: 0.15 kB
@module-federation/runtime-tools:build: ℹ [runtime-tools-build] [ESM] dist/index.d.ts                      0.13 kB │ gzip: 0.09 kB
@module-federation/runtime-tools:build: ℹ [runtime-tools-build] [ESM] dist/runtime-core.d.ts               0.05 kB │ gzip: 0.07 kB
@module-federation/runtime-tools:build: ℹ [runtime-tools-build] [ESM] dist/runtime.d.ts                    0.04 kB │ gzip: 0.06 kB
@module-federation/runtime-tools:build: ℹ [runtime-tools-build] [ESM] 13 files, total: 3.53 kB
@module-federation/runtime-tools:build: ✔ [runtime-tools-build] Build complete in 950ms
@module-federation/inject-external-runtime-core-plugin:build: cache bypass, force executing 931af3b0f78732c9
@module-federation/inject-external-runtime-core-plugin:build: 
@module-federation/inject-external-runtime-core-plugin:build: > @module-federation/inject-external-runtime-core-plugin@2.9.2 build /Users/zackjackson/Documents/Codex/2026-10-02/task-4/stack5141/packages/runtime-plugins/inject-external-runtime-core-plugin
@module-federation/inject-external-runtime-core-plugin:build: > tsdown --config tsdown.config.ts --filter inject-external-runtime-core-plugin-build
@module-federation/inject-external-runtime-core-plugin:build: 
@module-federation/dts-plugin:build: ℹ [dts-plugin-esm] [ESM] dist/esm/index.mjs                             19.93 kB │ gzip:  4.82 kB
@module-federation/dts-plugin:build: ℹ [dts-plugin-esm] [ESM] dist/esm/fork-dev-worker.mjs                    4.49 kB │ gzip:  1.59 kB
@module-federation/dts-plugin:build: ℹ [dts-plugin-esm] [ESM] dist/esm/dynamic-remote-type-hints-plugin.mjs   2.11 kB │ gzip:  0.85 kB
@module-federation/dts-plugin:build: ℹ [dts-plugin-esm] [ESM] dist/esm/core.mjs                               0.96 kB │ gzip:  0.40 kB
@module-federation/dts-plugin:build: ℹ [dts-plugin-esm] [ESM] dist/esm/start-broker.mjs                       0.49 kB │ gzip:  0.29 kB
@module-federation/dts-plugin:build: ℹ [dts-plugin-esm] [ESM] dist/esm/fork-generate-dts.mjs                  0.42 kB │ gzip:  0.27 kB
@module-federation/dts-plugin:build: ℹ [dts-plugin-esm] [ESM] dist/esm/expose-rpc-B0rqtOKP.mjs               63.00 kB │ gzip: 15.28 kB
@module-federation/dts-plugin:build: ℹ [dts-plugin-esm] [ESM] dist/esm/Broker-BfFUcTHm.mjs                   24.39 kB │ gzip:  5.66 kB
@module-federation/dts-plugin:build: ℹ [dts-plugin-esm] [ESM] dist/esm/consumeTypes-WKYNaS9i.mjs              6.43 kB │ gzip:  2.07 kB
@module-federation/dts-plugin:build: ℹ [dts-plugin-esm] [ESM] dist/esm/Action-DNNg2YDh.mjs                    1.68 kB │ gzip:  0.66 kB
@module-federation/dts-plugin:build: ℹ [dts-plugin-esm] [ESM] dist/esm/utils-CkPvDGOy.mjs                     0.35 kB │ gzip:  0.27 kB
@module-federation/dts-plugin:build: ℹ [dts-plugin-esm] [ESM] 11 files, total: 124.24 kB
@module-federation/dts-plugin:build: [33m[PLUGIN_TIMINGS] Warning:[0m Your build spent significant time in plugins. Here is a breakdown:
@module-federation/dts-plugin:build:   - tsdown:report (50%)
@module-federation/dts-plugin:build:   - tsdown:external (49%)
@module-federation/dts-plugin:build: See https://rolldown.rs/options/checks#plugintimings for more details.
@module-federation/dts-plugin:build: 
@module-federation/inject-external-runtime-core-plugin:build: ℹ tsdown v0.20.3 powered by rolldown v1.0.0-rc.3
@module-federation/inject-external-runtime-core-plugin:build: ℹ config file: /Users/zackjackson/Documents/Codex/2026-10-02/task-4/stack5141/packages/runtime-plugins/inject-external-runtime-core-plugin/tsdown.config.ts 
@module-federation/inject-external-runtime-core-plugin:build: ℹ [inject-external-runtime-core-plugin-build] entry: src/index.ts
@module-federation/inject-external-runtime-core-plugin:build: ℹ [inject-external-runtime-core-plugin-build] tsconfig: tsconfig.lib.json
@module-federation/inject-external-runtime-core-plugin:build: ℹ Build start
@module-federation/inject-external-runtime-core-plugin:build: ℹ Cleaning 9 files
@module-federation/dts-plugin:build: ✔ [dts-plugin-esm] Build complete in 3342ms
@module-federation/inject-external-runtime-core-plugin:build: ℹ [inject-external-runtime-core-plugin-build] [CJS] dist/index.cjs                        6.35 kB │ gzip: 1.42 kB
@module-federation/inject-external-runtime-core-plugin:build: ℹ [inject-external-runtime-core-plugin-build] [CJS] dist/index.cjs.map                   10.61 kB │ gzip: 2.87 kB
@module-federation/inject-external-runtime-core-plugin:build: ℹ [inject-external-runtime-core-plugin-build] [CJS] dist/_virtual/_rolldown/runtime.cjs   1.04 kB │ gzip: 0.52 kB
@module-federation/inject-external-runtime-core-plugin:build: ℹ [inject-external-runtime-core-plugin-build] [CJS] 3 files, total: 17.99 kB
@module-federation/inject-external-runtime-core-plugin:build: ℹ [inject-external-runtime-core-plugin-build] [CJS] dist/index.d.ts  0.89 kB │ gzip: 0.41 kB
@module-federation/inject-external-runtime-core-plugin:build: ℹ [inject-external-runtime-core-plugin-build] [CJS] 1 files, total: 0.89 kB
@module-federation/inject-external-runtime-core-plugin:build: ✔ [inject-external-runtime-core-plugin-build] Build complete in 901ms
@module-federation/inject-external-runtime-core-plugin:build: ℹ [inject-external-runtime-core-plugin-build] [ESM] dist/index.js       5.69 kB │ gzip: 1.36 kB
@module-federation/inject-external-runtime-core-plugin:build: ℹ [inject-external-runtime-core-plugin-build] [ESM] dist/index.js.map  10.57 kB │ gzip: 2.86 kB
@module-federation/inject-external-runtime-core-plugin:build: ℹ [inject-external-runtime-core-plugin-build] [ESM] dist/index.d.ts     0.89 kB │ gzip: 0.41 kB
@module-federation/inject-external-runtime-core-plugin:build: ℹ [inject-external-runtime-core-plugin-build] [ESM] 3 files, total: 17.14 kB
@module-federation/inject-external-runtime-core-plugin:build: ✔ [inject-external-runtime-core-plugin-build] Build complete in 903ms
@module-federation/dts-plugin:build: ℹ [dts-plugin-cjs] [CJS] dist/index.js                             21.06 kB │ gzip:  4.91 kB
@module-federation/dts-plugin:build: ℹ [dts-plugin-cjs] [CJS] dist/fork-dev-worker.js                    4.76 kB │ gzip:  1.63 kB
@module-federation/dts-plugin:build: ℹ [dts-plugin-cjs] [CJS] dist/dynamic-remote-type-hints-plugin.js   2.20 kB │ gzip:  0.86 kB
@module-federation/dts-plugin:build: ℹ [dts-plugin-cjs] [CJS] dist/core.js                               1.55 kB │ gzip:  0.50 kB
@module-federation/dts-plugin:build: ℹ [dts-plugin-cjs] [CJS] dist/start-broker.js                       0.59 kB │ gzip:  0.34 kB
@module-federation/dts-plugin:build: ℹ [dts-plugin-cjs] [CJS] dist/fork-generate-dts.js                  0.53 kB │ gzip:  0.32 kB
@module-federation/dts-plugin:build: ℹ [dts-plugin-cjs] [CJS] dist/expose-rpc-jaGpsAVL.js               68.18 kB │ gzip: 15.38 kB
@module-federation/dts-plugin:build: ℹ [dts-plugin-cjs] [CJS] dist/Broker-C-uWF8l5.js                   26.18 kB │ gzip:  5.80 kB
@module-federation/dts-plugin:build: ℹ [dts-plugin-cjs] [CJS] dist/consumeTypes-DhrUgkUW.js              7.35 kB │ gzip:  2.20 kB
@module-federation/dts-plugin:build: ℹ [dts-plugin-cjs] [CJS] dist/Action-CzhPMw2i.js                    4.16 kB │ gzip:  1.29 kB
@module-federation/dts-plugin:build: ℹ [dts-plugin-cjs] [CJS] dist/utils-7KqCZHbb.js                     0.45 kB │ gzip:  0.32 kB
@module-federation/dts-plugin:build: ℹ [dts-plugin-cjs] [CJS] 11 files, total: 137.01 kB
@module-federation/dts-plugin:build: [33m[PLUGIN_TIMINGS] Warning:[0m Your build spent significant time in plugins. Here is a breakdown:
@module-federation/dts-plugin:build:   - tsdown:report (51%)
@module-federation/dts-plugin:build:   - tsdown:external (47%)
@module-federation/dts-plugin:build: See https://rolldown.rs/options/checks#plugintimings for more details.
@module-federation/dts-plugin:build: 
@module-federation/dts-plugin:build: ℹ [dts-plugin-cjs] [CJS] dist/dynamic-remote-type-hints-plugin.d.ts  30.18 kB │ gzip: 5.97 kB
@module-federation/dts-plugin:build: ℹ [dts-plugin-cjs] [CJS] dist/index.d.ts                              2.04 kB │ gzip: 0.60 kB
@module-federation/dts-plugin:build: ℹ [dts-plugin-cjs] [CJS] dist/start-broker.d.ts                       1.36 kB │ gzip: 0.56 kB
@module-federation/dts-plugin:build: ℹ [dts-plugin-cjs] [CJS] dist/core.d.ts                               1.05 kB │ gzip: 0.41 kB
@module-federation/dts-plugin:build: ℹ [dts-plugin-cjs] [CJS] dist/fork-dev-worker.d.ts                    0.49 kB │ gzip: 0.26 kB
@module-federation/dts-plugin:build: ℹ [dts-plugin-cjs] [CJS] dist/fork-generate-dts.d.ts                  0.23 kB │ gzip: 0.17 kB
@module-federation/dts-plugin:build: ℹ [dts-plugin-cjs] [CJS] dist/DtsWorker-SBLpkK-D.d.ts                 6.33 kB │ gzip: 1.79 kB
@module-federation/dts-plugin:build: ℹ [dts-plugin-cjs] [CJS] dist/constant-C0QI9ddQ.d.ts                  2.40 kB │ gzip: 0.75 kB
@module-federation/dts-plugin:build: ℹ [dts-plugin-cjs] [CJS] 8 files, total: 44.07 kB
@module-federation/dts-plugin:build: src/plugins/DtsPlugin.d.ts (2:9) [33m[MISSING_EXPORT] Warning:[0m "Compiler" is not exported by "../../node_modules/.pnpm/webpack@5.104.1_@swc+core@1.7.26_@swc+helpers@0.5.13__esbuild@0.28.1_webpack-cli@5.1.4/node_modules/webpack/types.d.ts".
@module-federation/dts-plugin:build:    [38;5;246m╭[0m[38;5;246m─[0m[38;5;246m[[0m src/plugins/DtsPlugin.d.ts:2:10 [38;5;246m][0m
@module-federation/dts-plugin:build:    [38;5;246m│[0m
@module-federation/dts-plugin:build:  [38;5;246m2 │[0m [38;5;249mi[0m[38;5;249mm[0m[38;5;249mp[0m[38;5;249mo[0m[38;5;249mr[0m[38;5;249mt[0m[38;5;249m [0m[38;5;249m{[0m[38;5;249m [0mCompiler[38;5;249m,[0m[38;5;249m [0m[38;5;249mW[0m[38;5;249me[0m[38;5;249mb[0m[38;5;249mp[0m[38;5;249ma[0m[38;5;249mc[0m[38;5;249mk[0m[38;5;249mP[0m[38;5;249ml[0m[38;5;249mu[0m[38;5;249mg[0m[38;5;249mi[0m[38;5;249mn[0m[38;5;249mI[0m[38;5;249mn[0m[38;5;249ms[0m[38;5;249mt[0m[38;5;249ma[0m[38;5;249mn[0m[38;5;249mc[0m[38;5;249me[0m[38;5;249m [0m[38;5;249m}[0m[38;5;249m [0m[38;5;249mf[0m[38;5;249mr[0m[38;5;249mo[0m[38;5;249mm[0m[38;5;249m [0m[38;5;249m'[0m[38;5;249mw[0m[38;5;249me[0m[38;5;249mb[0m[38;5;249mp[0m[38;5;249ma[0m[38;5;249mc[0m[38;5;249mk[0m[38;5;249m'[0m[38;5;249m;[0m
@module-federation/dts-plugin:build:  [38;5;240m  │[0m          ────┬───  
@module-federation/dts-plugin:build:  [38;5;240m  │[0m              ╰───── Missing export
@module-federation/dts-plugin:build:  [38;5;240m  │[0m 
@module-federation/dts-plugin:build:  [38;5;240m  │[0m [38;5;115mNote[0m: If you meant to import a type rather than a value, make sure to add the `type` modifier (e.g. `import { type Foo } from 'webpack'`).
@module-federation/dts-plugin:build: [38;5;246m───╯[0m
@module-federation/dts-plugin:build: 
@module-federation/dts-plugin:build: src/plugins/DtsPlugin.d.ts (2:19) [33m[MISSING_EXPORT] Warning:[0m "WebpackPluginInstance" is not exported by "../../node_modules/.pnpm/webpack@5.104.1_@swc+core@1.7.26_@swc+helpers@0.5.13__esbuild@0.28.1_webpack-cli@5.1.4/node_modules/webpack/types.d.ts".
@module-federation/dts-plugin:build:    [38;5;246m╭[0m[38;5;246m─[0m[38;5;246m[[0m src/plugins/DtsPlugin.d.ts:2:20 [38;5;246m][0m
@module-federation/dts-plugin:build:    [38;5;246m│[0m
@module-federation/dts-plugin:build:  [38;5;246m2 │[0m [38;5;249mi[0m[38;5;249mm[0m[38;5;249mp[0m[38;5;249mo[0m[38;5;249mr[0m[38;5;249mt[0m[38;5;249m [0m[38;5;249m{[0m[38;5;249m [0m[38;5;249mC[0m[38;5;249mo[0m[38;5;249mm[0m[38;5;249mp[0m[38;5;249mi[0m[38;5;249ml[0m[38;5;249me[0m[38;5;249mr[0m[38;5;249m,[0m[38;5;249m [0mWebpackPluginInstance[38;5;249m [0m[38;5;249m}[0m[38;5;249m [0m[38;5;249mf[0m[38;5;249mr[0m[38;5;249mo[0m[38;5;249mm[0m[38;5;249m [0m[38;5;249m'[0m[38;5;249mw[0m[38;5;249me[0m[38;5;249mb[0m[38;5;249mp[0m[38;5;249ma[0m[38;5;249mc[0m[38;5;249mk[0m[38;5;249m'[0m[38;5;249m;[0m
@module-federation/dts-plugin:build:  [38;5;240m  │[0m                    ──────────┬──────────  
@module-federation/dts-plugin:build:  [38;5;240m  │[0m                              ╰──────────── Missing export
@module-federation/dts-plugin:build:  [38;5;240m  │[0m 
@module-federation/dts-plugin:build:  [38;5;240m  │[0m [38;5;115mNote[0m: If you meant to import a type rather than a value, make sure to add the `type` modifier (e.g. `import { type Foo } from 'webpack'`).
@module-federation/dts-plugin:build: [38;5;246m───╯[0m
@module-federation/dts-plugin:build: 
@module-federation/dts-plugin:build: src/plugins/ConsumeTypesPlugin.d.ts (3:9) [33m[MISSING_EXPORT] Warning:[0m "Compiler" is not exported by "../../node_modules/.pnpm/webpack@5.104.1_@swc+core@1.7.26_@swc+helpers@0.5.13__esbuild@0.28.1_webpack-cli@5.1.4/node_modules/webpack/types.d.ts".
@module-federation/dts-plugin:build:    [38;5;246m╭[0m[38;5;246m─[0m[38;5;246m[[0m src/plugins/ConsumeTypesPlugin.d.ts:3:10 [38;5;246m][0m
@module-federation/dts-plugin:build:    [38;5;246m│[0m
@module-federation/dts-plugin:build:  [38;5;246m3 │[0m [38;5;249mi[0m[38;5;249mm[0m[38;5;249mp[0m[38;5;249mo[0m[38;5;249mr[0m[38;5;249mt[0m[38;5;249m [0m[38;5;249m{[0m[38;5;249m [0mCompiler[38;5;249m,[0m[38;5;249m [0m[38;5;249mW[0m[38;5;249me[0m[38;5;249mb[0m[38;5;249mp[0m[38;5;249ma[0m[38;5;249mc[0m[38;5;249mk[0m[38;5;249mP[0m[38;5;249ml[0m[38;5;249mu[0m[38;5;249mg[0m[38;5;249mi[0m[38;5;249mn[0m[38;5;249mI[0m[38;5;249mn[0m[38;5;249ms[0m[38;5;249mt[0m[38;5;249ma[0m[38;5;249mn[0m[38;5;249mc[0m[38;5;249me[0m[38;5;249m [0m[38;5;249m}[0m[38;5;249m [0m[38;5;249mf[0m[38;5;249mr[0m[38;5;249mo[0m[38;5;249mm[0m[38;5;249m [0m[38;5;249m'[0m[38;5;249mw[0m[38;5;249me[0m[38;5;249mb[0m[38;5;249mp[0m[38;5;249ma[0m[38;5;249mc[0m[38;5;249mk[0m[38;5;249m'[0m[38;5;249m;[0m
@module-federation/dts-plugin:build:  [38;5;240m  │[0m          ────┬───  
@module-federation/dts-plugin:build:  [38;5;240m  │[0m              ╰───── Missing export
@module-federation/dts-plugin:build:  [38;5;240m  │[0m 
@module-federation/dts-plugin:build:  [38;5;240m  │[0m [38;5;115mNote[0m: If you meant to import a type rather than a value, make sure to add the `type` modifier (e.g. `import { type Foo } from 'webpack'`).
@module-federation/dts-plugin:build: [38;5;246m───╯[0m
@module-federation/dts-plugin:build: 
@module-federation/dts-plugin:build: src/plugins/ConsumeTypesPlugin.d.ts (3:19) [33m[MISSING_EXPORT] Warning:[0m "WebpackPluginInstance" is not exported by "../../node_modules/.pnpm/webpack@5.104.1_@swc+core@1.7.26_@swc+helpers@0.5.13__esbuild@0.28.1_webpack-cli@5.1.4/node_modules/webpack/types.d.ts".
@module-federation/dts-plugin:build:    [38;5;246m╭[0m[38;5;246m─[0m[38;5;246m[[0m src/plugins/ConsumeTypesPlugin.d.ts:3:20 [38;5;246m][0m
@module-federation/dts-plugin:build:    [38;5;246m│[0m
@module-federation/dts-plugin:build:  [38;5;246m3 │[0m [38;5;249mi[0m[38;5;249mm[0m[38;5;249mp[0m[38;5;249mo[0m[38;5;249mr[0m[38;5;249mt[0m[38;5;249m [0m[38;5;249m{[0m[38;5;249m [0m[38;5;249mC[0m[38;5;249mo[0m[38;5;249mm[0m[38;5;249mp[0m[38;5;249mi[0m[38;5;249ml[0m[38;5;249me[0m[38;5;249mr[0m[38;5;249m,[0m[38;5;249m [0mWebpackPluginInstance[38;5;249m [0m[38;5;249m}[0m[38;5;249m [0m[38;5;249mf[0m[38;5;249mr[0m[38;5;249mo[0m[38;5;249mm[0m[38;5;249m [0m[38;5;249m'[0m[38;5;249mw[0m[38;5;249me[0m[38;5;249mb[0m[38;5;249mp[0m[38;5;249ma[0m[38;5;249mc[0m[38;5;249mk[0m[38;5;249m'[0m[38;5;249m;[0m
@module-federation/dts-plugin:build:  [38;5;240m  │[0m                    ──────────┬──────────  
@module-federation/dts-plugin:build:  [38;5;240m  │[0m                              ╰──────────── Missing export
@module-federation/dts-plugin:build:  [38;5;240m  │[0m 
@module-federation/dts-plugin:build:  [38;5;240m  │[0m [38;5;115mNote[0m: If you meant to import a type rather than a value, make sure to add the `type` modifier (e.g. `import { type Foo } from 'webpack'`).
@module-federation/dts-plugin:build: [38;5;246m───╯[0m
@module-federation/dts-plugin:build: 
@module-federation/dts-plugin:build: src/plugins/GenerateTypesPlugin.d.ts (3:9) [33m[MISSING_EXPORT] Warning:[0m "Compiler" is not exported by "../../node_modules/.pnpm/webpack@5.104.1_@swc+core@1.7.26_@swc+helpers@0.5.13__esbuild@0.28.1_webpack-cli@5.1.4/node_modules/webpack/types.d.ts".
@module-federation/dts-plugin:build:    [38;5;246m╭[0m[38;5;246m─[0m[38;5;246m[[0m src/plugins/GenerateTypesPlugin.d.ts:3:10 [38;5;246m][0m
@module-federation/dts-plugin:build:    [38;5;246m│[0m
@module-federation/dts-plugin:build:  [38;5;246m3 │[0m [38;5;249mi[0m[38;5;249mm[0m[38;5;249mp[0m[38;5;249mo[0m[38;5;249mr[0m[38;5;249mt[0m[38;5;249m [0m[38;5;249m{[0m[38;5;249m [0mCompiler[38;5;249m,[0m[38;5;249m [0m[38;5;249mW[0m[38;5;249me[0m[38;5;249mb[0m[38;5;249mp[0m[38;5;249ma[0m[38;5;249mc[0m[38;5;249mk[0m[38;5;249mP[0m[38;5;249ml[0m[38;5;249mu[0m[38;5;249mg[0m[38;5;249mi[0m[38;5;249mn[0m[38;5;249mI[0m[38;5;249mn[0m[38;5;249ms[0m[38;5;249mt[0m[38;5;249ma[0m[38;5;249mn[0m[38;5;249mc[0m[38;5;249me[0m[38;5;249m [0m[38;5;249m}[0m[38;5;249m [0m[38;5;249mf[0m[38;5;249mr[0m[38;5;249mo[0m[38;5;249mm[0m[38;5;249m [0m[38;5;249m'[0m[38;5;249mw[0m[38;5;249me[0m[38;5;249mb[0m[38;5;249mp[0m[38;5;249ma[0m[38;5;249mc[0m[38;5;249mk[0m[38;5;249m'[0m[38;5;249m;[0m
@module-federation/dts-plugin:build:  [38;5;240m  │[0m          ────┬───  
@module-federation/dts-plugin:build:  [38;5;240m  │[0m              ╰───── Missing export
@module-federation/dts-plugin:build:  [38;5;240m  │[0m 
@module-federation/dts-plugin:build:  [38;5;240m  │[0m [38;5;115mNote[0m: If you meant to import a type rather than a value, make sure to add the `type` modifier (e.g. `import { type Foo } from 'webpack'`).
@module-federation/dts-plugin:build: [38;5;246m───╯[0m
@module-federation/dts-plugin:build: 
@module-federation/dts-plugin:build: src/plugins/GenerateTypesPlugin.d.ts (3:19) [33m[MISSING_EXPORT] Warning:[0m "WebpackPluginInstance" is not exported by "../../node_modules/.pnpm/webpack@5.104.1_@swc+core@1.7.26_@swc+helpers@0.5.13__esbuild@0.28.1_webpack-cli@5.1.4/node_modules/webpack/types.d.ts".
@module-federation/dts-plugin:build:    [38;5;246m╭[0m[38;5;246m─[0m[38;5;246m[[0m src/plugins/GenerateTypesPlugin.d.ts:3:20 [38;5;246m][0m
@module-federation/dts-plugin:build:    [38;5;246m│[0m
@module-federation/dts-plugin:build:  [38;5;246m3 │[0m [38;5;249mi[0m[38;5;249mm[0m[38;5;249mp[0m[38;5;249mo[0m[38;5;249mr[0m[38;5;249mt[0m[38;5;249m [0m[38;5;249m{[0m[38;5;249m [0m[38;5;249mC[0m[38;5;249mo[0m[38;5;249mm[0m[38;5;249mp[0m[38;5;249mi[0m[38;5;249ml[0m[38;5;249me[0m[38;5;249mr[0m[38;5;249m,[0m[38;5;249m [0mWebpackPluginInstance[38;5;249m [0m[38;5;249m}[0m[38;5;249m [0m[38;5;249mf[0m[38;5;249mr[0m[38;5;249mo[0m[38;5;249mm[0m[38;5;249m [0m[38;5;249m'[0m[38;5;249mw[0m[38;5;249me[0m[38;5;249mb[0m[38;5;249mp[0m[38;5;249ma[0m[38;5;249mc[0m[38;5;249mk[0m[38;5;249m'[0m[38;5;249m;[0m
@module-federation/dts-plugin:build:  [38;5;240m  │[0m                    ──────────┬──────────  
@module-federation/dts-plugin:build:  [38;5;240m  │[0m                              ╰──────────── Missing export
@module-federation/dts-plugin:build:  [38;5;240m  │[0m 
@module-federation/dts-plugin:build:  [38;5;240m  │[0m [38;5;115mNote[0m: If you meant to import a type rather than a value, make sure to add the `type` modifier (e.g. `import { type Foo } from 'webpack'`).
@module-federation/dts-plugin:build: [38;5;246m───╯[0m
@module-federation/dts-plugin:build: 
@module-federation/dts-plugin:build: ../../node_modules/.pnpm/webpack@5.104.1_@swc+core@1.7.26_@swc+helpers@0.5.13__esbuild@0.28.1_webpack-cli@5.1.4/node_modules/webpack/types.d.ts (12:9) [33m[MISSING_EXPORT] Warning:[0m "AsArray" is not exported by "../../node_modules/.pnpm/tapable@2.3.0/node_modules/tapable/tapable.d.ts".
@module-federation/dts-plugin:build:     [38;5;246m╭[0m[38;5;246m─[0m[38;5;246m[[0m ../../node_modules/.pnpm/webpack@5.104.1_@swc+core@1.7.26_@swc+helpers@0.5.13__esbuild@0.28.1_webpack-cli@5.1.4/node_modules/webpack/types.d.ts:12:10 [38;5;246m][0m
@module-federation/dts-plugin:build:     [38;5;246m│[0m
@module-federation/dts-plugin:build:  [38;5;246m12 │[0m [38;5;249mi[0m[38;5;249mm[0m[38;5;249mp[0m[38;5;249mo[0m[38;5;249mr[0m[38;5;249mt[0m[38;5;249m [0m[38;5;249m{[0m[38;5;249m [0mAsArray[38;5;249m,[0m[38;5;249m [0m[38;5;249mA[0m[38;5;249ms[0m[38;5;249my[0m[38;5;249mn[0m[38;5;249mc[0m[38;5;249mP[0m[38;5;249ma[0m[38;5;249mr[0m[38;5;249ma[0m[38;5;249ml[0m[38;5;249ml[0m[38;5;249me[0m[38;5;249ml[0m[38;5;249mH[0m[38;5;249mo[0m[38;5;249mo[0m[38;5;249mk[0m[38;5;249m,[0m[38;5;249m [0m[38;5;249mA[0m[38;5;249ms[0m[38;5;249my[0m[38;5;249mn[0m[38;5;249mc[0m[38;5;249mS[0m[38;5;249me[0m[38;5;249mr[0m[38;5;249mi[0m[38;5;249me[0m[38;5;249ms[0m[38;5;249mB[0m[38;5;249ma[0m[38;5;249mi[0m[38;5;249ml[0m[38;5;249mH[0m[38;5;249mo[0m[38;5;249mo[0m[38;5;249mk[0m[38;5;249m,[0m[38;5;249m [0m[38;5;249mA[0m[38;5;249ms[0m[38;5;249my[0m[38;5;249mn[0m[38;5;249mc[0m[38;5;249mS[0m[38;5;249me[0m[38;5;249mr[0m[38;5;249mi[0m[38;5;249me[0m[38;5;249ms[0m[38;5;249mH[0m[38;5;249mo[0m[38;5;249mo[0m[38;5;249mk[0m[38;5;249m,[0m[38;5;249m [0m[38;5;249mA[0m[38;5;249ms[0m[38;5;249my[0m[38;5;249mn[0m[38;5;249mc[0m[38;5;249mS[0m[38;5;249me[0m[38;5;249mr[0m[38;5;249mi[0m[38;5;249me[0m[38;5;249ms[0m[38;5;249mW[0m[38;5;249ma[0m[38;5;249mt[0m[38;5;249me[0m[38;5;249mr[0m[38;5;249mf[0m[38;5;249ma[0m[38;5;249ml[0m[38;5;249ml[0m[38;5;249mH[0m[38;5;249mo[0m[38;5;249mo[0m[38;5;249mk[0m[38;5;249m,[0m[38;5;249m [0m[38;5;249mH[0m[38;5;249mo[0m[38;5;249mo[0m[38;5;249mk[0m[38;5;249mM[0m[38;5;249ma[0m[38;5;249mp[0m[38;5;249m,[0m[38;5;249m [0m[38;5;249mI[0m[38;5;249mf[0m[38;5;249mS[0m[38;5;249me[0m[38;5;249mt[0m[38;5;249m,[0m[38;5;249m [0m[38;5;249mM[0m[38;5;249mu[0m[38;5;249ml[0m[38;5;249mt[0m[38;5;249mi[0m[38;5;249mH[0m[38;5;249mo[0m[38;5;249mo[0m[38;5;249mk[0m[38;5;249m,[0m[38;5;249m [0m[38;5;249mS[0m[38;5;249my[0m[38;5;249mn[0m[38;5;249mc[0m[38;5;249mB[0m[38;5;249ma[0m[38;5;249mi[0m[38;5;249ml[0m[38;5;249mH[0m[38;5;249mo[0m[38;5;249mo[0m[38;5;249mk[0m[38;5;249m,[0m[38;5;249m [0m[38;5;249mS[0m[38;5;249my[0m[38;5;249mn[0m[38;5;249mc[0m[38;5;249mH[0m[38;5;249mo[0m[38;5;249mo[0m[38;5;249mk[0m[38;5;249m,[0m[38;5;249m [0m[38;5;249mS[0m[38;5;249my[0m[38;5;249mn[0m[38;5;249mc[0m[38;5;249mW[0m[38;5;249ma[0m[38;5;249mt[0m[38;5;249me[0m[38;5;249mr[0m[38;5;249mf[0m[38;5;249ma[0m[38;5;249ml[0m[38;5;249ml[0m[38;5;249mH[0m[38;5;249mo[0m[38;5;249mo[0m[38;5;249mk[0m[38;5;249m,[0m[38;5;249m [0m[38;5;249mT[0m[38;5;249ma[0m[38;5;249mp[0m[38;5;249mO[0m[38;5;249mp[0m[38;5;249mt[0m[38;5;249mi[0m[38;5;249mo[0m[38;5;249mn[0m[38;5;249ms[0m[38;5;249m,[0m[38;5;249m [0m[38;5;249mT[0m[38;5;249my[0m[38;5;249mp[0m[38;5;249me[0m[38;5;249md[0m[38;5;249mH[0m[38;5;249mo[0m[38;5;249mo[0m[38;5;249mk[0m[38;5;249mM[0m[38;5;249ma[0m[38;5;249mp[0m[38;5;249m [0m[38;5;249m}[0m[38;5;249m [0m[38;5;249mf[0m[38;5;249mr[0m[38;5;249mo[0m[38;5;249mm[0m[38;5;249m [0m[38;5;249m"[0m[38;5;249mt[0m[38;5;249ma[0m[38;5;249mp[0m[38;5;249ma[0m[38;5;249mb[0m[38;5;249ml[0m[38;5;249me[0m[38;5;249m"[0m[38;5;249m;[0m
@module-federation/dts-plugin:build:  [38;5;240m   │[0m          ───┬───  
@module-federation/dts-plugin:build:  [38;5;240m   │[0m             ╰───── Missing export
@module-federation/dts-plugin:build:  [38;5;240m   │[0m 
@module-federation/dts-plugin:build:  [38;5;240m   │[0m [38;5;115mNote[0m: If you meant to import a type rather than a value, make sure to add the `type` modifier (e.g. `import { type Foo } from 'tapable'`).
@module-federation/dts-plugin:build: [38;5;246m────╯[0m
@module-federation/dts-plugin:build: 
@module-federation/dts-plugin:build: ../../node_modules/.pnpm/webpack@5.104.1_@swc+core@1.7.26_@swc+helpers@0.5.13__esbuild@0.28.1_webpack-cli@5.1.4/node_modules/webpack/types.d.ts (12:110) [33m[MISSING_EXPORT] Warning:[0m "IfSet" is not exported by "../../node_modules/.pnpm/tapable@2.3.0/node_modules/tapable/tapable.d.ts".
@module-federation/dts-plugin:build:     [38;5;246m╭[0m[38;5;246m─[0m[38;5;246m[[0m ../../node_modules/.pnpm/webpack@5.104.1_@swc+core@1.7.26_@swc+helpers@0.5.13__esbuild@0.28.1_webpack-cli@5.1.4/node_modules/webpack/types.d.ts:12:111 [38;5;246m][0m
@module-federation/dts-plugin:build:     [38;5;246m│[0m
@module-federation/dts-plugin:build:  [38;5;246m12 │[0m [38;5;249mi[0m[38;5;249mm[0m[38;5;249mp[0m[38;5;249mo[0m[38;5;249mr[0m[38;5;249mt[0m[38;5;249m [0m[38;5;249m{[0m[38;5;249m [0m[38;5;249mA[0m[38;5;249ms[0m[38;5;249mA[0m[38;5;249mr[0m[38;5;249mr[0m[38;5;249ma[0m[38;5;249my[0m[38;5;249m,[0m[38;5;249m [0m[38;5;249mA[0m[38;5;249ms[0m[38;5;249my[0m[38;5;249mn[0m[38;5;249mc[0m[38;5;249mP[0m[38;5;249ma[0m[38;5;249mr[0m[38;5;249ma[0m[38;5;249ml[0m[38;5;249ml[0m[38;5;249me[0m[38;5;249ml[0m[38;5;249mH[0m[38;5;249mo[0m[38;5;249mo[0m[38;5;249mk[0m[38;5;249m,[0m[38;5;249m [0m[38;5;249mA[0m[38;5;249ms[0m[38;5;249my[0m[38;5;249mn[0m[38;5;249mc[0m[38;5;249mS[0m[38;5;249me[0m[38;5;249mr[0m[38;5;249mi[0m[38;5;249me[0m[38;5;249ms[0m[38;5;249mB[0m[38;5;249ma[0m[38;5;249mi[0m[38;5;249ml[0m[38;5;249mH[0m[38;5;249mo[0m[38;5;249mo[0m[38;5;249mk[0m[38;5;249m,[0m[38;5;249m [0m[38;5;249mA[0m[38;5;249ms[0m[38;5;249my[0m[38;5;249mn[0m[38;5;249mc[0m[38;5;249mS[0m[38;5;249me[0m[38;5;249mr[0m[38;5;249mi[0m[38;5;249me[0m[38;5;249ms[0m[38;5;249mH[0m[38;5;249mo[0m[38;5;249mo[0m[38;5;249mk[0m[38;5;249m,[0m[38;5;249m [0m[38;5;249mA[0m[38;5;249ms[0m[38;5;249my[0m[38;5;249mn[0m[38;5;249mc[0m[38;5;249mS[0m[38;5;249me[0m[38;5;249mr[0m[38;5;249mi[0m[38;5;249me[0m[38;5;249ms[0m[38;5;249mW[0m[38;5;249ma[0m[38;5;249mt[0m[38;5;249me[0m[38;5;249mr[0m[38;5;249mf[0m[38;5;249ma[0m[38;5;249ml[0m[38;5;249ml[0m[38;5;249mH[0m[38;5;249mo[0m[38;5;249mo[0m[38;5;249mk[0m[38;5;249m,[0m[38;5;249m [0m[38;5;249mH[0m[38;5;249mo[0m[38;5;249mo[0m[38;5;249mk[0m[38;5;249mM[0m[38;5;249ma[0m[38;5;249mp[0m[38;5;249m,[0m[38;5;249m [0mIfSet[38;5;249m,[0m[38;5;249m [0m[38;5;249mM[0m[38;5;249mu[0m[38;5;249ml[0m[38;5;249mt[0m[38;5;249mi[0m[38;5;249mH[0m[38;5;249mo[0m[38;5;249mo[0m[38;5;249mk[0m[38;5;249m,[0m[38;5;249m [0m[38;5;249mS[0m[38;5;249my[0m[38;5;249mn[0m[38;5;249mc[0m[38;5;249mB[0m[38;5;249ma[0m[38;5;249mi[0m[38;5;249ml[0m[38;5;249mH[0m[38;5;249mo[0m[38;5;249mo[0m[38;5;249mk[0m[38;5;249m,[0m[38;5;249m [0m[38;5;249mS[0m[38;5;249my[0m[38;5;249mn[0m[38;5;249mc[0m[38;5;249mH[0m[38;5;249mo[0m[38;5;249mo[0m[38;5;249mk[0m[38;5;249m,[0m[38;5;249m [0m[38;5;249mS[0m[38;5;249my[0m[38;5;249mn[0m[38;5;249mc[0m[38;5;249mW[0m[38;5;249ma[0m[38;5;249mt[0m[38;5;249me[0m[38;5;249mr[0m[38;5;249mf[0m[38;5;249ma[0m[38;5;249ml[0m[38;5;249ml[0m[38;5;249mH[0m[38;5;249mo[0m[38;5;249mo[0m[38;5;249mk[0m[38;5;249m,[0m[38;5;249m [0m[38;5;249mT[0m[38;5;249ma[0m[38;5;249mp[0m[38;5;249mO[0m[38;5;249mp[0m[38;5;249mt[0m[38;5;249mi[0m[38;5;249mo[0m[38;5;249mn[0m[38;5;249ms[0m[38;5;249m,[0m[38;5;249m [0m[38;5;249mT[0m[38;5;249my[0m[38;5;249mp[0m[38;5;249me[0m[38;5;249md[0m[38;5;249mH[0m[38;5;249mo[0m[38;5;249mo[0m[38;5;249mk[0m[38;5;249mM[0m[38;5;249ma[0m[38;5;249mp[0m[38;5;249m [0m[38;5;249m}[0m[38;5;249m [0m[38;5;249mf[0m[38;5;249mr[0m[38;5;249mo[0m[38;5;249mm[0m[38;5;249m [0m[38;5;249m"[0m[38;5;249mt[0m[38;5;249ma[0m[38;5;249mp[0m[38;5;249ma[0m[38;5;249mb[0m[38;5;249ml[0m[38;5;249me[0m[38;5;249m"[0m[38;5;249m;[0m
@module-federation/dts-plugin:build:  [38;5;240m   │[0m                                                                                                               ──┬──  
@module-federation/dts-plugin:build:  [38;5;240m   │[0m                                                                                                                 ╰──── Missing export
@module-federation/dts-plugin:build:  [38;5;240m   │[0m 
@module-federation/dts-plugin:build:  [38;5;240m   │[0m [38;5;115mNote[0m: If you meant to import a type rather than a value, make sure to add the `type` modifier (e.g. `import { type Foo } from 'tapable'`).
@module-federation/dts-plugin:build: [38;5;246m────╯[0m
@module-federation/dts-plugin:build: 
@module-federation/dts-plugin:build: ../../node_modules/.pnpm/webpack@5.104.1_@swc+core@1.7.26_@swc+helpers@0.5.13__esbuild@0.28.1_webpack-cli@5.1.4/node_modules/webpack/types.d.ts (12:171) [33m[MISSING_EXPORT] Warning:[0m "TapOptions" is not exported by "../../node_modules/.pnpm/tapable@2.3.0/node_modules/tapable/tapable.d.ts".
@module-federation/dts-plugin:build:     [38;5;246m╭[0m[38;5;246m─[0m[38;5;246m[[0m ../../node_modules/.pnpm/webpack@5.104.1_@swc+core@1.7.26_@swc+helpers@0.5.13__esbuild@0.28.1_webpack-cli@5.1.4/node_modules/webpack/types.d.ts:12:172 [38;5;246m][0m
@module-federation/dts-plugin:build:     [38;5;246m│[0m
@module-federation/dts-plugin:build:  [38;5;246m12 │[0m [38;5;249mi[0m[38;5;249mm[0m[38;5;249mp[0m[38;5;249mo[0m[38;5;249mr[0m[38;5;249mt[0m[38;5;249m [0m[38;5;249m{[0m[38;5;249m [0m[38;5;249mA[0m[38;5;249ms[0m[38;5;249mA[0m[38;5;249mr[0m[38;5;249mr[0m[38;5;249ma[0m[38;5;249my[0m[38;5;249m,[0m[38;5;249m [0m[38;5;249mA[0m[38;5;249ms[0m[38;5;249my[0m[38;5;249mn[0m[38;5;249mc[0m[38;5;249mP[0m[38;5;249ma[0m[38;5;249mr[0m[38;5;249ma[0m[38;5;249ml[0m[38;5;249ml[0m[38;5;249me[0m[38;5;249ml[0m[38;5;249mH[0m[38;5;249mo[0m[38;5;249mo[0m[38;5;249mk[0m[38;5;249m,[0m[38;5;249m [0m[38;5;249mA[0m[38;5;249ms[0m[38;5;249my[0m[38;5;249mn[0m[38;5;249mc[0m[38;5;249mS[0m[38;5;249me[0m[38;5;249mr[0m[38;5;249mi[0m[38;5;249me[0m[38;5;249ms[0m[38;5;249mB[0m[38;5;249ma[0m[38;5;249mi[0m[38;5;249ml[0m[38;5;249mH[0m[38;5;249mo[0m[38;5;249mo[0m[38;5;249mk[0m[38;5;249m,[0m[38;5;249m [0m[38;5;249mA[0m[38;5;249ms[0m[38;5;249my[0m[38;5;249mn[0m[38;5;249mc[0m[38;5;249mS[0m[38;5;249me[0m[38;5;249mr[0m[38;5;249mi[0m[38;5;249me[0m[38;5;249ms[0m[38;5;249mH[0m[38;5;249mo[0m[38;5;249mo[0m[38;5;249mk[0m[38;5;249m,[0m[38;5;249m [0m[38;5;249mA[0m[38;5;249ms[0m[38;5;249my[0m[38;5;249mn[0m[38;5;249mc[0m[38;5;249mS[0m[38;5;249me[0m[38;5;249mr[0m[38;5;249mi[0m[38;5;249me[0m[38;5;249ms[0m[38;5;249mW[0m[38;5;249ma[0m[38;5;249mt[0m[38;5;249me[0m[38;5;249mr[0m[38;5;249mf[0m[38;5;249ma[0m[38;5;249ml[0m[38;5;249ml[0m[38;5;249mH[0m[38;5;249mo[0m[38;5;249mo[0m[38;5;249mk[0m[38;5;249m,[0m[38;5;249m [0m[38;5;249mH[0m[38;5;249mo[0m[38;5;249mo[0m[38;5;249mk[0m[38;5;249mM[0m[38;5;249ma[0m[38;5;249mp[0m[38;5;249m,[0m[38;5;249m [0m[38;5;249mI[0m[38;5;249mf[0m[38;5;249mS[0m[38;5;249me[0m[38;5;249mt[0m[38;5;249m,[0m[38;5;249m [0m[38;5;249mM[0m[38;5;249mu[0m[38;5;249ml[0m[38;5;249mt[0m[38;5;249mi[0m[38;5;249mH[0m[38;5;249mo[0m[38;5;249mo[0m[38;5;249mk[0m[38;5;249m,[0m[38;5;249m [0m[38;5;249mS[0m[38;5;249my[0m[38;5;249mn[0m[38;5;249mc[0m[38;5;249mB[0m[38;5;249ma[0m[38;5;249mi[0m[38;5;249ml[0m[38;5;249mH[0m[38;5;249mo[0m[38;5;249mo[0m[38;5;249mk[0m[38;5;249m,[0m[38;5;249m [0m[38;5;249mS[0m[38;5;249my[0m[38;5;249mn[0m[38;5;249mc[0m[38;5;249mH[0m[38;5;249mo[0m[38;5;249mo[0m[38;5;249mk[0m[38;5;249m,[0m[38;5;249m [0m[38;5;249mS[0m[38;5;249my[0m[38;5;249mn[0m[38;5;249mc[0m[38;5;249mW[0m[38;5;249ma[0m[38;5;249mt[0m[38;5;249me[0m[38;5;249mr[0m[38;5;249mf[0m[38;5;249ma[0m[38;5;249ml[0m[38;5;249ml[0m[38;5;249mH[0m[38;5;249mo[0m[38;5;249mo[0m[38;5;249mk[0m[38;5;249m,[0m[38;5;249m [0mTapOptions[38;5;249m,[0m[38;5;249m [0m[38;5;249mT[0m[38;5;249my[0m[38;5;249mp[0m[38;5;249me[0m[38;5;249md[0m[38;5;249mH[0m[38;5;249mo[0m[38;5;249mo[0m[38;5;249mk[0m[38;5;249mM[0m[38;5;249ma[0m[38;5;249mp[0m[38;5;249m [0m[38;5;249m}[0m[38;5;249m [0m[38;5;249mf[0m[38;5;249mr[0m[38;5;249mo[0m[38;5;249mm[0m[38;5;249m [0m[38;5;249m"[0m[38;5;249mt[0m[38;5;249ma[0m[38;5;249mp[0m[38;5;249ma[0m[38;5;249mb[0m[38;5;249ml[0m[38;5;249me[0m[38;5;249m"[0m[38;5;249m;[0m
@module-federation/dts-plugin:build:  [38;5;240m   │[0m                                                                                                                                                                            ─────┬────  
@module-federation/dts-plugin:build:  [38;5;240m   │[0m                                                                                                                                                                                 ╰────── Missing export
@module-federation/dts-plugin:build:  [38;5;240m   │[0m 
@module-federation/dts-plugin:build:  [38;5;240m   │[0m [38;5;115mNote[0m: If you meant to import a type rather than a value, make sure to add the `type` modifier (e.g. `import { type Foo } from 'tapable'`).
@module-federation/dts-plugin:build: [38;5;246m────╯[0m
@module-federation/dts-plugin:build: 
@module-federation/dts-plugin:build: ../../node_modules/.pnpm/ajv@8.18.0/node_modules/ajv/dist/types/index.d.ts (1:9) [33m[MISSING_EXPORT] Warning:[0m "URIComponent" is not exported by "../../node_modules/.pnpm/fast-uri@3.1.0/node_modules/fast-uri/types/index.d.ts".
@module-federation/dts-plugin:build:    [38;5;246m╭[0m[38;5;246m─[0m[38;5;246m[[0m ../../node_modules/.pnpm/ajv@8.18.0/node_modules/ajv/dist/types/index.d.ts:1:10 [38;5;246m][0m
@module-federation/dts-plugin:build:    [38;5;246m│[0m
@module-federation/dts-plugin:build:  [38;5;246m1 │[0m [38;5;249mi[0m[38;5;249mm[0m[38;5;249mp[0m[38;5;249mo[0m[38;5;249mr[0m[38;5;249mt[0m[38;5;249m [0m[38;5;249m{[0m[38;5;249m [0mURIComponent[38;5;249m [0m[38;5;249m}[0m[38;5;249m [0m[38;5;249mf[0m[38;5;249mr[0m[38;5;249mo[0m[38;5;249mm[0m[38;5;249m [0m[38;5;249m"[0m[38;5;249mf[0m[38;5;249ma[0m[38;5;249ms[0m[38;5;249mt[0m[38;5;249m-[0m[38;5;249mu[0m[38;5;249mr[0m[38;5;249mi[0m[38;5;249m"[0m[38;5;249m;[0m
@module-federation/dts-plugin:build:  [38;5;240m  │[0m          ──────┬─────  
@module-federation/dts-plugin:build:  [38;5;240m  │[0m                ╰─────── Missing export
@module-federation/dts-plugin:build:  [38;5;240m  │[0m 
@module-federation/dts-plugin:build:  [38;5;240m  │[0m [38;5;115mNote[0m: If you meant to import a type rather than a value, make sure to add the `type` modifier (e.g. `import { type Foo } from 'fast-uri'`).
@module-federation/dts-plugin:build: [38;5;246m───╯[0m
@module-federation/dts-plugin:build: 
@module-federation/dts-plugin:build: ../../node_modules/.pnpm/ajv@8.18.0/node_modules/ajv/dist/compile/resolve.d.ts (3:9) [33m[MISSING_EXPORT] Warning:[0m "URIComponent" is not exported by "../../node_modules/.pnpm/fast-uri@3.1.0/node_modules/fast-uri/types/index.d.ts".
@module-federation/dts-plugin:build:    [38;5;246m╭[0m[38;5;246m─[0m[38;5;246m[[0m ../../node_modules/.pnpm/ajv@8.18.0/node_modules/ajv/dist/compile/resolve.d.ts:3:10 [38;5;246m][0m
@module-federation/dts-plugin:build:    [38;5;246m│[0m
@module-federation/dts-plugin:build:  [38;5;246m3 │[0m [38;5;249mi[0m[38;5;249mm[0m[38;5;249mp[0m[38;5;249mo[0m[38;5;249mr[0m[38;5;249mt[0m[38;5;249m [0m[38;5;249m{[0m[38;5;249m [0mURIComponent[38;5;249m [0m[38;5;249m}[0m[38;5;249m [0m[38;5;249mf[0m[38;5;249mr[0m[38;5;249mo[0m[38;5;249mm[0m[38;5;249m [0m[38;5;249m"[0m[38;5;249mf[0m[38;5;249ma[0m[38;5;249ms[0m[38;5;249mt[0m[38;5;249m-[0m[38;5;249mu[0m[38;5;249mr[0m[38;5;249mi[0m[38;5;249m"[0m[38;5;249m;[0m
@module-federation/dts-plugin:build:  [38;5;240m  │[0m          ──────┬─────  
@module-federation/dts-plugin:build:  [38;5;240m  │[0m                ╰─────── Missing export
@module-federation/dts-plugin:build:  [38;5;240m  │[0m 
@module-federation/dts-plugin:build:  [38;5;240m  │[0m [38;5;115mNote[0m: If you meant to import a type rather than a value, make sure to add the `type` modifier (e.g. `import { type Foo } from 'fast-uri'`).
@module-federation/dts-plugin:build: [38;5;246m───╯[0m
@module-federation/dts-plugin:build: 
@module-federation/dts-plugin:build: [33m[PLUGIN_TIMINGS] Warning:[0m Your build spent significant time in plugin `rolldown-plugin-dts:resolver`. See https://rolldown.rs/options/checks#plugintimings for more details.
@module-federation/dts-plugin:build: 
@module-federation/dts-plugin:build: ✔ [dts-plugin-cjs] Build complete in 4619ms
@module-federation/cli:build: cache bypass, force executing a9a631edc246a4b4
@module-federation/manifest:build: cache bypass, force executing c93c076fc3580da2
@module-federation/cli:build: 
@module-federation/cli:build: > @module-federation/cli@2.9.2 build /Users/zackjackson/Documents/Codex/2026-10-02/task-4/stack5141/packages/cli
@module-federation/cli:build: > rslib build
@module-federation/cli:build: 
@module-federation/manifest:build: 
@module-federation/manifest:build: > @module-federation/manifest@2.9.2 build /Users/zackjackson/Documents/Codex/2026-10-02/task-4/stack5141/packages/manifest
@module-federation/manifest:build: > rslib build
@module-federation/manifest:build: 
@module-federation/cli:build: Rslib v0.23.2
@module-federation/cli:build: 
@module-federation/manifest:build: Rslib v0.23.2
@module-federation/manifest:build: 
@module-federation/cli:build: (node:90506) Warning: Failed to load the ES module: file:///Users/zackjackson/Documents/Codex/2026-10-02/task-4/stack5141/packages/cli/rslib.config.ts?fresh-import-7ckuc7paqtf=0,file:///Users/zackjackson/Documents/Codex/2026-10-02/task-4/stack5141/packages/cli/rslib.config.ts. Make sure to set "type": "module" in the nearest package.json file or use the .mjs extension.
@module-federation/cli:build: (Use `node --trace-warnings ...` to show where the warning was created)
@module-federation/cli:build: (node:90506) Warning: Failed to load the ES module: file:///Users/zackjackson/Documents/Codex/2026-10-02/task-4/stack5141/packages/cli/rslib.config.ts?t=1791005131964. Make sure to set "type": "module" in the nearest package.json file or use the .mjs extension.
@module-federation/manifest:build: (node:90519) [MODULE_TYPELESS_PACKAGE_JSON] Warning: Module type of file:///Users/zackjackson/Documents/Codex/2026-10-02/task-4/stack5141/packages/manifest/rslib.config.ts?fresh-import-rzeg8nhcgwc=0,file:///Users/zackjackson/Documents/Codex/2026-10-02/task-4/stack5141/packages/manifest/rslib.config.ts is not specified and it doesn't parse as CommonJS.
@module-federation/manifest:build: Reparsing as ES module because module syntax was detected. This incurs a performance overhead.
@module-federation/manifest:build: To eliminate this warning, add "type": "module" to /Users/zackjackson/Documents/Codex/2026-10-02/task-4/stack5141/packages/manifest/package.json.
@module-federation/manifest:build: (Use `node --trace-warnings ...` to show where the warning was created)
@module-federation/manifest:build: info    build started...
@module-federation/cli:build: info    build started...
@module-federation/cli:build: start   generating declaration files... (cjs)
@module-federation/manifest:build: start   generating declaration files... (esm)
@module-federation/manifest:build: ready   declaration files generated with tsgo in 0.14 s (esm)
@module-federation/cli:build: ready   declaration files generated with tsgo in 0.15 s (cjs)
@module-federation/cli:build: ready   built in 1.39s
@module-federation/cli:build: 
@module-federation/cli:build: 9 files generated in dist, total: 24.5 kB (cjs)
@module-federation/cli:build: 
@module-federation/cli:build: info    Publint passed.
@module-federation/manifest:build: ready   built in 1.61s (esm)
@module-federation/manifest:build: ready   built in 1.61s (cjs)
@module-federation/manifest:build: 
@module-federation/manifest:build: 10 files generated in dist, total: 52.8 kB (esm)
@module-federation/manifest:build: 
@module-federation/manifest:build: 10 files generated in dist, total: 77.6 kB (cjs)
@module-federation/manifest:build: 
@module-federation/manifest:build: warn    Publint found 1 warnings:
@module-federation/manifest:build: 
@module-federation/manifest:build: warn    pkg.exports["."].import.types types is interpreted as CJS when resolving with the "import" condition. This causes the types to be ambiguous when default importing the package due to its implied interop. Consider splitting out two "types" conditions for "import" and "require", and use the .mts extension, e.g. pkg.exports["."].import.import.types: "./dist/index.d.mts"
@module-federation/manifest:build: info    Publint found 1 suggestions:
@module-federation/manifest:build: info    The package does not specify the "type" field. NodeJS may attempt to detect the package type causing a small performance hit. Consider adding "type": "commonjs".
@module-federation/rspack:build: cache bypass, force executing bbdb29215b847d0e
@module-federation/rspack:build: 
@module-federation/rspack:build: > @module-federation/rspack@2.9.2 build /Users/zackjackson/Documents/Codex/2026-10-02/task-4/stack5141/packages/rspack
@module-federation/rspack:build: > rslib build
@module-federation/rspack:build: 
@module-federation/rspack:build: Rslib v0.23.2
@module-federation/rspack:build: 
@module-federation/rspack:build: (node:90680) [MODULE_TYPELESS_PACKAGE_JSON] Warning: Module type of file:///Users/zackjackson/Documents/Codex/2026-10-02/task-4/stack5141/packages/rspack/rslib.config.ts?fresh-import-obpy4zx5tp=0,file:///Users/zackjackson/Documents/Codex/2026-10-02/task-4/stack5141/packages/rspack/rslib.config.ts is not specified and it doesn't parse as CommonJS.
@module-federation/rspack:build: Reparsing as ES module because module syntax was detected. This incurs a performance overhead.
@module-federation/rspack:build: To eliminate this warning, add "type": "module" to /Users/zackjackson/Documents/Codex/2026-10-02/task-4/stack5141/packages/rspack/package.json.
@module-federation/rspack:build: (Use `node --trace-warnings ...` to show where the warning was created)
@module-federation/rspack:build: info    build started...
@module-federation/rspack:build: start   generating declaration files... (esm)
@module-federation/rspack:build: ready   declaration files generated with tsgo in 0.17 s (esm)
@module-federation/rspack:build: ready   built in 3.54s (esm)
@module-federation/rspack:build: ready   built in 3.54s (cjs)
@module-federation/rspack:build: 
@module-federation/rspack:build: 11 files generated in dist, total: 37.5 kB (esm)
@module-federation/rspack:build: 
@module-federation/rspack:build: 11 files generated in dist, total: 64.4 kB (cjs)
@module-federation/rspack:build: 
@module-federation/rspack:build: warn    Publint found 1 warnings:
@module-federation/rspack:build: warn    pkg.exports["."].import.types types is interpreted as CJS when resolving with the "import" condition. This causes the types to be ambiguous when default importing the package due to its implied interop. Consider splitting out two "types" conditions for "import" and "require", and use the .mts extension, e.g. pkg.exports["."].import.import.types: "./dist/index.d.mts"
@module-federation/rspack:build: 
@module-federation/rspack:build: info    Publint found 1 suggestions:
@module-federation/rspack:build: info    The package does not specify the "type" field. NodeJS may attempt to detect the package type causing a small performance hit. Consider adding "type": "commonjs".
@module-federation/enhanced:build: cache bypass, force executing 1f862036cdf7fd78
@module-federation/enhanced:build: 
@module-federation/enhanced:build: > @module-federation/enhanced@2.9.2 build /Users/zackjackson/Documents/Codex/2026-10-02/task-4/stack5141/packages/enhanced
@module-federation/enhanced:build: > node -e "require('fs').rmSync('dist',{recursive:true,force:true})" && pnpm -C . exec tsdown --config tsdown.config.mts && cp *.md dist && node -e "const fs=require('fs');const path=require('path');const src='src';const dst='dist/src';(function w(d){for(const e of fs.readdirSync(d,{withFileTypes:true})){const p=path.join(d,e.name);if(e.isDirectory())w(p);else if(e.name.endsWith('.d.ts')){const rel=path.relative(src,p);const out=path.join(dst,rel);fs.mkdirSync(path.dirname(out),{recursive:true});fs.copyFileSync(p,out);}}})(src);"
@module-federation/enhanced:build: 
@module-federation/enhanced:build: ℹ tsdown v0.20.3 powered by rolldown v1.0.0-rc.3
@module-federation/enhanced:build: ℹ config file: /Users/zackjackson/Documents/Codex/2026-10-02/task-4/stack5141/packages/enhanced/tsdown.config.mts 
@module-federation/enhanced:build: ℹ [enhanced-runtime-esm] entry: src/runtime.ts
@module-federation/enhanced:build: ℹ [enhanced-runtime-esm] tsconfig: tsconfig.lib.json
@module-federation/enhanced:build: ℹ [enhanced-build] entry: src/index.ts, src/rspack.ts, src/runtime.ts, src/utils.ts, src/webpack.ts, src/lib/Constants.ts, src/lib/makeSerializable.ts, src/runtime/AddRuntimeRequirementToPromiseExternalPlugin.ts, src/wrapper/AsyncBoundaryPlugin.ts, src/wrapper/BaseWrapperPlugin.ts, src/wrapper/ConsumeSharedPlugin.ts, src/wrapper/ContainerPlugin.ts, src/wrapper/ContainerReferencePlugin.ts, src/wrapper/FederationModulesPlugin.ts, src/wrapper/FederationRuntimePlugin.ts, src/wrapper/HoistContainerReferencesPlugin.ts, src/wrapper/ModuleFederationPlugin.ts, src/wrapper/ProvideSharedPlugin.ts, src/wrapper/SharePlugin.ts, src/wrapper/TreeShakingSharedPlugin.ts, src/lib/sharing/ConsumeSharedFallbackDependency.ts, src/lib/sharing/ConsumeSharedModule.ts, src/lib/sharing/ConsumeSharedPlugin.ts, src/lib/sharing/ConsumeSharedRuntimeModule.ts, src/lib/sharing/ProvideForSharedDependency.ts, src/lib/sharing/ProvideSharedDependency.ts, src/lib/sharing/ProvideSharedModule.ts, src/lib/sharing/ProvideSharedModuleFactory.ts, src/lib/sharing/ProvideSharedPlugin.ts, src/lib/sharing/SharePlugin.ts, src/lib/sharing/ShareRuntimeModule.ts, src/lib/sharing/resolveMatchedConfigs.ts, src/lib/sharing/utils.ts, src/lib/container/AsyncBoundaryPlugin.ts, src/lib/container/ContainerEntryDependency.ts, src/lib/container/ContainerEntryModule.ts, src/lib/container/ContainerEntryModuleFactory.ts, src/lib/container/ContainerExposedDependency.ts, src/lib/container/ContainerPlugin.ts, src/lib/container/ContainerReferencePlugin.ts, src/lib/container/FallbackDependency.ts, src/lib/container/FallbackItemDependency.ts, src/lib/container/FallbackModule.ts, src/lib/container/FallbackModuleFactory.ts, src/lib/container/HoistContainerReferencesPlugin.ts, src/lib/container/ModuleFederationPlugin.ts, src/lib/container/RemoteModule.ts, src/lib/container/RemoteRuntimeModule.ts, src/lib/container/RemoteToExternalDependency.ts, src/lib/container/constant.ts, src/lib/container/options.ts, src/schemas/container/ContainerPlugin.check.ts, src/schemas/container/ContainerPlugin.ts, src/schemas/container/ContainerReferencePlugin.check.ts, src/schemas/container/ContainerReferencePlugin.ts, src/schemas/container/ExternalsType.check.ts, src/schemas/container/ExternalsType.ts, src/schemas/container/ModuleFederationPlugin.check.ts, src/schemas/container/ModuleFederationPlugin.ts, src/lib/startup/MfStartupChunkDependenciesPlugin.ts, src/lib/startup/StartupHelpers.ts, src/schemas/sharing/ConsumeSharedPlugin.check.ts, src/schemas/sharing/ConsumeSharedPlugin.ts, src/schemas/sharing/ProvideSharedPlugin.check.ts, src/schemas/sharing/ProvideSharedPlugin.ts, src/schemas/sharing/ProviderSharedPlugin.check.ts, src/schemas/sharing/ProviderSharedPlugin.ts, src/schemas/sharing/SharePlugin.check.ts, src/schemas/sharing/SharePlugin.ts, src/lib/sharing/tree-shaking/CollectSharedEntryPlugin.ts, src/lib/sharing/tree-shaking/IndependentSharedPlugin.ts, src/lib/sharing/tree-shaking/IndependentSharedRuntimeModule.ts, src/lib/sharing/tree-shaking/SharedUsedExportsOptimizerPlugin.ts, src/lib/sharing/tree-shaking/SharedUsedExportsOptimizerRuntimeModule.ts, src/lib/sharing/tree-shaking/TreeShakingSharedPlugin.ts, src/lib/container/runtime/EmbedFederationRuntimeModule.ts, src/lib/container/runtime/EmbedFederationRuntimePlugin.ts, src/lib/container/runtime/FederationCompositionPlugin.ts, src/lib/container/runtime/FederationModulesPlugin.ts, src/lib/container/runtime/FederationRuntimeDependency.ts, src/lib/container/runtime/FederationRuntimeModule.ts, src/lib/container/runtime/FederationRuntimePlugin.ts, src/lib/container/runtime/getFederationGlobal.ts, src/lib/container/runtime/normalizeToPosixPath.ts, src/lib/container/runtime/utils.ts, src/lib/sharing/tree-shaking/SharedContainerPlugin/SharedContainerPlugin.ts, src/lib/sharing/tree-shaking/SharedContainerPlugin/SharedDependency.ts, src/lib/sharing/tree-shaking/SharedContainerPlugin/SharedEntryDependency.ts, src/lib/sharing/tree-shaking/SharedContainerPlugin/SharedEntryModule.ts, src/lib/sharing/tree-shaking/SharedContainerPlugin/SharedEntryModuleFactory.ts
@module-federation/enhanced:build: ℹ [enhanced-build] tsconfig: tsconfig.lib.json
@module-federation/enhanced:build: ℹ Build start
@module-federation/enhanced:build: ℹ [enhanced-runtime-esm] [ESM] dist/src/runtime.mjs  0.07 kB │ gzip: 0.08 kB
@module-federation/enhanced:build: ℹ [enhanced-runtime-esm] [ESM] 1 files, total: 0.07 kB
@module-federation/enhanced:build: ✔ [enhanced-runtime-esm] Build complete in 128ms
@module-federation/enhanced:build: ℹ [enhanced-build] [CJS] dist/src/schemas/container/ModuleFederationPlugin.check.js                               113.62 kB │ gzip: 12.46 kB
@module-federation/enhanced:build: ℹ [enhanced-build] [CJS] dist/src/schemas/container/ModuleFederationPlugin.js                                      26.44 kB │ gzip:  5.72 kB
@module-federation/enhanced:build: ℹ [enhanced-build] [CJS] dist/src/schemas/sharing/SharePlugin.check.js                                             25.92 kB │ gzip:  4.09 kB
@module-federation/enhanced:build: ℹ [enhanced-build] [CJS] dist/src/schemas/container/ContainerPlugin.check.js                                       25.17 kB │ gzip:  4.10 kB
@module-federation/enhanced:build: ℹ [enhanced-build] [CJS] dist/src/schemas/sharing/ProvideSharedPlugin.check.js                                     21.26 kB │ gzip:  3.48 kB
@module-federation/enhanced:build: ℹ [enhanced-build] [CJS] dist/src/lib/sharing/ProvideSharedPlugin.js                                               20.66 kB │ gzip:  3.98 kB
@module-federation/enhanced:build: ℹ [enhanced-build] [CJS] dist/src/schemas/sharing/ConsumeSharedPlugin.check.js                                     19.78 kB │ gzip:  3.35 kB
@module-federation/enhanced:build: ℹ [enhanced-build] [CJS] dist/src/lib/sharing/ConsumeSharedPlugin.js                                               17.97 kB │ gzip:  3.88 kB
@module-federation/enhanced:build: ℹ [enhanced-build] [CJS] dist/src/lib/container/runtime/FederationRuntimePlugin.js                                 15.65 kB │ gzip:  3.60 kB
@module-federation/enhanced:build: ℹ [enhanced-build] [CJS] dist/src/lib/container/runtime/FederationCompositionPlugin.js                             10.95 kB │ gzip:  3.37 kB
@module-federation/enhanced:build: ℹ [enhanced-build] [CJS] dist/src/lib/sharing/utils.js                                                             10.85 kB │ gzip:  3.26 kB
@module-federation/enhanced:build: ℹ [enhanced-build] [CJS] dist/src/schemas/container/ContainerReferencePlugin.check.js                              10.82 kB │ gzip:  2.41 kB
@module-federation/enhanced:build: ℹ [enhanced-build] [CJS] dist/src/lib/sharing/tree-shaking/IndependentSharedPlugin.js                              10.38 kB │ gzip:  3.19 kB
@module-federation/enhanced:build: ℹ [enhanced-build] [CJS] dist/src/lib/container/ModuleFederationPlugin.js                                          10.37 kB │ gzip:  2.85 kB
@module-federation/enhanced:build: ℹ [enhanced-build] [CJS] dist/src/lib/container/ContainerEntryModule.js                                             9.04 kB │ gzip:  2.97 kB
@module-federation/enhanced:build: ℹ [enhanced-build] [CJS] dist/src/schemas/sharing/ProviderSharedPlugin.check.js                                     8.98 kB │ gzip:  1.85 kB
@module-federation/enhanced:build: ℹ [enhanced-build] [CJS] dist/src/schemas/sharing/SharePlugin.js                                                    8.94 kB │ gzip:  2.35 kB
@module-federation/enhanced:build: ℹ [enhanced-build] [CJS] dist/src/schemas/container/ContainerPlugin.js                                              7.94 kB │ gzip:  2.03 kB
@module-federation/enhanced:build: ℹ [enhanced-build] [CJS] dist/src/lib/sharing/ConsumeSharedModule.js                                                7.93 kB │ gzip:  2.42 kB
@module-federation/enhanced:build: ℹ [enhanced-build] [CJS] dist/src/lib/sharing/tree-shaking/SharedUsedExportsOptimizerPlugin.js                      7.58 kB │ gzip:  2.21 kB
@module-federation/enhanced:build: ℹ [enhanced-build] [CJS] dist/src/lib/container/ContainerPlugin.js                                                  7.57 kB │ gzip:  1.85 kB
@module-federation/enhanced:build: ℹ [enhanced-build] [CJS] dist/src/lib/container/AsyncBoundaryPlugin.js                                              7.45 kB │ gzip:  2.07 kB
@module-federation/enhanced:build: ℹ [enhanced-build] [CJS] dist/src/schemas/sharing/ConsumeSharedPlugin.js                                            7.34 kB │ gzip:  1.95 kB
@module-federation/enhanced:build: ℹ [enhanced-build] [CJS] dist/src/lib/startup/StartupHelpers.js                                                     7.31 kB │ gzip:  2.12 kB
@module-federation/enhanced:build: ℹ [enhanced-build] [CJS] dist/src/schemas/sharing/ProvideSharedPlugin.js                                            6.73 kB │ gzip:  1.83 kB
@module-federation/enhanced:build: ℹ [enhanced-build] [CJS] dist/src/lib/container/HoistContainerReferencesPlugin.js                                   6.70 kB │ gzip:  1.54 kB
@module-federation/enhanced:build: ℹ [enhanced-build] [CJS] dist/src/lib/Constants.js                                                                  6.50 kB │ gzip:  1.59 kB
@module-federation/enhanced:build: ℹ [enhanced-build] [CJS] dist/src/lib/sharing/ProvideSharedModule.js                                                6.35 kB │ gzip:  2.05 kB
@module-federation/enhanced:build: ℹ [enhanced-build] [CJS] dist/src/lib/container/RemoteModule.js                                                     5.76 kB │ gzip:  1.88 kB
@module-federation/enhanced:build: ℹ [enhanced-build] [CJS] dist/src/lib/sharing/tree-shaking/SharedContainerPlugin/SharedEntryModule.js               5.71 kB │ gzip:  1.89 kB
@module-federation/enhanced:build: ℹ [enhanced-build] [CJS] dist/src/lib/sharing/ConsumeSharedRuntimeModule.js                                         5.58 kB │ gzip:  1.74 kB
@module-federation/enhanced:build: ℹ [enhanced-build] [CJS] dist/src/lib/container/FallbackModule.js                                                   5.13 kB │ gzip:  1.87 kB
@module-federation/enhanced:build: ℹ [enhanced-build] [CJS] dist/src/lib/container/ContainerReferencePlugin.js                                         4.83 kB │ gzip:  1.42 kB
@module-federation/enhanced:build: ℹ [enhanced-build] [CJS] dist/src/lib/sharing/tree-shaking/SharedContainerPlugin/SharedContainerPlugin.js           4.82 kB │ gzip:  1.52 kB
@module-federation/enhanced:build: ℹ [enhanced-build] [CJS] dist/src/lib/container/RemoteRuntimeModule.js                                              4.52 kB │ gzip:  1.41 kB
@module-federation/enhanced:build: ℹ [enhanced-build] [CJS] dist/src/lib/sharing/SharePlugin.js                                                        4.40 kB │ gzip:  1.28 kB
@module-federation/enhanced:build: ℹ [enhanced-build] [CJS] dist/src/wrapper/ModuleFederationPlugin.js                                                 4.20 kB │ gzip:  1.35 kB
@module-federation/enhanced:build: ℹ [enhanced-build] [CJS] dist/src/lib/sharing/ShareRuntimeModule.js                                                 4.07 kB │ gzip:  1.49 kB
@module-federation/enhanced:build: ℹ [enhanced-build] [CJS] dist/src/schemas/sharing/ProviderSharedPlugin.js                                           3.99 kB │ gzip:  1.23 kB
@module-federation/enhanced:build: ℹ [enhanced-build] [CJS] dist/src/lib/container/runtime/EmbedFederationRuntimePlugin.js                             3.89 kB │ gzip:  1.32 kB
@module-federation/enhanced:build: ℹ [enhanced-build] [CJS] dist/src/lib/startup/MfStartupChunkDependenciesPlugin.js                                   3.86 kB │ gzip:  1.11 kB
@module-federation/enhanced:build: ℹ [enhanced-build] [CJS] dist/src/schemas/container/ContainerReferencePlugin.js                                     3.83 kB │ gzip:  1.12 kB
@module-federation/enhanced:build: ℹ [enhanced-build] [CJS] dist/src/lib/sharing/tree-shaking/CollectSharedEntryPlugin.js                              3.39 kB │ gzip:  1.25 kB
@module-federation/enhanced:build: ℹ [enhanced-build] [CJS] dist/src/lib/container/runtime/utils.js                                                    3.38 kB │ gzip:  1.19 kB
@module-federation/enhanced:build: ℹ [enhanced-build] [CJS] dist/src/lib/sharing/ProvideSharedDependency.js                                            2.98 kB │ gzip:  1.03 kB
@module-federation/enhanced:build: ℹ [enhanced-build] [CJS] dist/src/index.js                                                                          2.92 kB │ gzip:  0.67 kB
@module-federation/enhanced:build: ℹ [enhanced-build] [CJS] dist/src/lib/sharing/resolveMatchedConfigs.js                                              2.70 kB │ gzip:  1.01 kB
@module-federation/enhanced:build: ℹ [enhanced-build] [CJS] dist/src/lib/container/runtime/FederationRuntimeModule.js                                  2.53 kB │ gzip:  0.91 kB
@module-federation/enhanced:build: ℹ [enhanced-build] [CJS] dist/src/lib/container/options.js                                                          2.46 kB │ gzip:  0.85 kB
@module-federation/enhanced:build: ℹ [enhanced-build] [CJS] dist/src/lib/container/runtime/EmbedFederationRuntimeModule.js                             2.17 kB │ gzip:  0.93 kB
@module-federation/enhanced:build: ℹ [enhanced-build] [CJS] dist/src/lib/container/runtime/getFederationGlobal.js                                      2.05 kB │ gzip:  0.86 kB
@module-federation/enhanced:build: ℹ [enhanced-build] [CJS] dist/src/lib/sharing/tree-shaking/TreeShakingSharedPlugin.js                               2.01 kB │ gzip:  0.73 kB
@module-federation/enhanced:build: ℹ [enhanced-build] [CJS] dist/src/wrapper/BaseWrapperPlugin.js                                                      1.96 kB │ gzip:  0.90 kB
@module-federation/enhanced:build: ℹ [enhanced-build] [CJS] dist/src/lib/container/runtime/FederationModulesPlugin.js                                  1.88 kB │ gzip:  0.80 kB
@module-federation/enhanced:build: ℹ [enhanced-build] [CJS] dist/src/lib/container/ContainerExposedDependency.js                                       1.63 kB │ gzip:  0.66 kB
@module-federation/enhanced:build: ℹ [enhanced-build] [CJS] dist/src/lib/sharing/tree-shaking/SharedContainerPlugin/SharedDependency.js                1.58 kB │ gzip:  0.67 kB
@module-federation/enhanced:build: ℹ [enhanced-build] [CJS] dist/src/lib/container/ContainerEntryDependency.js                                         1.50 kB │ gzip:  0.66 kB
@module-federation/enhanced:build: ℹ [enhanced-build] [CJS] dist/src/lib/sharing/tree-shaking/IndependentSharedRuntimeModule.js                        1.50 kB │ gzip:  0.67 kB
@module-federation/enhanced:build: ℹ [enhanced-build] [CJS] dist/src/lib/container/FallbackDependency.js                                               1.48 kB │ gzip:  0.65 kB
@module-federation/enhanced:build: ℹ [enhanced-build] [CJS] dist/src/lib/sharing/tree-shaking/SharedUsedExportsOptimizerRuntimeModule.js               1.46 kB │ gzip:  0.67 kB
@module-federation/enhanced:build: ℹ [enhanced-build] [CJS] dist/src/utils.js                                                                          1.39 kB │ gzip:  0.72 kB
@module-federation/enhanced:build: ℹ [enhanced-build] [CJS] dist/src/schemas/container/ExternalsType.check.js                                          1.34 kB │ gzip:  0.60 kB
@module-federation/enhanced:build: ℹ [enhanced-build] [CJS] dist/src/lib/sharing/tree-shaking/SharedContainerPlugin/SharedEntryDependency.js           1.26 kB │ gzip:  0.59 kB
@module-federation/enhanced:build: ℹ [enhanced-build] [CJS] dist/src/lib/sharing/ProvideSharedModuleFactory.js                                         1.21 kB │ gzip:  0.58 kB
@module-federation/enhanced:build: ℹ [enhanced-build] [CJS] dist/src/lib/sharing/tree-shaking/SharedContainerPlugin/SharedEntryModuleFactory.js        1.21 kB │ gzip:  0.56 kB
@module-federation/enhanced:build: ℹ [enhanced-build] [CJS] dist/src/lib/container/ContainerEntryModuleFactory.js                                      1.18 kB │ gzip:  0.56 kB
@module-federation/enhanced:build: ℹ [enhanced-build] [CJS] dist/src/lib/sharing/ConsumeSharedFallbackDependency.js                                    1.18 kB │ gzip:  0.54 kB
@module-federation/enhanced:build: ℹ [enhanced-build] [CJS] dist/src/rspack.js                                                                         1.15 kB │ gzip:  0.34 kB
@module-federation/enhanced:build: ℹ [enhanced-build] [CJS] dist/src/lib/container/FallbackModuleFactory.js                                            1.07 kB │ gzip:  0.53 kB
@module-federation/enhanced:build: ℹ [enhanced-build] [CJS] dist/src/lib/container/RemoteToExternalDependency.js                                       1.04 kB │ gzip:  0.50 kB
@module-federation/enhanced:build: ℹ [enhanced-build] [CJS] dist/src/lib/sharing/ProvideForSharedDependency.js                                         1.03 kB │ gzip:  0.49 kB
@module-federation/enhanced:build: ℹ [enhanced-build] [CJS] dist/src/lib/makeSerializable.js                                                           1.02 kB │ gzip:  0.55 kB
@module-federation/enhanced:build: ℹ [enhanced-build] [CJS] dist/src/lib/container/FallbackItemDependency.js                                           1.00 kB │ gzip:  0.48 kB
@module-federation/enhanced:build: ℹ [enhanced-build] [CJS] dist/src/runtime/AddRuntimeRequirementToPromiseExternalPlugin.js                           0.97 kB │ gzip:  0.42 kB
@module-federation/enhanced:build: ℹ [enhanced-build] [CJS] dist/src/wrapper/FederationModulesPlugin.js                                                0.95 kB │ gzip:  0.45 kB
@module-federation/enhanced:build: ℹ [enhanced-build] [CJS] dist/src/lib/container/runtime/normalizeToPosixPath.js                                     0.92 kB │ gzip:  0.44 kB
@module-federation/enhanced:build: ℹ [enhanced-build] [CJS] dist/src/wrapper/FederationRuntimePlugin.js                                                0.89 kB │ gzip:  0.43 kB
@module-federation/enhanced:build: ℹ [enhanced-build] [CJS] dist/src/lib/container/runtime/FederationRuntimeDependency.js                              0.81 kB │ gzip:  0.41 kB
@module-federation/enhanced:build: ℹ [enhanced-build] [CJS] dist/src/wrapper/HoistContainerReferencesPlugin.js                                         0.68 kB │ gzip:  0.34 kB
@module-federation/enhanced:build: ℹ [enhanced-build] [CJS] dist/src/wrapper/TreeShakingSharedPlugin.js                                                0.67 kB │ gzip:  0.35 kB
@module-federation/enhanced:build: ℹ [enhanced-build] [CJS] dist/src/wrapper/ContainerReferencePlugin.js                                               0.66 kB │ gzip:  0.34 kB
@module-federation/enhanced:build: ℹ [enhanced-build] [CJS] dist/src/wrapper/AsyncBoundaryPlugin.js                                                    0.63 kB │ gzip:  0.34 kB
@module-federation/enhanced:build: ℹ [enhanced-build] [CJS] dist/src/wrapper/ConsumeSharedPlugin.js                                                    0.63 kB │ gzip:  0.34 kB
@module-federation/enhanced:build: ℹ [enhanced-build] [CJS] dist/src/wrapper/ProvideSharedPlugin.js                                                    0.63 kB │ gzip:  0.34 kB
@module-federation/enhanced:build: ℹ [enhanced-build] [CJS] dist/src/lib/container/constant.js                                                         0.61 kB │ gzip:  0.36 kB
@module-federation/enhanced:build: ℹ [enhanced-build] [CJS] dist/src/wrapper/ContainerPlugin.js                                                        0.61 kB │ gzip:  0.34 kB
@module-federation/enhanced:build: ℹ [enhanced-build] [CJS] dist/src/wrapper/SharePlugin.js                                                            0.58 kB │ gzip:  0.33 kB
@module-federation/enhanced:build: ℹ [enhanced-build] [CJS] dist/src/runtime.js                                                                        0.54 kB │ gzip:  0.30 kB
@module-federation/enhanced:build: ℹ [enhanced-build] [CJS] dist/src/schemas/container/ExternalsType.js                                                0.43 kB │ gzip:  0.28 kB
@module-federation/enhanced:build: ℹ [enhanced-build] [CJS] dist/src/webpack.js                                                                        0.39 kB │ gzip:  0.20 kB
@module-federation/enhanced:build: ℹ [enhanced-build] [CJS] dist/src/schemas/container/ModuleFederationPlugin.check.js.map                           388.78 kB │ gzip: 30.46 kB
@module-federation/enhanced:build: ℹ [enhanced-build] [CJS] dist/src/schemas/sharing/SharePlugin.check.js.map                                         63.74 kB │ gzip:  8.26 kB
@module-federation/enhanced:build: ℹ [enhanced-build] [CJS] dist/src/schemas/container/ContainerPlugin.check.js.map                                   61.12 kB │ gzip:  7.97 kB
@module-federation/enhanced:build: ℹ [enhanced-build] [CJS] dist/src/schemas/sharing/ProvideSharedPlugin.check.js.map                                 53.82 kB │ gzip:  7.05 kB
@module-federation/enhanced:build: ℹ [enhanced-build] [CJS] dist/src/schemas/sharing/ConsumeSharedPlugin.check.js.map                                 50.14 kB │ gzip:  6.77 kB
@module-federation/enhanced:build: ℹ [enhanced-build] [CJS] dist/src/schemas/container/ModuleFederationPlugin.js.map                                  44.23 kB │ gzip:  7.58 kB
@module-federation/enhanced:build: ℹ [enhanced-build] [CJS] dist/src/lib/sharing/ProvideSharedPlugin.js.map                                           42.45 kB │ gzip:  8.44 kB
@module-federation/enhanced:build: ℹ [enhanced-build] [CJS] dist/src/lib/sharing/ConsumeSharedPlugin.js.map                                           38.53 kB │ gzip:  8.65 kB
@module-federation/enhanced:build: ℹ [enhanced-build] [CJS] dist/src/lib/container/runtime/FederationRuntimePlugin.js.map                             27.03 kB │ gzip:  6.87 kB
@module-federation/enhanced:build: ℹ [enhanced-build] [CJS] dist/src/schemas/container/ContainerReferencePlugin.check.js.map                          24.95 kB │ gzip:  4.40 kB
@module-federation/enhanced:build: ℹ [enhanced-build] [CJS] dist/src/schemas/sharing/ProviderSharedPlugin.check.js.map                                23.41 kB │ gzip:  3.81 kB
@module-federation/enhanced:build: ℹ [enhanced-build] [CJS] dist/src/lib/container/runtime/FederationCompositionPlugin.js.map                         20.48 kB │ gzip:  6.39 kB
@module-federation/enhanced:build: ℹ [enhanced-build] [CJS] dist/src/lib/sharing/utils.js.map                                                         20.27 kB │ gzip:  6.00 kB
@module-federation/enhanced:build: ℹ [enhanced-build] [CJS] dist/src/lib/sharing/tree-shaking/IndependentSharedPlugin.js.map                          19.57 kB │ gzip:  5.99 kB
@module-federation/enhanced:build: ℹ [enhanced-build] [CJS] dist/src/lib/sharing/tree-shaking/SharedUsedExportsOptimizerPlugin.js.map                 16.16 kB │ gzip:  4.35 kB
@module-federation/enhanced:build: ℹ [enhanced-build] [CJS] dist/src/lib/container/ContainerEntryModule.js.map                                        15.87 kB │ gzip:  5.04 kB
@module-federation/enhanced:build: ℹ [enhanced-build] [CJS] dist/src/lib/container/ModuleFederationPlugin.js.map                                      15.63 kB │ gzip:  4.87 kB
@module-federation/enhanced:build: ℹ [enhanced-build] [CJS] dist/src/lib/container/AsyncBoundaryPlugin.js.map                                         14.88 kB │ gzip:  4.10 kB
@module-federation/enhanced:build: ℹ [enhanced-build] [CJS] dist/src/lib/container/ContainerPlugin.js.map                                             14.50 kB │ gzip:  3.79 kB
@module-federation/enhanced:build: ℹ [enhanced-build] [CJS] dist/src/lib/startup/StartupHelpers.js.map                                                13.85 kB │ gzip:  4.18 kB
@module-federation/enhanced:build: ℹ [enhanced-build] [CJS] dist/src/schemas/container/ContainerPlugin.js.map                                         13.40 kB │ gzip:  2.80 kB
@module-federation/enhanced:build: ℹ [enhanced-build] [CJS] dist/src/lib/container/HoistContainerReferencesPlugin.js.map                              13.10 kB │ gzip:  3.26 kB
@module-federation/enhanced:build: ℹ [enhanced-build] [CJS] dist/src/lib/sharing/ConsumeSharedModule.js.map                                           13.10 kB │ gzip:  3.88 kB
@module-federation/enhanced:build: ℹ [enhanced-build] [CJS] dist/src/schemas/sharing/SharePlugin.js.map                                               12.93 kB │ gzip:  2.90 kB
@module-federation/enhanced:build: ℹ [enhanced-build] [CJS] dist/src/lib/sharing/ProvideSharedModule.js.map                                           11.07 kB │ gzip:  3.34 kB
@module-federation/enhanced:build: ℹ [enhanced-build] [CJS] dist/src/schemas/sharing/ConsumeSharedPlugin.js.map                                       10.31 kB │ gzip:  2.43 kB
@module-federation/enhanced:build: ℹ [enhanced-build] [CJS] dist/src/lib/sharing/ConsumeSharedRuntimeModule.js.map                                     9.78 kB │ gzip:  2.95 kB
@module-federation/enhanced:build: ℹ [enhanced-build] [CJS] dist/src/schemas/sharing/ProvideSharedPlugin.js.map                                        9.65 kB │ gzip:  2.29 kB
@module-federation/enhanced:build: ℹ [enhanced-build] [CJS] dist/src/lib/container/RemoteModule.js.map                                                 9.46 kB │ gzip:  3.04 kB
@module-federation/enhanced:build: ℹ [enhanced-build] [CJS] dist/src/lib/sharing/tree-shaking/SharedContainerPlugin/SharedEntryModule.js.map           9.08 kB │ gzip:  2.99 kB
@module-federation/enhanced:build: ℹ [enhanced-build] [CJS] dist/src/lib/container/RemoteRuntimeModule.js.map                                          8.53 kB │ gzip:  2.65 kB
@module-federation/enhanced:build: ℹ [enhanced-build] [CJS] dist/src/lib/container/FallbackModule.js.map                                               8.30 kB │ gzip:  2.86 kB
@module-federation/enhanced:build: ℹ [enhanced-build] [CJS] dist/src/lib/container/ContainerReferencePlugin.js.map                                     7.91 kB │ gzip:  2.45 kB
@module-federation/enhanced:build: ℹ [enhanced-build] [CJS] dist/src/lib/sharing/tree-shaking/SharedContainerPlugin/SharedContainerPlugin.js.map       7.78 kB │ gzip:  2.56 kB
@module-federation/enhanced:build: ℹ [enhanced-build] [CJS] dist/src/lib/container/runtime/EmbedFederationRuntimePlugin.js.map                         7.73 kB │ gzip:  2.56 kB
@module-federation/enhanced:build: ℹ [enhanced-build] [CJS] dist/src/lib/sharing/ShareRuntimeModule.js.map                                             7.14 kB │ gzip:  2.57 kB
@module-federation/enhanced:build: ℹ [enhanced-build] [CJS] dist/src/lib/sharing/SharePlugin.js.map                                                    6.83 kB │ gzip:  2.10 kB
@module-federation/enhanced:build: ℹ [enhanced-build] [CJS] dist/src/lib/startup/MfStartupChunkDependenciesPlugin.js.map                               6.82 kB │ gzip:  1.98 kB
@module-federation/enhanced:build: ℹ [enhanced-build] [CJS] dist/src/lib/Constants.js.map                                                              6.64 kB │ gzip:  1.69 kB
@module-federation/enhanced:build: ℹ [enhanced-build] [CJS] dist/src/lib/sharing/tree-shaking/CollectSharedEntryPlugin.js.map                          6.51 kB │ gzip:  2.22 kB
@module-federation/enhanced:build: ℹ [enhanced-build] [CJS] dist/src/wrapper/ModuleFederationPlugin.js.map                                             6.28 kB │ gzip:  2.06 kB
@module-federation/enhanced:build: ℹ [enhanced-build] [CJS] dist/src/lib/container/runtime/utils.js.map                                                6.13 kB │ gzip:  2.14 kB
@module-federation/enhanced:build: ℹ [enhanced-build] [CJS] dist/src/schemas/container/ContainerReferencePlugin.js.map                                 6.13 kB │ gzip:  1.52 kB
@module-federation/enhanced:build: ℹ [enhanced-build] [CJS] dist/src/schemas/sharing/ProviderSharedPlugin.js.map                                       5.91 kB │ gzip:  1.54 kB
@module-federation/enhanced:build: ℹ [enhanced-build] [CJS] dist/src/lib/sharing/resolveMatchedConfigs.js.map                                          5.28 kB │ gzip:  1.89 kB
@module-federation/enhanced:build: ℹ [enhanced-build] [CJS] dist/src/lib/sharing/ProvideSharedDependency.js.map                                        5.15 kB │ gzip:  1.69 kB
@module-federation/enhanced:build: ℹ [enhanced-build] [CJS] dist/src/lib/container/options.js.map                                                      4.43 kB │ gzip:  1.42 kB
@module-federation/enhanced:build: ℹ [enhanced-build] [CJS] dist/src/lib/container/runtime/FederationRuntimeModule.js.map                              3.99 kB │ gzip:  1.45 kB
@module-federation/enhanced:build: ℹ [enhanced-build] [CJS] dist/src/lib/container/runtime/EmbedFederationRuntimeModule.js.map                         3.75 kB │ gzip:  1.46 kB
@module-federation/enhanced:build: ℹ [enhanced-build] [CJS] dist/src/lib/container/runtime/FederationModulesPlugin.js.map                              3.58 kB │ gzip:  1.38 kB
@module-federation/enhanced:build: ℹ [enhanced-build] [CJS] dist/src/lib/sharing/tree-shaking/TreeShakingSharedPlugin.js.map                           3.27 kB │ gzip:  1.19 kB
@module-federation/enhanced:build: ℹ [enhanced-build] [CJS] dist/src/lib/container/runtime/getFederationGlobal.js.map                                  3.26 kB │ gzip:  1.27 kB
@module-federation/enhanced:build: ℹ [enhanced-build] [CJS] dist/src/wrapper/BaseWrapperPlugin.js.map                                                  2.93 kB │ gzip:  1.28 kB
@module-federation/enhanced:build: ℹ [enhanced-build] [CJS] dist/src/lib/container/ContainerExposedDependency.js.map                                   2.49 kB │ gzip:  1.00 kB
@module-federation/enhanced:build: ℹ [enhanced-build] [CJS] dist/src/lib/sharing/tree-shaking/SharedContainerPlugin/SharedDependency.js.map            2.27 kB │ gzip:  0.90 kB
@module-federation/enhanced:build: ℹ [enhanced-build] [CJS] dist/src/lib/container/FallbackDependency.js.map                                           2.27 kB │ gzip:  0.98 kB
@module-federation/enhanced:build: ℹ [enhanced-build] [CJS] dist/src/lib/container/ContainerEntryDependency.js.map                                     2.22 kB │ gzip:  0.95 kB
@module-federation/enhanced:build: ℹ [enhanced-build] [CJS] dist/src/lib/sharing/tree-shaking/IndependentSharedRuntimeModule.js.map                    2.20 kB │ gzip:  0.99 kB
@module-federation/enhanced:build: ℹ [enhanced-build] [CJS] dist/src/lib/sharing/tree-shaking/SharedUsedExportsOptimizerRuntimeModule.js.map           2.20 kB │ gzip:  1.01 kB
@module-federation/enhanced:build: ℹ [enhanced-build] [CJS] dist/src/schemas/container/ExternalsType.check.js.map                                      2.09 kB │ gzip:  0.83 kB
@module-federation/enhanced:build: ℹ [enhanced-build] [CJS] dist/src/lib/sharing/ProvideSharedModuleFactory.js.map                                     1.92 kB │ gzip:  0.83 kB
@module-federation/enhanced:build: ℹ [enhanced-build] [CJS] dist/src/index.js.map                                                                      1.86 kB │ gzip:  0.60 kB
@module-federation/enhanced:build: ℹ [enhanced-build] [CJS] dist/src/lib/container/ContainerEntryModuleFactory.js.map                                  1.84 kB │ gzip:  0.84 kB
@module-federation/enhanced:build: ℹ [enhanced-build] [CJS] dist/src/utils.js.map                                                                      1.76 kB │ gzip:  0.90 kB
@module-federation/enhanced:build: ℹ [enhanced-build] [CJS] dist/src/_virtual/_rolldown/runtime.js                                                     1.63 kB │ gzip:  0.71 kB
@module-federation/enhanced:build: ℹ [enhanced-build] [CJS] dist/src/lib/sharing/tree-shaking/SharedContainerPlugin/SharedEntryModuleFactory.js.map    1.60 kB │ gzip:  0.72 kB
@module-federation/enhanced:build: ℹ [enhanced-build] [CJS] dist/src/wrapper/FederationModulesPlugin.js.map                                            1.58 kB │ gzip:  0.76 kB
@module-federation/enhanced:build: ℹ [enhanced-build] [CJS] dist/src/lib/sharing/tree-shaking/SharedContainerPlugin/SharedEntryDependency.js.map       1.52 kB │ gzip:  0.71 kB
@module-federation/enhanced:build: ℹ [enhanced-build] [CJS] dist/src/lib/container/FallbackModuleFactory.js.map                                        1.51 kB │ gzip:  0.75 kB
@module-federation/enhanced:build: ℹ [enhanced-build] [CJS] dist/src/lib/sharing/ConsumeSharedFallbackDependency.js.map                                1.48 kB │ gzip:  0.72 kB
@module-federation/enhanced:build: ℹ [enhanced-build] [CJS] dist/src/lib/sharing/ProvideForSharedDependency.js.map                                     1.27 kB │ gzip:  0.65 kB
@module-federation/enhanced:build: ℹ [enhanced-build] [CJS] dist/src/lib/container/RemoteToExternalDependency.js.map                                   1.26 kB │ gzip:  0.66 kB
@module-federation/enhanced:build: ℹ [enhanced-build] [CJS] dist/src/lib/container/FallbackItemDependency.js.map                                       1.23 kB │ gzip:  0.64 kB
@module-federation/enhanced:build: ℹ [enhanced-build] [CJS] dist/src/lib/container/runtime/normalizeToPosixPath.js.map                                 1.21 kB │ gzip:  0.55 kB
@module-federation/enhanced:build: ℹ [enhanced-build] [CJS] dist/src/runtime/AddRuntimeRequirementToPromiseExternalPlugin.js.map                       1.18 kB │ gzip:  0.52 kB
@module-federation/enhanced:build: ℹ [enhanced-build] [CJS] dist/src/wrapper/FederationRuntimePlugin.js.map                                            1.18 kB │ gzip:  0.57 kB
@module-federation/enhanced:build: ℹ [enhanced-build] [CJS] dist/src/lib/makeSerializable.js.map                                                       1.05 kB │ gzip:  0.58 kB
@module-federation/enhanced:build: ℹ [enhanced-build] [CJS] dist/src/lib/container/runtime/FederationRuntimeDependency.js.map                          0.83 kB │ gzip:  0.44 kB
@module-federation/enhanced:build: ℹ [enhanced-build] [CJS] dist/src/wrapper/TreeShakingSharedPlugin.js.map                                            0.74 kB │ gzip:  0.38 kB
@module-federation/enhanced:build: ℹ [enhanced-build] [CJS] dist/src/wrapper/ConsumeSharedPlugin.js.map                                                0.73 kB │ gzip:  0.38 kB
@module-federation/enhanced:build: ℹ [enhanced-build] [CJS] dist/src/wrapper/ProvideSharedPlugin.js.map                                                0.73 kB │ gzip:  0.38 kB
@module-federation/enhanced:build: ℹ [enhanced-build] [CJS] dist/src/wrapper/ContainerReferencePlugin.js.map                                           0.71 kB │ gzip:  0.37 kB
@module-federation/enhanced:build: ℹ [enhanced-build] [CJS] dist/src/wrapper/SharePlugin.js.map                                                        0.64 kB │ gzip:  0.36 kB
@module-federation/enhanced:build: ℹ [enhanced-build] [CJS] dist/src/lib/container/constant.js.map                                                     0.63 kB │ gzip:  0.42 kB
@module-federation/enhanced:build: ℹ [enhanced-build] [CJS] dist/src/wrapper/ContainerPlugin.js.map                                                    0.63 kB │ gzip:  0.36 kB
@module-federation/enhanced:build: ℹ [enhanced-build] [CJS] dist/src/wrapper/AsyncBoundaryPlugin.js.map                                                0.63 kB │ gzip:  0.34 kB
@module-federation/enhanced:build: ℹ [enhanced-build] [CJS] dist/src/wrapper/HoistContainerReferencesPlugin.js.map                                     0.59 kB │ gzip:  0.32 kB
@module-federation/enhanced:build: ℹ [enhanced-build] [CJS] dist/src/schemas/container/ExternalsType.js.map                                            0.40 kB │ gzip:  0.30 kB
@module-federation/enhanced:build: ℹ [enhanced-build] [CJS] 178 files, total: 1840.73 kB
@module-federation/enhanced:build: ℹ [enhanced-build] [CJS] dist/src/schemas/container/ModuleFederationPlugin.d.ts                                 36.50 kB │ gzip: 5.71 kB
@module-federation/enhanced:build: ℹ [enhanced-build] [CJS] dist/src/schemas/sharing/SharePlugin.d.ts                                              11.03 kB │ gzip: 2.17 kB
@module-federation/enhanced:build: ℹ [enhanced-build] [CJS] dist/src/schemas/container/ContainerPlugin.d.ts                                        10.97 kB │ gzip: 1.97 kB
@module-federation/enhanced:build: ℹ [enhanced-build] [CJS] dist/src/schemas/sharing/ConsumeSharedPlugin.d.ts                                       8.80 kB │ gzip: 1.76 kB
@module-federation/enhanced:build: ℹ [enhanced-build] [CJS] dist/src/schemas/sharing/ProvideSharedPlugin.d.ts                                       8.10 kB │ gzip: 1.63 kB
@module-federation/enhanced:build: ℹ [enhanced-build] [CJS] dist/src/lib/Constants.d.ts                                                             5.23 kB │ gzip: 1.30 kB
@module-federation/enhanced:build: ℹ [enhanced-build] [CJS] dist/src/schemas/container/ContainerReferencePlugin.d.ts                                4.78 kB │ gzip: 1.05 kB
@module-federation/enhanced:build: ℹ [enhanced-build] [CJS] dist/src/lib/sharing/ProvideSharedModule.d.ts                                           4.09 kB │ gzip: 1.30 kB
@module-federation/enhanced:build: ℹ [enhanced-build] [CJS] dist/src/lib/container/RemoteModule.d.ts                                                3.76 kB │ gzip: 1.17 kB
@module-federation/enhanced:build: ℹ [enhanced-build] [CJS] dist/src/lib/container/ContainerEntryModule.d.ts                                        3.55 kB │ gzip: 1.19 kB
@module-federation/enhanced:build: ℹ [enhanced-build] [CJS] dist/src/lib/sharing/tree-shaking/SharedContainerPlugin/SharedEntryModule.d.ts          3.37 kB │ gzip: 1.15 kB
@module-federation/enhanced:build: ℹ [enhanced-build] [CJS] dist/src/lib/container/FallbackModule.d.ts                                              3.29 kB │ gzip: 1.07 kB
@module-federation/enhanced:build: ℹ [enhanced-build] [CJS] dist/src/lib/sharing/ConsumeSharedModule.d.ts                                           3.22 kB │ gzip: 1.03 kB
@module-federation/enhanced:build: ℹ [enhanced-build] [CJS] dist/src/lib/sharing/utils.d.ts                                                         3.10 kB │ gzip: 1.11 kB
@module-federation/enhanced:build: ℹ [enhanced-build] [CJS] dist/src/schemas/sharing/ProviderSharedPlugin.d.ts                                      2.54 kB │ gzip: 0.49 kB
@module-federation/enhanced:build: ℹ [enhanced-build] [CJS] dist/src/lib/sharing/SharePlugin.d.ts                                                   2.42 kB │ gzip: 0.67 kB
@module-federation/enhanced:build: ℹ [enhanced-build] [CJS] dist/src/lib/sharing/ProvideSharedDependency.d.ts                                       1.99 kB │ gzip: 0.69 kB
@module-federation/enhanced:build: ℹ [enhanced-build] [CJS] dist/src/lib/container/runtime/FederationCompositionPlugin.d.ts                         1.95 kB │ gzip: 0.74 kB
@module-federation/enhanced:build: ℹ [enhanced-build] [CJS] dist/src/lib/sharing/ProvideSharedPlugin.d.ts                                           1.79 kB │ gzip: 0.67 kB
@module-federation/enhanced:build: ℹ [enhanced-build] [CJS] dist/src/lib/sharing/tree-shaking/IndependentSharedPlugin.d.ts                          1.70 kB │ gzip: 0.59 kB
@module-federation/enhanced:build: ℹ [enhanced-build] [CJS] dist/src/lib/container/runtime/FederationRuntimePlugin.d.ts                             1.68 kB │ gzip: 0.52 kB
@module-federation/enhanced:build: ℹ [enhanced-build] [CJS] dist/src/index.d.ts                                                                     1.55 kB │ gzip: 0.44 kB
@module-federation/enhanced:build: ℹ [enhanced-build] [CJS] dist/src/wrapper/BaseWrapperPlugin.d.ts                                                 1.47 kB │ gzip: 0.70 kB
@module-federation/enhanced:build: ℹ [enhanced-build] [CJS] dist/src/lib/container/runtime/utils.d.ts                                               1.41 kB │ gzip: 0.57 kB
@module-federation/enhanced:build: ℹ [enhanced-build] [CJS] dist/src/lib/container/ContainerExposedDependency.d.ts                                  1.14 kB │ gzip: 0.45 kB
@module-federation/enhanced:build: ℹ [enhanced-build] [CJS] dist/src/lib/sharing/tree-shaking/SharedContainerPlugin/SharedDependency.d.ts           1.13 kB │ gzip: 0.46 kB
@module-federation/enhanced:build: ℹ [enhanced-build] [CJS] dist/src/lib/container/options.d.ts                                                     1.12 kB │ gzip: 0.40 kB
@module-federation/enhanced:build: ℹ [enhanced-build] [CJS] dist/src/lib/sharing/tree-shaking/SharedUsedExportsOptimizerPlugin.d.ts                 1.12 kB │ gzip: 0.46 kB
@module-federation/enhanced:build: ℹ [enhanced-build] [CJS] dist/src/lib/container/ContainerEntryDependency.d.ts                                    1.11 kB │ gzip: 0.47 kB
@module-federation/enhanced:build: ℹ [enhanced-build] [CJS] dist/src/lib/container/runtime/FederationModulesPlugin.d.ts                             1.10 kB │ gzip: 0.47 kB
@module-federation/enhanced:build: ℹ [enhanced-build] [CJS] dist/src/lib/container/runtime/EmbedFederationRuntimePlugin.d.ts                        1.05 kB │ gzip: 0.52 kB
@module-federation/enhanced:build: ℹ [enhanced-build] [CJS] dist/src/wrapper/FederationModulesPlugin.d.ts                                           1.04 kB │ gzip: 0.40 kB
@module-federation/enhanced:build: ℹ [enhanced-build] [CJS] dist/src/lib/sharing/tree-shaking/SharedContainerPlugin/SharedContainerPlugin.d.ts      0.99 kB │ gzip: 0.41 kB
@module-federation/enhanced:build: ℹ [enhanced-build] [CJS] dist/src/lib/sharing/tree-shaking/IndependentSharedRuntimeModule.d.ts                   0.95 kB │ gzip: 0.47 kB
@module-federation/enhanced:build: ℹ [enhanced-build] [CJS] dist/src/lib/container/FallbackDependency.d.ts                                          0.93 kB │ gzip: 0.41 kB
@module-federation/enhanced:build: ℹ [enhanced-build] [CJS] dist/src/lib/sharing/ConsumeSharedPlugin.d.ts                                           0.85 kB │ gzip: 0.38 kB
@module-federation/enhanced:build: ℹ [enhanced-build] [CJS] dist/src/lib/sharing/tree-shaking/CollectSharedEntryPlugin.d.ts                         0.85 kB │ gzip: 0.38 kB
@module-federation/enhanced:build: ℹ [enhanced-build] [CJS] dist/src/lib/sharing/tree-shaking/SharedUsedExportsOptimizerRuntimeModule.d.ts          0.85 kB │ gzip: 0.41 kB
@module-federation/enhanced:build: ℹ [enhanced-build] [CJS] dist/src/lib/container/runtime/FederationRuntimeModule.d.ts                             0.83 kB │ gzip: 0.37 kB
@module-federation/enhanced:build: ℹ [enhanced-build] [CJS] dist/src/lib/startup/StartupHelpers.d.ts                                                0.83 kB │ gzip: 0.31 kB
@module-federation/enhanced:build: ℹ [enhanced-build] [CJS] dist/src/lib/container/AsyncBoundaryPlugin.d.ts                                         0.80 kB │ gzip: 0.40 kB
@module-federation/enhanced:build: ℹ [enhanced-build] [CJS] dist/src/lib/sharing/tree-shaking/SharedContainerPlugin/SharedEntryModuleFactory.d.ts   0.79 kB │ gzip: 0.36 kB
@module-federation/enhanced:build: ℹ [enhanced-build] [CJS] dist/src/lib/container/runtime/EmbedFederationRuntimeModule.d.ts                        0.79 kB │ gzip: 0.34 kB
@module-federation/enhanced:build: ℹ [enhanced-build] [CJS] dist/src/lib/makeSerializable.d.ts                                                      0.77 kB │ gzip: 0.43 kB
@module-federation/enhanced:build: ℹ [enhanced-build] [CJS] dist/src/lib/container/ContainerEntryModuleFactory.d.ts                                 0.77 kB │ gzip: 0.34 kB
@module-federation/enhanced:build: ℹ [enhanced-build] [CJS] dist/src/lib/sharing/ProvideSharedModuleFactory.d.ts                                    0.76 kB │ gzip: 0.34 kB
@module-federation/enhanced:build: ℹ [enhanced-build] [CJS] dist/src/lib/container/ModuleFederationPlugin.d.ts                                      0.76 kB │ gzip: 0.35 kB
@module-federation/enhanced:build: ℹ [enhanced-build] [CJS] dist/src/lib/sharing/tree-shaking/SharedContainerPlugin/SharedEntryDependency.d.ts      0.76 kB │ gzip: 0.37 kB
@module-federation/enhanced:build: ℹ [enhanced-build] [CJS] dist/src/lib/container/FallbackModuleFactory.d.ts                                       0.75 kB │ gzip: 0.34 kB
@module-federation/enhanced:build: ℹ [enhanced-build] [CJS] dist/src/lib/container/HoistContainerReferencesPlugin.d.ts                              0.75 kB │ gzip: 0.39 kB
@module-federation/enhanced:build: ℹ [enhanced-build] [CJS] dist/src/lib/sharing/tree-shaking/TreeShakingSharedPlugin.d.ts                          0.74 kB │ gzip: 0.34 kB
@module-federation/enhanced:build: ℹ [enhanced-build] [CJS] dist/src/lib/container/ContainerReferencePlugin.d.ts                                    0.71 kB │ gzip: 0.34 kB
@module-federation/enhanced:build: ℹ [enhanced-build] [CJS] dist/src/lib/container/runtime/getFederationGlobal.d.ts                                 0.68 kB │ gzip: 0.33 kB
@module-federation/enhanced:build: ℹ [enhanced-build] [CJS] dist/src/lib/sharing/ConsumeSharedFallbackDependency.d.ts                               0.68 kB │ gzip: 0.33 kB
@module-federation/enhanced:build: ℹ [enhanced-build] [CJS] dist/src/lib/sharing/ConsumeSharedRuntimeModule.d.ts                                    0.66 kB │ gzip: 0.32 kB
@module-federation/enhanced:build: ℹ [enhanced-build] [CJS] dist/src/lib/container/ContainerPlugin.d.ts                                             0.63 kB │ gzip: 0.32 kB
@module-federation/enhanced:build: ℹ [enhanced-build] [CJS] dist/src/wrapper/ModuleFederationPlugin.d.ts                                            0.59 kB │ gzip: 0.30 kB
@module-federation/enhanced:build: ℹ [enhanced-build] [CJS] dist/src/lib/sharing/ProvideForSharedDependency.d.ts                                    0.55 kB │ gzip: 0.28 kB
@module-federation/enhanced:build: ℹ [enhanced-build] [CJS] dist/src/lib/container/RemoteToExternalDependency.d.ts                                  0.54 kB │ gzip: 0.28 kB
@module-federation/enhanced:build: ℹ [enhanced-build] [CJS] dist/src/wrapper/FederationRuntimePlugin.d.ts                                           0.53 kB │ gzip: 0.29 kB
@module-federation/enhanced:build: ℹ [enhanced-build] [CJS] dist/src/lib/container/FallbackItemDependency.d.ts                                      0.53 kB │ gzip: 0.28 kB
@module-federation/enhanced:build: ℹ [enhanced-build] [CJS] dist/src/lib/sharing/resolveMatchedConfigs.d.ts                                         0.51 kB │ gzip: 0.27 kB
@module-federation/enhanced:build: ℹ [enhanced-build] [CJS] dist/src/utils.d.ts                                                                     0.51 kB │ gzip: 0.30 kB
@module-federation/enhanced:build: ℹ [enhanced-build] [CJS] dist/src/lib/container/runtime/FederationRuntimeDependency.d.ts                         0.50 kB │ gzip: 0.25 kB
@module-federation/enhanced:build: ℹ [enhanced-build] [CJS] dist/src/lib/container/RemoteRuntimeModule.d.ts                                         0.47 kB │ gzip: 0.26 kB
@module-federation/enhanced:build: ℹ [enhanced-build] [CJS] dist/src/wrapper/ConsumeSharedPlugin.d.ts                                               0.47 kB │ gzip: 0.23 kB
@module-federation/enhanced:build: ℹ [enhanced-build] [CJS] dist/src/wrapper/ProvideSharedPlugin.d.ts                                               0.47 kB │ gzip: 0.23 kB
@module-federation/enhanced:build: ℹ [enhanced-build] [CJS] dist/src/lib/sharing/ShareRuntimeModule.d.ts                                            0.47 kB │ gzip: 0.26 kB
@module-federation/enhanced:build: ℹ [enhanced-build] [CJS] dist/src/lib/startup/MfStartupChunkDependenciesPlugin.d.ts                              0.46 kB │ gzip: 0.27 kB
@module-federation/enhanced:build: ℹ [enhanced-build] [CJS] dist/src/wrapper/TreeShakingSharedPlugin.d.ts                                           0.45 kB │ gzip: 0.23 kB
@module-federation/enhanced:build: ℹ [enhanced-build] [CJS] dist/src/wrapper/ContainerReferencePlugin.d.ts                                          0.44 kB │ gzip: 0.22 kB
@module-federation/enhanced:build: ℹ [enhanced-build] [CJS] dist/src/wrapper/SharePlugin.d.ts                                                       0.40 kB │ gzip: 0.23 kB
@module-federation/enhanced:build: ℹ [enhanced-build] [CJS] dist/src/runtime/AddRuntimeRequirementToPromiseExternalPlugin.d.ts                      0.39 kB │ gzip: 0.20 kB
@module-federation/enhanced:build: ℹ [enhanced-build] [CJS] dist/src/schemas/container/ContainerReferencePlugin.check.d.ts                          0.38 kB │ gzip: 0.24 kB
@module-federation/enhanced:build: ℹ [enhanced-build] [CJS] dist/src/schemas/container/ModuleFederationPlugin.check.d.ts                            0.38 kB │ gzip: 0.25 kB
@module-federation/enhanced:build: ℹ [enhanced-build] [CJS] dist/src/wrapper/ContainerPlugin.d.ts                                                   0.38 kB │ gzip: 0.22 kB
@module-federation/enhanced:build: ℹ [enhanced-build] [CJS] dist/src/wrapper/AsyncBoundaryPlugin.d.ts                                               0.37 kB │ gzip: 0.21 kB
@module-federation/enhanced:build: ℹ [enhanced-build] [CJS] dist/src/schemas/sharing/ConsumeSharedPlugin.check.d.ts                                 0.37 kB │ gzip: 0.24 kB
@module-federation/enhanced:build: ℹ [enhanced-build] [CJS] dist/src/schemas/sharing/ProvideSharedPlugin.check.d.ts                                 0.37 kB │ gzip: 0.24 kB
@module-federation/enhanced:build: ℹ [enhanced-build] [CJS] dist/src/schemas/container/ContainerPlugin.check.d.ts                                   0.37 kB │ gzip: 0.24 kB
@module-federation/enhanced:build: ℹ [enhanced-build] [CJS] dist/src/schemas/container/ExternalsType.check.d.ts                                     0.36 kB │ gzip: 0.24 kB
@module-federation/enhanced:build: ℹ [enhanced-build] [CJS] dist/src/schemas/sharing/SharePlugin.check.d.ts                                         0.36 kB │ gzip: 0.24 kB
@module-federation/enhanced:build: ℹ [enhanced-build] [CJS] dist/src/wrapper/HoistContainerReferencesPlugin.d.ts                                    0.33 kB │ gzip: 0.19 kB
@module-federation/enhanced:build: ℹ [enhanced-build] [CJS] dist/src/schemas/sharing/ProviderSharedPlugin.check.d.ts                                0.33 kB │ gzip: 0.23 kB
@module-federation/enhanced:build: ℹ [enhanced-build] [CJS] dist/src/rspack.d.ts                                                                    0.33 kB │ gzip: 0.17 kB
@module-federation/enhanced:build: ℹ [enhanced-build] [CJS] dist/src/schemas/container/ExternalsType.d.ts                                           0.24 kB │ gzip: 0.19 kB
@module-federation/enhanced:build: ℹ [enhanced-build] [CJS] dist/src/lib/container/constant.d.ts                                                    0.23 kB │ gzip: 0.17 kB
@module-federation/enhanced:build: ℹ [enhanced-build] [CJS] dist/src/lib/container/runtime/normalizeToPosixPath.d.ts                                0.22 kB │ gzip: 0.15 kB
@module-federation/enhanced:build: ℹ [enhanced-build] [CJS] dist/src/webpack.d.ts                                                                   0.14 kB │ gzip: 0.10 kB
@module-federation/enhanced:build: ℹ [enhanced-build] [CJS] dist/src/runtime.d.ts                                                                   0.06 kB │ gzip: 0.07 kB
@module-federation/enhanced:build: ℹ [enhanced-build] [CJS] 90 files, total: 169.50 kB
@module-federation/enhanced:build: ✔ [enhanced-build] Build complete in 2986ms

 Tasks:    15 successful, 15 total
Cached:    0 cached, 15 total
  Time:    24.946s 

