Checking formatting...
[error] apps/next-app-router/next-app-router-4000/app/api/categories/category.d.ts: Error: Cannot find module '@tailwindcss/typography'
[error] Require stack:
[error] - /Users/zackjackson/Documents/Codex/2026-10-02/task-4/stack5137/apps/next-app-router/next-app-router-4000/tailwind.config.ts
[error]     at Module._resolveFilename (node:internal/modules/cjs/loader:1476:15)
[error]     at wrapResolveFilename (node:internal/modules/cjs/loader:1049:27)
[error]     at resolveForCJSWithHooks (node:internal/modules/cjs/loader:1094:12)
[error]     at require.resolve (node:internal/modules/helpers:171:31)
[error]     at _resolve (/Users/zackjackson/Documents/Codex/2026-10-02/task-4/stack5137/node_modules/.pnpm/jiti@1.21.7/node_modules/jiti/dist/jiti.js:1:246378)
[error]     at jiti (/Users/zackjackson/Documents/Codex/2026-10-02/task-4/stack5137/node_modules/.pnpm/jiti@1.21.7/node_modules/jiti/dist/jiti.js:1:249092)
[error]     at /Users/zackjackson/Documents/Codex/2026-10-02/task-4/stack5137/apps/next-app-router/next-app-router-4000/tailwind.config.ts:89:13
[error]     at evalModule (/Users/zackjackson/Documents/Codex/2026-10-02/task-4/stack5137/node_modules/.pnpm/jiti@1.21.7/node_modules/jiti/dist/jiti.js:1:251913)
[error]     at jiti (/Users/zackjackson/Documents/Codex/2026-10-02/task-4/stack5137/node_modules/.pnpm/jiti@1.21.7/node_modules/jiti/dist/jiti.js:1:249841)
[error]     at /Users/zackjackson/Documents/Codex/2026-10-02/task-4/stack5137/node_modules/.pnpm/tailwindcss@3.4.13_ts-node@10.9.1_@swc+core@1.7.26_@swc+helpers@0.5.13__@types+node@20.19.5_typescript@6.0.3_/node_modules/tailwindcss/lib/lib/load-config.js:51:30
[error] apps/next-app-router/next-app-router-4000/app/api/categories/getCategories.ts: Error: Cannot find module '@tailwindcss/typography'
[error] Require stack:
[error] - /Users/zackjackson/Documents/Codex/2026-10-02/task-4/stack5137/apps/next-app-router/next-app-router-4000/tailwind.config.ts
[error]     at Module._resolveFilename (node:internal/modules/cjs/loader:1476:15)
[error]     at wrapResolveFilename (node:internal/modules/cjs/loader:1049:27)
[error]     at resolveForCJSWithHooks (node:internal/modules/cjs/loader:1094:12)
[error]     at require.resolve (node:internal/modules/helpers:171:31)
[error]     at _resolve (/Users/zackjackson/Documents/Codex/2026-10-02/task-4/stack5137/node_modules/.pnpm/jiti@1.21.7/node_modules/jiti/dist/jiti.js:1:246378)
[error]     at jiti (/Users/zackjackson/Documents/Codex/2026-10-02/task-4/stack5137/node_modules/.pnpm/jiti@1.21.7/node_modules/jiti/dist/jiti.js:1:249092)
[error]     at /Users/zackjackson/Documents/Codex/2026-10-02/task-4/stack5137/apps/next-app-router/next-app-router-4000/tailwind.config.ts:89:13
[error]     at evalModule (/Users/zackjackson/Documents/Codex/2026-10-02/task-4/stack5137/node_modules/.pnpm/jiti@1.21.7/node_modules/jiti/dist/jiti.js:1:251913)
[error]     at jiti (/Users/zackjackson/Documents/Codex/2026-10-02/task-4/stack5137/node_modules/.pnpm/jiti@1.21.7/node_modules/jiti/dist/jiti.js:1:249841)
[error]     at /Users/zackjackson/Documents/Codex/2026-10-02/task-4/stack5137/node_modules/.pnpm/tailwindcss@3.4.13_ts-node@10.9.1_@swc+core@1.7.26_@swc+helpers@0.5.13__@types+node@20.19.5_typescript@6.0.3_/node_modules/tailwindcss/lib/lib/load-config.js:51:30
[error] apps/next-app-router/next-app-router-4000/app/api/og/route.tsx: Error: Cannot find module '@tailwindcss/typography'
[error] Require stack:
[error] - /Users/zackjackson/Documents/Codex/2026-10-02/task-4/stack5137/apps/next-app-router/next-app-router-4000/tailwind.config.ts
[error]     at Module._resolveFilename (node:internal/modules/cjs/loader:1476:15)
[error]     at wrapResolveFilename (node:internal/modules/cjs/loader:1049:27)
[error]     at resolveForCJSWithHooks (node:internal/modules/cjs/loader:1094:12)
[error]     at require.resolve (node:internal/modules/helpers:171:31)
[error]     at _resolve (/Users/zackjackson/Documents/Codex/2026-10-02/task-4/stack5137/node_modules/.pnpm/jiti@1.21.7/node_modules/jiti/dist/jiti.js:1:246378)
[error]     at jiti (/Users/zackjackson/Documents/Codex/2026-10-02/task-4/stack5137/node_modules/.pnpm/jiti@1.21.7/node_modules/jiti/dist/jiti.js:1:249092)
[error]     at /Users/zackjackson/Documents/Codex/2026-10-02/task-4/stack5137/apps/next-app-router/next-app-router-4000/tailwind.config.ts:89:13
[error]     at evalModule (/Users/zackjackson/Documents/Codex/2026-10-02/task-4/stack5137/node_modules/.pnpm/jiti@1.21.7/node_modules/jiti/dist/jiti.js:1:251913)
[error]     at jiti (/Users/zackjackson/Documents/Codex/2026-10-02/task-4/stack5137/node_modules/.pnpm/jiti@1.21.7/node_modules/jiti/dist/jiti.js:1:249841)
[error]     at /Users/zackjackson/Documents/Codex/2026-10-02/task-4/stack5137/node_modules/.pnpm/tailwindcss@3.4.13_ts-node@10.9.1_@swc+core@1.7.26_@swc+helpers@0.5.13__@types+node@20.19.5_typescript@6.0.3_/node_modules/tailwindcss/lib/lib/load-config.js:51:30
[error] apps/next-app-router/next-app-router-4000/app/api/products/product.d.ts: Error: Cannot find module '@tailwindcss/typography'
[error] Require stack:
[error] - /Users/zackjackson/Documents/Codex/2026-10-02/task-4/stack5137/apps/next-app-router/next-app-router-4000/tailwind.config.ts
[error]     at Module._resolveFilename (node:internal/modules/cjs/loader:1476:15)
[error]     at wrapResolveFilename (node:internal/modules/cjs/loader:1049:27)
[error]     at resolveForCJSWithHooks (node:internal/modules/cjs/loader:1094:12)
[error]     at require.resolve (node:internal/modules/helpers:171:31)
[error]     at _resolve (/Users/zackjackson/Documents/Codex/2026-10-02/task-4/stack5137/node_modules/.pnpm/jiti@1.21.7/node_modules/jiti/dist/jiti.js:1:246378)
[error]     at jiti (/Users/zackjackson/Documents/Codex/2026-10-02/task-4/stack5137/node_modules/.pnpm/jiti@1.21.7/node_modules/jiti/dist/jiti.js:1:249092)
[error]     at /Users/zackjackson/Documents/Codex/2026-10-02/task-4/stack5137/apps/next-app-router/next-app-router-4000/tailwind.config.ts:89:13
[error]     at evalModule (/Users/zackjackson/Documents/Codex/2026-10-02/task-4/stack5137/node_modules/.pnpm/jiti@1.21.7/node_modules/jiti/dist/jiti.js:1:251913)
[error]     at jiti (/Users/zackjackson/Documents/Codex/2026-10-02/task-4/stack5137/node_modules/.pnpm/jiti@1.21.7/node_modules/jiti/dist/jiti.js:1:249841)
[error]     at /Users/zackjackson/Documents/Codex/2026-10-02/task-4/stack5137/node_modules/.pnpm/tailwindcss@3.4.13_ts-node@10.9.1_@swc+core@1.7.26_@swc+helpers@0.5.13__@types+node@20.19.5_typescript@6.0.3_/node_modules/tailwindcss/lib/lib/load-config.js:51:30
[error] apps/next-app-router/next-app-router-4000/app/api/revalidate/route.ts: Error: Cannot find module '@tailwindcss/typography'
[error] Require stack:
[error] - /Users/zackjackson/Documents/Codex/2026-10-02/task-4/stack5137/apps/next-app-router/next-app-router-4000/tailwind.config.ts
[error]     at Module._resolveFilename (node:internal/modules/cjs/loader:1476:15)
[error]     at wrapResolveFilename (node:internal/modules/cjs/loader:1049:27)
[error]     at resolveForCJSWithHooks (node:internal/modules/cjs/loader:1094:12)
[error]     at require.resolve (node:internal/modules/helpers:171:31)
[error]     at _resolve (/Users/zackjackson/Documents/Codex/2026-10-02/task-4/stack5137/node_modules/.pnpm/jiti@1.21.7/node_modules/jiti/dist/jiti.js:1:246378)
[error]     at jiti (/Users/zackjackson/Documents/Codex/2026-10-02/task-4/stack5137/node_modules/.pnpm/jiti@1.21.7/node_modules/jiti/dist/jiti.js:1:249092)
[error]     at /Users/zackjackson/Documents/Codex/2026-10-02/task-4/stack5137/apps/next-app-router/next-app-router-4000/tailwind.config.ts:89:13
[error]     at evalModule (/Users/zackjackson/Documents/Codex/2026-10-02/task-4/stack5137/node_modules/.pnpm/jiti@1.21.7/node_modules/jiti/dist/jiti.js:1:251913)
[error]     at jiti (/Users/zackjackson/Documents/Codex/2026-10-02/task-4/stack5137/node_modules/.pnpm/jiti@1.21.7/node_modules/jiti/dist/jiti.js:1:249841)
[error]     at /Users/zackjackson/Documents/Codex/2026-10-02/task-4/stack5137/node_modules/.pnpm/tailwindcss@3.4.13_ts-node@10.9.1_@swc+core@1.7.26_@swc+helpers@0.5.13__@types+node@20.19.5_typescript@6.0.3_/node_modules/tailwindcss/lib/lib/load-config.js:51:30
[error] apps/next-app-router/next-app-router-4000/app/api/reviews/getReviews.ts: Error: Cannot find module '@tailwindcss/typography'
[error] Require stack:
[error] - /Users/zackjackson/Documents/Codex/2026-10-02/task-4/stack5137/apps/next-app-router/next-app-router-4000/tailwind.config.ts
[error]     at Module._resolveFilename (node:internal/modules/cjs/loader:1476:15)
[error]     at wrapResolveFilename (node:internal/modules/cjs/loader:1049:27)
[error]     at resolveForCJSWithHooks (node:internal/modules/cjs/loader:1094:12)
[error]     at require.resolve (node:internal/modules/helpers:171:31)
[error]     at _resolve (/Users/zackjackson/Documents/Codex/2026-10-02/task-4/stack5137/node_modules/.pnpm/jiti@1.21.7/node_modules/jiti/dist/jiti.js:1:246378)
[error]     at jiti (/Users/zackjackson/Documents/Codex/2026-10-02/task-4/stack5137/node_modules/.pnpm/jiti@1.21.7/node_modules/jiti/dist/jiti.js:1:249092)
[error]     at /Users/zackjackson/Documents/Codex/2026-10-02/task-4/stack5137/apps/next-app-router/next-app-router-4000/tailwind.config.ts:89:13
[error]     at evalModule (/Users/zackjackson/Documents/Codex/2026-10-02/task-4/stack5137/node_modules/.pnpm/jiti@1.21.7/node_modules/jiti/dist/jiti.js:1:251913)
[error]     at jiti (/Users/zackjackson/Documents/Codex/2026-10-02/task-4/stack5137/node_modules/.pnpm/jiti@1.21.7/node_modules/jiti/dist/jiti.js:1:249841)
[error]     at /Users/zackjackson/Documents/Codex/2026-10-02/task-4/stack5137/node_modules/.pnpm/tailwindcss@3.4.13_ts-node@10.9.1_@swc+core@1.7.26_@swc+helpers@0.5.13__@types+node@20.19.5_typescript@6.0.3_/node_modules/tailwindcss/lib/lib/load-config.js:51:30
[error] apps/next-app-router/next-app-router-4000/app/api/reviews/review.d.ts: Error: Cannot find module '@tailwindcss/typography'
[error] Require stack:
[error] - /Users/zackjackson/Documents/Codex/2026-10-02/task-4/stack5137/apps/next-app-router/next-app-router-4000/tailwind.config.ts
[error]     at Module._resolveFilename (node:internal/modules/cjs/loader:1476:15)
[error]     at wrapResolveFilename (node:internal/modules/cjs/loader:1049:27)
[error]     at resolveForCJSWithHooks (node:internal/modules/cjs/loader:1094:12)
[error]     at require.resolve (node:internal/modules/helpers:171:31)
[error]     at _resolve (/Users/zackjackson/Documents/Codex/2026-10-02/task-4/stack5137/node_modules/.pnpm/jiti@1.21.7/node_modules/jiti/dist/jiti.js:1:246378)
[error]     at jiti (/Users/zackjackson/Documents/Codex/2026-10-02/task-4/stack5137/node_modules/.pnpm/jiti@1.21.7/node_modules/jiti/dist/jiti.js:1:249092)
[error]     at /Users/zackjackson/Documents/Codex/2026-10-02/task-4/stack5137/apps/next-app-router/next-app-router-4000/tailwind.config.ts:89:13
[error]     at evalModule (/Users/zackjackson/Documents/Codex/2026-10-02/task-4/stack5137/node_modules/.pnpm/jiti@1.21.7/node_modules/jiti/dist/jiti.js:1:251913)
[error]     at jiti (/Users/zackjackson/Documents/Codex/2026-10-02/task-4/stack5137/node_modules/.pnpm/jiti@1.21.7/node_modules/jiti/dist/jiti.js:1:249841)
[error]     at /Users/zackjackson/Documents/Codex/2026-10-02/task-4/stack5137/node_modules/.pnpm/tailwindcss@3.4.13_ts-node@10.9.1_@swc+core@1.7.26_@swc+helpers@0.5.13__@types+node@20.19.5_typescript@6.0.3_/node_modules/tailwindcss/lib/lib/load-config.js:51:30
[error] apps/next-app-router/next-app-router-4000/app/context/[categorySlug]/[subCategorySlug]/page.tsx: Error: Cannot find module '@tailwindcss/typography'
[error] Require stack:
[error] - /Users/zackjackson/Documents/Codex/2026-10-02/task-4/stack5137/apps/next-app-router/next-app-router-4000/tailwind.config.ts
[error]     at Module._resolveFilename (node:internal/modules/cjs/loader:1476:15)
[error]     at wrapResolveFilename (node:internal/modules/cjs/loader:1049:27)
[error]     at resolveForCJSWithHooks (node:internal/modules/cjs/loader:1094:12)
[error]     at require.resolve (node:internal/modules/helpers:171:31)
[error]     at _resolve (/Users/zackjackson/Documents/Codex/2026-10-02/task-4/stack5137/node_modules/.pnpm/jiti@1.21.7/node_modules/jiti/dist/jiti.js:1:246378)
[error]     at jiti (/Users/zackjackson/Documents/Codex/2026-10-02/task-4/stack5137/node_modules/.pnpm/jiti@1.21.7/node_modules/jiti/dist/jiti.js:1:249092)
[error]     at /Users/zackjackson/Documents/Codex/2026-10-02/task-4/stack5137/apps/next-app-router/next-app-router-4000/tailwind.config.ts:89:13
[error]     at evalModule (/Users/zackjackson/Documents/Codex/2026-10-02/task-4/stack5137/node_modules/.pnpm/jiti@1.21.7/node_modules/jiti/dist/jiti.js:1:251913)
[error]     at jiti (/Users/zackjackson/Documents/Codex/2026-10-02/task-4/stack5137/node_modules/.pnpm/jiti@1.21.7/node_modules/jiti/dist/jiti.js:1:249841)
[error]     at /Users/zackjackson/Documents/Codex/2026-10-02/task-4/stack5137/node_modules/.pnpm/tailwindcss@3.4.13_ts-node@10.9.1_@swc+core@1.7.26_@swc+helpers@0.5.13__@types+node@20.19.5_typescript@6.0.3_/node_modules/tailwindcss/lib/lib/load-config.js:51:30
[error] apps/next-app-router/next-app-router-4000/app/context/[categorySlug]/layout.tsx: Error: Cannot find module '@tailwindcss/typography'
[error] Require stack:
[error] - /Users/zackjackson/Documents/Codex/2026-10-02/task-4/stack5137/apps/next-app-router/next-app-router-4000/tailwind.config.ts
[error]     at Module._resolveFilename (node:internal/modules/cjs/loader:1476:15)
[error]     at wrapResolveFilename (node:internal/modules/cjs/loader:1049:27)
[error]     at resolveForCJSWithHooks (node:internal/modules/cjs/loader:1094:12)
[error]     at require.resolve (node:internal/modules/helpers:171:31)
[error]     at _resolve (/Users/zackjackson/Documents/Codex/2026-10-02/task-4/stack5137/node_modules/.pnpm/jiti@1.21.7/node_modules/jiti/dist/jiti.js:1:246378)
[error]     at jiti (/Users/zackjackson/Documents/Codex/2026-10-02/task-4/stack5137/node_modules/.pnpm/jiti@1.21.7/node_modules/jiti/dist/jiti.js:1:249092)
[error]     at /Users/zackjackson/Documents/Codex/2026-10-02/task-4/stack5137/apps/next-app-router/next-app-router-4000/tailwind.config.ts:89:13
[error]     at evalModule (/Users/zackjackson/Documents/Codex/2026-10-02/task-4/stack5137/node_modules/.pnpm/jiti@1.21.7/node_modules/jiti/dist/jiti.js:1:251913)
[error]     at jiti (/Users/zackjackson/Documents/Codex/2026-10-02/task-4/stack5137/node_modules/.pnpm/jiti@1.21.7/node_modules/jiti/dist/jiti.js:1:249841)
[error]     at /Users/zackjackson/Documents/Codex/2026-10-02/task-4/stack5137/node_modules/.pnpm/tailwindcss@3.4.13_ts-node@10.9.1_@swc+core@1.7.26_@swc+helpers@0.5.13__@types+node@20.19.5_typescript@6.0.3_/node_modules/tailwindcss/lib/lib/load-config.js:51:30
[error] apps/next-app-router/next-app-router-4000/app/context/[categorySlug]/page.tsx: Error: Cannot find module '@tailwindcss/typography'
[error] Require stack:
[error] - /Users/zackjackson/Documents/Codex/2026-10-02/task-4/stack5137/apps/next-app-router/next-app-router-4000/tailwind.config.ts
[error]     at Module._resolveFilename (node:internal/modules/cjs/loader:1476:15)
[error]     at wrapResolveFilename (node:internal/modules/cjs/loader:1049:27)
[error]     at resolveForCJSWithHooks (node:internal/modules/cjs/loader:1094:12)
[error]     at require.resolve (node:internal/modules/helpers:171:31)
[error]     at _resolve (/Users/zackjackson/Documents/Codex/2026-10-02/task-4/stack5137/node_modules/.pnpm/jiti@1.21.7/node_modules/jiti/dist/jiti.js:1:246378)
[error]     at jiti (/Users/zackjackson/Documents/Codex/2026-10-02/task-4/stack5137/node_modules/.pnpm/jiti@1.21.7/node_modules/jiti/dist/jiti.js:1:249092)
[error]     at /Users/zackjackson/Documents/Codex/2026-10-02/task-4/stack5137/apps/next-app-router/next-app-router-4000/tailwind.config.ts:89:13
[error]     at evalModule (/Users/zackjackson/Documents/Codex/2026-10-02/task-4/stack5137/node_modules/.pnpm/jiti@1.21.7/node_modules/jiti/dist/jiti.js:1:251913)
[error]     at jiti (/Users/zackjackson/Documents/Codex/2026-10-02/task-4/stack5137/node_modules/.pnpm/jiti@1.21.7/node_modules/jiti/dist/jiti.js:1:249841)
[error]     at /Users/zackjackson/Documents/Codex/2026-10-02/task-4/stack5137/node_modules/.pnpm/tailwindcss@3.4.13_ts-node@10.9.1_@swc+core@1.7.26_@swc+helpers@0.5.13__@types+node@20.19.5_typescript@6.0.3_/node_modules/tailwindcss/lib/lib/load-config.js:51:30
[error] apps/next-app-router/next-app-router-4000/app/context/context-click-counter.tsx: Error: Cannot find module '@tailwindcss/typography'
[error] Require stack:
[error] - /Users/zackjackson/Documents/Codex/2026-10-02/task-4/stack5137/apps/next-app-router/next-app-router-4000/tailwind.config.ts
[error]     at Module._resolveFilename (node:internal/modules/cjs/loader:1476:15)
[error]     at wrapResolveFilename (node:internal/modules/cjs/loader:1049:27)
[error]     at resolveForCJSWithHooks (node:internal/modules/cjs/loader:1094:12)
[error]     at require.resolve (node:internal/modules/helpers:171:31)
[error]     at _resolve (/Users/zackjackson/Documents/Codex/2026-10-02/task-4/stack5137/node_modules/.pnpm/jiti@1.21.7/node_modules/jiti/dist/jiti.js:1:246378)
[error]     at jiti (/Users/zackjackson/Documents/Codex/2026-10-02/task-4/stack5137/node_modules/.pnpm/jiti@1.21.7/node_modules/jiti/dist/jiti.js:1:249092)
[error]     at /Users/zackjackson/Documents/Codex/2026-10-02/task-4/stack5137/apps/next-app-router/next-app-router-4000/tailwind.config.ts:89:13
[error]     at evalModule (/Users/zackjackson/Documents/Codex/2026-10-02/task-4/stack5137/node_modules/.pnpm/jiti@1.21.7/node_modules/jiti/dist/jiti.js:1:251913)
[error]     at jiti (/Users/zackjackson/Documents/Codex/2026-10-02/task-4/stack5137/node_modules/.pnpm/jiti@1.21.7/node_modules/jiti/dist/jiti.js:1:249841)
[error]     at /Users/zackjackson/Documents/Codex/2026-10-02/task-4/stack5137/node_modules/.pnpm/tailwindcss@3.4.13_ts-node@10.9.1_@swc+core@1.7.26_@swc+helpers@0.5.13__@types+node@20.19.5_typescript@6.0.3_/node_modules/tailwindcss/lib/lib/load-config.js:51:30
[error] apps/next-app-router/next-app-router-4000/app/context/counter-context.tsx: Error: Cannot find module '@tailwindcss/typography'
[error] Require stack:
[error] - /Users/zackjackson/Documents/Codex/2026-10-02/task-4/stack5137/apps/next-app-router/next-app-router-4000/tailwind.config.ts
[error]     at Module._resolveFilename (node:internal/modules/cjs/loader:1476:15)
[error]     at wrapResolveFilename (node:internal/modules/cjs/loader:1049:27)
[error]     at resolveForCJSWithHooks (node:internal/modules/cjs/loader:1094:12)
[error]     at require.resolve (node:internal/modules/helpers:171:31)
[error]     at _resolve (/Users/zackjackson/Documents/Codex/2026-10-02/task-4/stack5137/node_modules/.pnpm/jiti@1.21.7/node_modules/jiti/dist/jiti.js:1:246378)
[error]     at jiti (/Users/zackjackson/Documents/Codex/2026-10-02/task-4/stack5137/node_modules/.pnpm/jiti@1.21.7/node_modules/jiti/dist/jiti.js:1:249092)
[error]     at /Users/zackjackson/Documents/Codex/2026-10-02/task-4/stack5137/apps/next-app-router/next-app-router-4000/tailwind.config.ts:89:13
[error]     at evalModule (/Users/zackjackson/Documents/Codex/2026-10-02/task-4/stack5137/node_modules/.pnpm/jiti@1.21.7/node_modules/jiti/dist/jiti.js:1:251913)
[error]     at jiti (/Users/zackjackson/Documents/Codex/2026-10-02/task-4/stack5137/node_modules/.pnpm/jiti@1.21.7/node_modules/jiti/dist/jiti.js:1:249841)
[error]     at /Users/zackjackson/Documents/Codex/2026-10-02/task-4/stack5137/node_modules/.pnpm/tailwindcss@3.4.13_ts-node@10.9.1_@swc+core@1.7.26_@swc+helpers@0.5.13__@types+node@20.19.5_typescript@6.0.3_/node_modules/tailwindcss/lib/lib/load-config.js:51:30
[error] apps/next-app-router/next-app-router-4000/app/context/layout.tsx: Error: Cannot find module '@tailwindcss/typography'
[error] Require stack:
[error] - /Users/zackjackson/Documents/Codex/2026-10-02/task-4/stack5137/apps/next-app-router/next-app-router-4000/tailwind.config.ts
[error]     at Module._resolveFilename (node:internal/modules/cjs/loader:1476:15)
[error]     at wrapResolveFilename (node:internal/modules/cjs/loader:1049:27)
[error]     at resolveForCJSWithHooks (node:internal/modules/cjs/loader:1094:12)
[error]     at require.resolve (node:internal/modules/helpers:171:31)
[error]     at _resolve (/Users/zackjackson/Documents/Codex/2026-10-02/task-4/stack5137/node_modules/.pnpm/jiti@1.21.7/node_modules/jiti/dist/jiti.js:1:246378)
[error]     at jiti (/Users/zackjackson/Documents/Codex/2026-10-02/task-4/stack5137/node_modules/.pnpm/jiti@1.21.7/node_modules/jiti/dist/jiti.js:1:249092)
[error]     at /Users/zackjackson/Documents/Codex/2026-10-02/task-4/stack5137/apps/next-app-router/next-app-router-4000/tailwind.config.ts:89:13
[error]     at evalModule (/Users/zackjackson/Documents/Codex/2026-10-02/task-4/stack5137/node_modules/.pnpm/jiti@1.21.7/node_modules/jiti/dist/jiti.js:1:251913)
[error]     at jiti (/Users/zackjackson/Documents/Codex/2026-10-02/task-4/stack5137/node_modules/.pnpm/jiti@1.21.7/node_modules/jiti/dist/jiti.js:1:249841)
[error]     at /Users/zackjackson/Documents/Codex/2026-10-02/task-4/stack5137/node_modules/.pnpm/tailwindcss@3.4.13_ts-node@10.9.1_@swc+core@1.7.26_@swc+helpers@0.5.13__@types+node@20.19.5_typescript@6.0.3_/node_modules/tailwindcss/lib/lib/load-config.js:51:30
[error] apps/next-app-router/next-app-router-4000/app/context/page.tsx: Error: Cannot find module '@tailwindcss/typography'
[error] Require stack:
[error] - /Users/zackjackson/Documents/Codex/2026-10-02/task-4/stack5137/apps/next-app-router/next-app-router-4000/tailwind.config.ts
[error]     at Module._resolveFilename (node:internal/modules/cjs/loader:1476:15)
[error]     at wrapResolveFilename (node:internal/modules/cjs/loader:1049:27)
[error]     at resolveForCJSWithHooks (node:internal/modules/cjs/loader:1094:12)
[error]     at require.resolve (node:internal/modules/helpers:171:31)
[error]     at _resolve (/Users/zackjackson/Documents/Codex/2026-10-02/task-4/stack5137/node_modules/.pnpm/jiti@1.21.7/node_modules/jiti/dist/jiti.js:1:246378)
[error]     at jiti (/Users/zackjackson/Documents/Codex/2026-10-02/task-4/stack5137/node_modules/.pnpm/jiti@1.21.7/node_modules/jiti/dist/jiti.js:1:249092)
[error]     at /Users/zackjackson/Documents/Codex/2026-10-02/task-4/stack5137/apps/next-app-router/next-app-router-4000/tailwind.config.ts:89:13
[error]     at evalModule (/Users/zackjackson/Documents/Codex/2026-10-02/task-4/stack5137/node_modules/.pnpm/jiti@1.21.7/node_modules/jiti/dist/jiti.js:1:251913)
[error]     at jiti (/Users/zackjackson/Documents/Codex/2026-10-02/task-4/stack5137/node_modules/.pnpm/jiti@1.21.7/node_modules/jiti/dist/jiti.js:1:249841)
[error]     at /Users/zackjackson/Documents/Codex/2026-10-02/task-4/stack5137/node_modules/.pnpm/tailwindcss@3.4.13_ts-node@10.9.1_@swc+core@1.7.26_@swc+helpers@0.5.13__@types+node@20.19.5_typescript@6.0.3_/node_modules/tailwindcss/lib/lib/load-config.js:51:30
[error] apps/next-app-router/next-app-router-4000/app/error-handling/[categorySlug]/[subCategorySlug]/error.tsx: Error: Cannot find module '@tailwindcss/typography'
[error] Require stack:
[error] - /Users/zackjackson/Documents/Codex/2026-10-02/task-4/stack5137/apps/next-app-router/next-app-router-4000/tailwind.config.ts
[error]     at Module._resolveFilename (node:internal/modules/cjs/loader:1476:15)
[error]     at wrapResolveFilename (node:internal/modules/cjs/loader:1049:27)
[error]     at resolveForCJSWithHooks (node:internal/modules/cjs/loader:1094:12)
[error]     at require.resolve (node:internal/modules/helpers:171:31)
[error]     at _resolve (/Users/zackjackson/Documents/Codex/2026-10-02/task-4/stack5137/node_modules/.pnpm/jiti@1.21.7/node_modules/jiti/dist/jiti.js:1:246378)
[error]     at jiti (/Users/zackjackson/Documents/Codex/2026-10-02/task-4/stack5137/node_modules/.pnpm/jiti@1.21.7/node_modules/jiti/dist/jiti.js:1:249092)
[error]     at /Users/zackjackson/Documents/Codex/2026-10-02/task-4/stack5137/apps/next-app-router/next-app-router-4000/tailwind.config.ts:89:13
[error]     at evalModule (/Users/zackjackson/Documents/Codex/2026-10-02/task-4/stack5137/node_modules/.pnpm/jiti@1.21.7/node_modules/jiti/dist/jiti.js:1:251913)
[error]     at jiti (/Users/zackjackson/Documents/Codex/2026-10-02/task-4/stack5137/node_modules/.pnpm/jiti@1.21.7/node_modules/jiti/dist/jiti.js:1:249841)
[error]     at /Users/zackjackson/Documents/Codex/2026-10-02/task-4/stack5137/node_modules/.pnpm/tailwindcss@3.4.13_ts-node@10.9.1_@swc+core@1.7.26_@swc+helpers@0.5.13__@types+node@20.19.5_typescript@6.0.3_/node_modules/tailwindcss/lib/lib/load-config.js:51:30
[error] apps/next-app-router/next-app-router-4000/app/error-handling/[categorySlug]/[subCategorySlug]/page.tsx: Error: Cannot find module '@tailwindcss/typography'
[error] Require stack:
[error] - /Users/zackjackson/Documents/Codex/2026-10-02/task-4/stack5137/apps/next-app-router/next-app-router-4000/tailwind.config.ts
[error]     at Module._resolveFilename (node:internal/modules/cjs/loader:1476:15)
[error]     at wrapResolveFilename (node:internal/modules/cjs/loader:1049:27)
[error]     at resolveForCJSWithHooks (node:internal/modules/cjs/loader:1094:12)
[error]     at require.resolve (node:internal/modules/helpers:171:31)
[error]     at _resolve (/Users/zackjackson/Documents/Codex/2026-10-02/task-4/stack5137/node_modules/.pnpm/jiti@1.21.7/node_modules/jiti/dist/jiti.js:1:246378)
[error]     at jiti (/Users/zackjackson/Documents/Codex/2026-10-02/task-4/stack5137/node_modules/.pnpm/jiti@1.21.7/node_modules/jiti/dist/jiti.js:1:249092)
[error]     at /Users/zackjackson/Documents/Codex/2026-10-02/task-4/stack5137/apps/next-app-router/next-app-router-4000/tailwind.config.ts:89:13
[error]     at evalModule (/Users/zackjackson/Documents/Codex/2026-10-02/task-4/stack5137/node_modules/.pnpm/jiti@1.21.7/node_modules/jiti/dist/jiti.js:1:251913)
[error]     at jiti (/Users/zackjackson/Documents/Codex/2026-10-02/task-4/stack5137/node_modules/.pnpm/jiti@1.21.7/node_modules/jiti/dist/jiti.js:1:249841)
[error]     at /Users/zackjackson/Documents/Codex/2026-10-02/task-4/stack5137/node_modules/.pnpm/tailwindcss@3.4.13_ts-node@10.9.1_@swc+core@1.7.26_@swc+helpers@0.5.13__@types+node@20.19.5_typescript@6.0.3_/node_modules/tailwindcss/lib/lib/load-config.js:51:30
[error] apps/next-app-router/next-app-router-4000/app/error-handling/[categorySlug]/error.tsx: Error: Cannot find module '@tailwindcss/typography'
[error] Require stack:
[error] - /Users/zackjackson/Documents/Codex/2026-10-02/task-4/stack5137/apps/next-app-router/next-app-router-4000/tailwind.config.ts
[error]     at Module._resolveFilename (node:internal/modules/cjs/loader:1476:15)
[error]     at wrapResolveFilename (node:internal/modules/cjs/loader:1049:27)
[error]     at resolveForCJSWithHooks (node:internal/modules/cjs/loader:1094:12)
[error]     at require.resolve (node:internal/modules/helpers:171:31)
[error]     at _resolve (/Users/zackjackson/Documents/Codex/2026-10-02/task-4/stack5137/node_modules/.pnpm/jiti@1.21.7/node_modules/jiti/dist/jiti.js:1:246378)
[error]     at jiti (/Users/zackjackson/Documents/Codex/2026-10-02/task-4/stack5137/node_modules/.pnpm/jiti@1.21.7/node_modules/jiti/dist/jiti.js:1:249092)
[error]     at /Users/zackjackson/Documents/Codex/2026-10-02/task-4/stack5137/apps/next-app-router/next-app-router-4000/tailwind.config.ts:89:13
[error]     at evalModule (/Users/zackjackson/Documents/Codex/2026-10-02/task-4/stack5137/node_modules/.pnpm/jiti@1.21.7/node_modules/jiti/dist/jiti.js:1:251913)
[error]     at jiti (/Users/zackjackson/Documents/Codex/2026-10-02/task-4/stack5137/node_modules/.pnpm/jiti@1.21.7/node_modules/jiti/dist/jiti.js:1:249841)
[error]     at /Users/zackjackson/Documents/Codex/2026-10-02/task-4/stack5137/node_modules/.pnpm/tailwindcss@3.4.13_ts-node@10.9.1_@swc+core@1.7.26_@swc+helpers@0.5.13__@types+node@20.19.5_typescript@6.0.3_/node_modules/tailwindcss/lib/lib/load-config.js:51:30
[error] apps/next-app-router/next-app-router-4000/app/error-handling/[categorySlug]/layout.tsx: Error: Cannot find module '@tailwindcss/typography'
[error] Require stack:
[error] - /Users/zackjackson/Documents/Codex/2026-10-02/task-4/stack5137/apps/next-app-router/next-app-router-4000/tailwind.config.ts
[error]     at Module._resolveFilename (node:internal/modules/cjs/loader:1476:15)
[error]     at wrapResolveFilename (node:internal/modules/cjs/loader:1049:27)
[error]     at resolveForCJSWithHooks (node:internal/modules/cjs/loader:1094:12)
[error]     at require.resolve (node:internal/modules/helpers:171:31)
[error]     at _resolve (/Users/zackjackson/Documents/Codex/2026-10-02/task-4/stack5137/node_modules/.pnpm/jiti@1.21.7/node_modules/jiti/dist/jiti.js:1:246378)
[error]     at jiti (/Users/zackjackson/Documents/Codex/2026-10-02/task-4/stack5137/node_modules/.pnpm/jiti@1.21.7/node_modules/jiti/dist/jiti.js:1:249092)
[error]     at /Users/zackjackson/Documents/Codex/2026-10-02/task-4/stack5137/apps/next-app-router/next-app-router-4000/tailwind.config.ts:89:13
[error]     at evalModule (/Users/zackjackson/Documents/Codex/2026-10-02/task-4/stack5137/node_modules/.pnpm/jiti@1.21.7/node_modules/jiti/dist/jiti.js:1:251913)
[error]     at jiti (/Users/zackjackson/Documents/Codex/2026-10-02/task-4/stack5137/node_modules/.pnpm/jiti@1.21.7/node_modules/jiti/dist/jiti.js:1:249841)
[error]     at /Users/zackjackson/Documents/Codex/2026-10-02/task-4/stack5137/node_modules/.pnpm/tailwindcss@3.4.13_ts-node@10.9.1_@swc+core@1.7.26_@swc+helpers@0.5.13__@types+node@20.19.5_typescript@6.0.3_/node_modules/tailwindcss/lib/lib/load-config.js:51:30
[error] apps/next-app-router/next-app-router-4000/app/error-handling/[categorySlug]/page.tsx: Error: Cannot find module '@tailwindcss/typography'
[error] Require stack:
[error] - /Users/zackjackson/Documents/Codex/2026-10-02/task-4/stack5137/apps/next-app-router/next-app-router-4000/tailwind.config.ts
[error]     at Module._resolveFilename (node:internal/modules/cjs/loader:1476:15)
[error]     at wrapResolveFilename (node:internal/modules/cjs/loader:1049:27)
[error]     at resolveForCJSWithHooks (node:internal/modules/cjs/loader:1094:12)
[error]     at require.resolve (node:internal/modules/helpers:171:31)
[error]     at _resolve (/Users/zackjackson/Documents/Codex/2026-10-02/task-4/stack5137/node_modules/.pnpm/jiti@1.21.7/node_modules/jiti/dist/jiti.js:1:246378)
[error]     at jiti (/Users/zackjackson/Documents/Codex/2026-10-02/task-4/stack5137/node_modules/.pnpm/jiti@1.21.7/node_modules/jiti/dist/jiti.js:1:249092)
[error]     at /Users/zackjackson/Documents/Codex/2026-10-02/task-4/stack5137/apps/next-app-router/next-app-router-4000/tailwind.config.ts:89:13
[error]     at evalModule (/Users/zackjackson/Documents/Codex/2026-10-02/task-4/stack5137/node_modules/.pnpm/jiti@1.21.7/node_modules/jiti/dist/jiti.js:1:251913)
[error]     at jiti (/Users/zackjackson/Documents/Codex/2026-10-02/task-4/stack5137/node_modules/.pnpm/jiti@1.21.7/node_modules/jiti/dist/jiti.js:1:249841)
[error]     at /Users/zackjackson/Documents/Codex/2026-10-02/task-4/stack5137/node_modules/.pnpm/tailwindcss@3.4.13_ts-node@10.9.1_@swc+core@1.7.26_@swc+helpers@0.5.13__@types+node@20.19.5_typescript@6.0.3_/node_modules/tailwindcss/lib/lib/load-config.js:51:30
[error] apps/next-app-router/next-app-router-4000/app/error-handling/[categorySlug]/template.tsx: Error: Cannot find module '@tailwindcss/typography'
[error] Require stack:
[error] - /Users/zackjackson/Documents/Codex/2026-10-02/task-4/stack5137/apps/next-app-router/next-app-router-4000/tailwind.config.ts
[error]     at Module._resolveFilename (node:internal/modules/cjs/loader:1476:15)
[error]     at wrapResolveFilename (node:internal/modules/cjs/loader:1049:27)
[error]     at resolveForCJSWithHooks (node:internal/modules/cjs/loader:1094:12)
[error]     at require.resolve (node:internal/modules/helpers:171:31)
[error]     at _resolve (/Users/zackjackson/Documents/Codex/2026-10-02/task-4/stack5137/node_modules/.pnpm/jiti@1.21.7/node_modules/jiti/dist/jiti.js:1:246378)
[error]     at jiti (/Users/zackjackson/Documents/Codex/2026-10-02/task-4/stack5137/node_modules/.pnpm/jiti@1.21.7/node_modules/jiti/dist/jiti.js:1:249092)
[error]     at /Users/zackjackson/Documents/Codex/2026-10-02/task-4/stack5137/apps/next-app-router/next-app-router-4000/tailwind.config.ts:89:13
[error]     at evalModule (/Users/zackjackson/Documents/Codex/2026-10-02/task-4/stack5137/node_modules/.pnpm/jiti@1.21.7/node_modules/jiti/dist/jiti.js:1:251913)
[error]     at jiti (/Users/zackjackson/Documents/Codex/2026-10-02/task-4/stack5137/node_modules/.pnpm/jiti@1.21.7/node_modules/jiti/dist/jiti.js:1:249841)
[error]     at /Users/zackjackson/Documents/Codex/2026-10-02/task-4/stack5137/node_modules/.pnpm/tailwindcss@3.4.13_ts-node@10.9.1_@swc+core@1.7.26_@swc+helpers@0.5.13__@types+node@20.19.5_typescript@6.0.3_/node_modules/tailwindcss/lib/lib/load-config.js:51:30
[error] apps/next-app-router/next-app-router-4000/app/error-handling/error.tsx: Error: Cannot find module '@tailwindcss/typography'
[error] Require stack:
[error] - /Users/zackjackson/Documents/Codex/2026-10-02/task-4/stack5137/apps/next-app-router/next-app-router-4000/tailwind.config.ts
[error]     at Module._resolveFilename (node:internal/modules/cjs/loader:1476:15)
[error]     at wrapResolveFilename (node:internal/modules/cjs/loader:1049:27)
[error]     at resolveForCJSWithHooks (node:internal/modules/cjs/loader:1094:12)
[error]     at require.resolve (node:internal/modules/helpers:171:31)
[error]     at _resolve (/Users/zackjackson/Documents/Codex/2026-10-02/task-4/stack5137/node_modules/.pnpm/jiti@1.21.7/node_modules/jiti/dist/jiti.js:1:246378)
[error]     at jiti (/Users/zackjackson/Documents/Codex/2026-10-02/task-4/stack5137/node_modules/.pnpm/jiti@1.21.7/node_modules/jiti/dist/jiti.js:1:249092)
[error]     at /Users/zackjackson/Documents/Codex/2026-10-02/task-4/stack5137/apps/next-app-router/next-app-router-4000/tailwind.config.ts:89:13
[error]     at evalModule (/Users/zackjackson/Documents/Codex/2026-10-02/task-4/stack5137/node_modules/.pnpm/jiti@1.21.7/node_modules/jiti/dist/jiti.js:1:251913)
[error]     at jiti (/Users/zackjackson/Documents/Codex/2026-10-02/task-4/stack5137/node_modules/.pnpm/jiti@1.21.7/node_modules/jiti/dist/jiti.js:1:249841)
[error]     at /Users/zackjackson/Documents/Codex/2026-10-02/task-4/stack5137/node_modules/.pnpm/tailwindcss@3.4.13_ts-node@10.9.1_@swc+core@1.7.26_@swc+helpers@0.5.13__@types+node@20.19.5_typescript@6.0.3_/node_modules/tailwindcss/lib/lib/load-config.js:51:30
[error] apps/next-app-router/next-app-router-4000/app/error-handling/layout.tsx: Error: Cannot find module '@tailwindcss/typography'
[error] Require stack:
[error] - /Users/zackjackson/Documents/Codex/2026-10-02/task-4/stack5137/apps/next-app-router/next-app-router-4000/tailwind.config.ts
[error]     at Module._resolveFilename (node:internal/modules/cjs/loader:1476:15)
[error]     at wrapResolveFilename (node:internal/modules/cjs/loader:1049:27)
[error]     at resolveForCJSWithHooks (node:internal/modules/cjs/loader:1094:12)
[error]     at require.resolve (node:internal/modules/helpers:171:31)
[error]     at _resolve (/Users/zackjackson/Documents/Codex/2026-10-02/task-4/stack5137/node_modules/.pnpm/jiti@1.21.7/node_modules/jiti/dist/jiti.js:1:246378)
[error]     at jiti (/Users/zackjackson/Documents/Codex/2026-10-02/task-4/stack5137/node_modules/.pnpm/jiti@1.21.7/node_modules/jiti/dist/jiti.js:1:249092)
[error]     at /Users/zackjackson/Documents/Codex/2026-10-02/task-4/stack5137/apps/next-app-router/next-app-router-4000/tailwind.config.ts:89:13
[error]     at evalModule (/Users/zackjackson/Documents/Codex/2026-10-02/task-4/stack5137/node_modules/.pnpm/jiti@1.21.7/node_modules/jiti/dist/jiti.js:1:251913)
[error]     at jiti (/Users/zackjackson/Documents/Codex/2026-10-02/task-4/stack5137/node_modules/.pnpm/jiti@1.21.7/node_modules/jiti/dist/jiti.js:1:249841)
[error]     at /Users/zackjackson/Documents/Codex/2026-10-02/task-4/stack5137/node_modules/.pnpm/tailwindcss@3.4.13_ts-node@10.9.1_@swc+core@1.7.26_@swc+helpers@0.5.13__@types+node@20.19.5_typescript@6.0.3_/node_modules/tailwindcss/lib/lib/load-config.js:51:30
[error] apps/next-app-router/next-app-router-4000/app/error-handling/page.tsx: Error: Cannot find module '@tailwindcss/typography'
[error] Require stack:
[error] - /Users/zackjackson/Documents/Codex/2026-10-02/task-4/stack5137/apps/next-app-router/next-app-router-4000/tailwind.config.ts
[error]     at Module._resolveFilename (node:internal/modules/cjs/loader:1476:15)
[error]     at wrapResolveFilename (node:internal/modules/cjs/loader:1049:27)
[error]     at resolveForCJSWithHooks (node:internal/modules/cjs/loader:1094:12)
[error]     at require.resolve (node:internal/modules/helpers:171:31)
[error]     at _resolve (/Users/zackjackson/Documents/Codex/2026-10-02/task-4/stack5137/node_modules/.pnpm/jiti@1.21.7/node_modules/jiti/dist/jiti.js:1:246378)
[error]     at jiti (/Users/zackjackson/Documents/Codex/2026-10-02/task-4/stack5137/node_modules/.pnpm/jiti@1.21.7/node_modules/jiti/dist/jiti.js:1:249092)
[error]     at /Users/zackjackson/Documents/Codex/2026-10-02/task-4/stack5137/apps/next-app-router/next-app-router-4000/tailwind.config.ts:89:13
[error]     at evalModule (/Users/zackjackson/Documents/Codex/2026-10-02/task-4/stack5137/node_modules/.pnpm/jiti@1.21.7/node_modules/jiti/dist/jiti.js:1:251913)
[error]     at jiti (/Users/zackjackson/Documents/Codex/2026-10-02/task-4/stack5137/node_modules/.pnpm/jiti@1.21.7/node_modules/jiti/dist/jiti.js:1:249841)
[error]     at /Users/zackjackson/Documents/Codex/2026-10-02/task-4/stack5137/node_modules/.pnpm/tailwindcss@3.4.13_ts-node@10.9.1_@swc+core@1.7.26_@swc+helpers@0.5.13__@types+node@20.19.5_typescript@6.0.3_/node_modules/tailwindcss/lib/lib/load-config.js:51:30
[error] apps/next-app-router/next-app-router-4000/app/error-handling/template.tsx: Error: Cannot find module '@tailwindcss/typography'
[error] Require stack:
[error] - /Users/zackjackson/Documents/Codex/2026-10-02/task-4/stack5137/apps/next-app-router/next-app-router-4000/tailwind.config.ts
[error]     at Module._resolveFilename (node:internal/modules/cjs/loader:1476:15)
[error]     at wrapResolveFilename (node:internal/modules/cjs/loader:1049:27)
[error]     at resolveForCJSWithHooks (node:internal/modules/cjs/loader:1094:12)
[error]     at require.resolve (node:internal/modules/helpers:171:31)
[error]     at _resolve (/Users/zackjackson/Documents/Codex/2026-10-02/task-4/stack5137/node_modules/.pnpm/jiti@1.21.7/node_modules/jiti/dist/jiti.js:1:246378)
[error]     at jiti (/Users/zackjackson/Documents/Codex/2026-10-02/task-4/stack5137/node_modules/.pnpm/jiti@1.21.7/node_modules/jiti/dist/jiti.js:1:249092)
[error]     at /Users/zackjackson/Documents/Codex/2026-10-02/task-4/stack5137/apps/next-app-router/next-app-router-4000/tailwind.config.ts:89:13
[error]     at evalModule (/Users/zackjackson/Documents/Codex/2026-10-02/task-4/stack5137/node_modules/.pnpm/jiti@1.21.7/node_modules/jiti/dist/jiti.js:1:251913)
[error]     at jiti (/Users/zackjackson/Documents/Codex/2026-10-02/task-4/stack5137/node_modules/.pnpm/jiti@1.21.7/node_modules/jiti/dist/jiti.js:1:249841)
[error]     at /Users/zackjackson/Documents/Codex/2026-10-02/task-4/stack5137/node_modules/.pnpm/tailwindcss@3.4.13_ts-node@10.9.1_@swc+core@1.7.26_@swc+helpers@0.5.13__@types+node@20.19.5_typescript@6.0.3_/node_modules/tailwindcss/lib/lib/load-config.js:51:30
[error] apps/next-app-router/next-app-router-4000/app/hooks/_components/router-context-layout.tsx: Error: Cannot find module '@tailwindcss/typography'
[error] Require stack:
[error] - /Users/zackjackson/Documents/Codex/2026-10-02/task-4/stack5137/apps/next-app-router/next-app-router-4000/tailwind.config.ts
[error]     at Module._resolveFilename (node:internal/modules/cjs/loader:1476:15)
[error]     at wrapResolveFilename (node:internal/modules/cjs/loader:1049:27)
[error]     at resolveForCJSWithHooks (node:internal/modules/cjs/loader:1094:12)
[error]     at require.resolve (node:internal/modules/helpers:171:31)
[error]     at _resolve (/Users/zackjackson/Documents/Codex/2026-10-02/task-4/stack5137/node_modules/.pnpm/jiti@1.21.7/node_modules/jiti/dist/jiti.js:1:246378)
[error]     at jiti (/Users/zackjackson/Documents/Codex/2026-10-02/task-4/stack5137/node_modules/.pnpm/jiti@1.21.7/node_modules/jiti/dist/jiti.js:1:249092)
[error]     at /Users/zackjackson/Documents/Codex/2026-10-02/task-4/stack5137/apps/next-app-router/next-app-router-4000/tailwind.config.ts:89:13
[error]     at evalModule (/Users/zackjackson/Documents/Codex/2026-10-02/task-4/stack5137/node_modules/.pnpm/jiti@1.21.7/node_modules/jiti/dist/jiti.js:1:251913)
[error]     at jiti (/Users/zackjackson/Documents/Codex/2026-10-02/task-4/stack5137/node_modules/.pnpm/jiti@1.21.7/node_modules/jiti/dist/jiti.js:1:249841)
[error]     at /Users/zackjackson/Documents/Codex/2026-10-02/task-4/stack5137/node_modules/.pnpm/tailwindcss@3.4.13_ts-node@10.9.1_@swc+core@1.7.26_@swc+helpers@0.5.13__@types+node@20.19.5_typescript@6.0.3_/node_modules/tailwindcss/lib/lib/load-config.js:51:30
[error] apps/next-app-router/next-app-router-4000/app/hooks/_components/router-context.tsx: Error: Cannot find module '@tailwindcss/typography'
[error] Require stack:
[error] - /Users/zackjackson/Documents/Codex/2026-10-02/task-4/stack5137/apps/next-app-router/next-app-router-4000/tailwind.config.ts
[error]     at Module._resolveFilename (node:internal/modules/cjs/loader:1476:15)
[error]     at wrapResolveFilename (node:internal/modules/cjs/loader:1049:27)
[error]     at resolveForCJSWithHooks (node:internal/modules/cjs/loader:1094:12)
[error]     at require.resolve (node:internal/modules/helpers:171:31)
[error]     at _resolve (/Users/zackjackson/Documents/Codex/2026-10-02/task-4/stack5137/node_modules/.pnpm/jiti@1.21.7/node_modules/jiti/dist/jiti.js:1:246378)
[error]     at jiti (/Users/zackjackson/Documents/Codex/2026-10-02/task-4/stack5137/node_modules/.pnpm/jiti@1.21.7/node_modules/jiti/dist/jiti.js:1:249092)
[error]     at /Users/zackjackson/Documents/Codex/2026-10-02/task-4/stack5137/apps/next-app-router/next-app-router-4000/tailwind.config.ts:89:13
[error]     at evalModule (/Users/zackjackson/Documents/Codex/2026-10-02/task-4/stack5137/node_modules/.pnpm/jiti@1.21.7/node_modules/jiti/dist/jiti.js:1:251913)
[error]     at jiti (/Users/zackjackson/Documents/Codex/2026-10-02/task-4/stack5137/node_modules/.pnpm/jiti@1.21.7/node_modules/jiti/dist/jiti.js:1:249841)
[error]     at /Users/zackjackson/Documents/Codex/2026-10-02/task-4/stack5137/node_modules/.pnpm/tailwindcss@3.4.13_ts-node@10.9.1_@swc+core@1.7.26_@swc+helpers@0.5.13__@types+node@20.19.5_typescript@6.0.3_/node_modules/tailwindcss/lib/lib/load-config.js:51:30
[error] apps/next-app-router/next-app-router-4000/app/hooks/[categorySlug]/[subCategorySlug]/page.tsx: Error: Cannot find module '@tailwindcss/typography'
[error] Require stack:
[error] - /Users/zackjackson/Documents/Codex/2026-10-02/task-4/stack5137/apps/next-app-router/next-app-router-4000/tailwind.config.ts
[error]     at Module._resolveFilename (node:internal/modules/cjs/loader:1476:15)
[error]     at wrapResolveFilename (node:internal/modules/cjs/loader:1049:27)
[error]     at resolveForCJSWithHooks (node:internal/modules/cjs/loader:1094:12)
[error]     at require.resolve (node:internal/modules/helpers:171:31)
[error]     at _resolve (/Users/zackjackson/Documents/Codex/2026-10-02/task-4/stack5137/node_modules/.pnpm/jiti@1.21.7/node_modules/jiti/dist/jiti.js:1:246378)
[error]     at jiti (/Users/zackjackson/Documents/Codex/2026-10-02/task-4/stack5137/node_modules/.pnpm/jiti@1.21.7/node_modules/jiti/dist/jiti.js:1:249092)
[error]     at /Users/zackjackson/Documents/Codex/2026-10-02/task-4/stack5137/apps/next-app-router/next-app-router-4000/tailwind.config.ts:89:13
[error]     at evalModule (/Users/zackjackson/Documents/Codex/2026-10-02/task-4/stack5137/node_modules/.pnpm/jiti@1.21.7/node_modules/jiti/dist/jiti.js:1:251913)
[error]     at jiti (/Users/zackjackson/Documents/Codex/2026-10-02/task-4/stack5137/node_modules/.pnpm/jiti@1.21.7/node_modules/jiti/dist/jiti.js:1:249841)
[error]     at /Users/zackjackson/Documents/Codex/2026-10-02/task-4/stack5137/node_modules/.pnpm/tailwindcss@3.4.13_ts-node@10.9.1_@swc+core@1.7.26_@swc+helpers@0.5.13__@types+node@20.19.5_typescript@6.0.3_/node_modules/tailwindcss/lib/lib/load-config.js:51:30
[error] apps/next-app-router/next-app-router-4000/app/hooks/[categorySlug]/layout.tsx: Error: Cannot find module '@tailwindcss/typography'
[error] Require stack:
[error] - /Users/zackjackson/Documents/Codex/2026-10-02/task-4/stack5137/apps/next-app-router/next-app-router-4000/tailwind.config.ts
[error]     at Module._resolveFilename (node:internal/modules/cjs/loader:1476:15)
[error]     at wrapResolveFilename (node:internal/modules/cjs/loader:1049:27)
[error]     at resolveForCJSWithHooks (node:internal/modules/cjs/loader:1094:12)
[error]     at require.resolve (node:internal/modules/helpers:171:31)
[error]     at _resolve (/Users/zackjackson/Documents/Codex/2026-10-02/task-4/stack5137/node_modules/.pnpm/jiti@1.21.7/node_modules/jiti/dist/jiti.js:1:246378)
[error]     at jiti (/Users/zackjackson/Documents/Codex/2026-10-02/task-4/stack5137/node_modules/.pnpm/jiti@1.21.7/node_modules/jiti/dist/jiti.js:1:249092)
[error]     at /Users/zackjackson/Documents/Codex/2026-10-02/task-4/stack5137/apps/next-app-router/next-app-router-4000/tailwind.config.ts:89:13
[error]     at evalModule (/Users/zackjackson/Documents/Codex/2026-10-02/task-4/stack5137/node_modules/.pnpm/jiti@1.21.7/node_modules/jiti/dist/jiti.js:1:251913)
[error]     at jiti (/Users/zackjackson/Documents/Codex/2026-10-02/task-4/stack5137/node_modules/.pnpm/jiti@1.21.7/node_modules/jiti/dist/jiti.js:1:249841)
[error]     at /Users/zackjackson/Documents/Codex/2026-10-02/task-4/stack5137/node_modules/.pnpm/tailwindcss@3.4.13_ts-node@10.9.1_@swc+core@1.7.26_@swc+helpers@0.5.13__@types+node@20.19.5_typescript@6.0.3_/node_modules/tailwindcss/lib/lib/load-config.js:51:30
[error] apps/next-app-router/next-app-router-4000/app/hooks/[categorySlug]/page.tsx: Error: Cannot find module '@tailwindcss/typography'
[error] Require stack:
[error] - /Users/zackjackson/Documents/Codex/2026-10-02/task-4/stack5137/apps/next-app-router/next-app-router-4000/tailwind.config.ts
[error]     at Module._resolveFilename (node:internal/modules/cjs/loader:1476:15)
[error]     at wrapResolveFilename (node:internal/modules/cjs/loader:1049:27)
[error]     at resolveForCJSWithHooks (node:internal/modules/cjs/loader:1094:12)
[error]     at require.resolve (node:internal/modules/helpers:171:31)
[error]     at _resolve (/Users/zackjackson/Documents/Codex/2026-10-02/task-4/stack5137/node_modules/.pnpm/jiti@1.21.7/node_modules/jiti/dist/jiti.js:1:246378)
[error]     at jiti (/Users/zackjackson/Documents/Codex/2026-10-02/task-4/stack5137/node_modules/.pnpm/jiti@1.21.7/node_modules/jiti/dist/jiti.js:1:249092)
[error]     at /Users/zackjackson/Documents/Codex/2026-10-02/task-4/stack5137/apps/next-app-router/next-app-router-4000/tailwind.config.ts:89:13
[error]     at evalModule (/Users/zackjackson/Documents/Codex/2026-10-02/task-4/stack5137/node_modules/.pnpm/jiti@1.21.7/node_modules/jiti/dist/jiti.js:1:251913)
[error]     at jiti (/Users/zackjackson/Documents/Codex/2026-10-02/task-4/stack5137/node_modules/.pnpm/jiti@1.21.7/node_modules/jiti/dist/jiti.js:1:249841)
[error]     at /Users/zackjackson/Documents/Codex/2026-10-02/task-4/stack5137/node_modules/.pnpm/tailwindcss@3.4.13_ts-node@10.9.1_@swc+core@1.7.26_@swc+helpers@0.5.13__@types+node@20.19.5_typescript@6.0.3_/node_modules/tailwindcss/lib/lib/load-config.js:51:30
[error] apps/next-app-router/next-app-router-4000/app/hooks/[categorySlug]/template.tsx: Error: Cannot find module '@tailwindcss/typography'
[error] Require stack:
[error] - /Users/zackjackson/Documents/Codex/2026-10-02/task-4/stack5137/apps/next-app-router/next-app-router-4000/tailwind.config.ts
[error]     at Module._resolveFilename (node:internal/modules/cjs/loader:1476:15)
[error]     at wrapResolveFilename (node:internal/modules/cjs/loader:1049:27)
[error]     at resolveForCJSWithHooks (node:internal/modules/cjs/loader:1094:12)
[error]     at require.resolve (node:internal/modules/helpers:171:31)
[error]     at _resolve (/Users/zackjackson/Documents/Codex/2026-10-02/task-4/stack5137/node_modules/.pnpm/jiti@1.21.7/node_modules/jiti/dist/jiti.js:1:246378)
[error]     at jiti (/Users/zackjackson/Documents/Codex/2026-10-02/task-4/stack5137/node_modules/.pnpm/jiti@1.21.7/node_modules/jiti/dist/jiti.js:1:249092)
[error]     at /Users/zackjackson/Documents/Codex/2026-10-02/task-4/stack5137/apps/next-app-router/next-app-router-4000/tailwind.config.ts:89:13
[error]     at evalModule (/Users/zackjackson/Documents/Codex/2026-10-02/task-4/stack5137/node_modules/.pnpm/jiti@1.21.7/node_modules/jiti/dist/jiti.js:1:251913)
[error]     at jiti (/Users/zackjackson/Documents/Codex/2026-10-02/task-4/stack5137/node_modules/.pnpm/jiti@1.21.7/node_modules/jiti/dist/jiti.js:1:249841)
[error]     at /Users/zackjackson/Documents/Codex/2026-10-02/task-4/stack5137/node_modules/.pnpm/tailwindcss@3.4.13_ts-node@10.9.1_@swc+core@1.7.26_@swc+helpers@0.5.13__@types+node@20.19.5_typescript@6.0.3_/node_modules/tailwindcss/lib/lib/load-config.js:51:30
[error] apps/next-app-router/next-app-router-4000/app/hooks/layout.tsx: Error: Cannot find module '@tailwindcss/typography'
[error] Require stack:
[error] - /Users/zackjackson/Documents/Codex/2026-10-02/task-4/stack5137/apps/next-app-router/next-app-router-4000/tailwind.config.ts
[error]     at Module._resolveFilename (node:internal/modules/cjs/loader:1476:15)
[error]     at wrapResolveFilename (node:internal/modules/cjs/loader:1049:27)
[error]     at resolveForCJSWithHooks (node:internal/modules/cjs/loader:1094:12)
[error]     at require.resolve (node:internal/modules/helpers:171:31)
[error]     at _resolve (/Users/zackjackson/Documents/Codex/2026-10-02/task-4/stack5137/node_modules/.pnpm/jiti@1.21.7/node_modules/jiti/dist/jiti.js:1:246378)
[error]     at jiti (/Users/zackjackson/Documents/Codex/2026-10-02/task-4/stack5137/node_modules/.pnpm/jiti@1.21.7/node_modules/jiti/dist/jiti.js:1:249092)
[error]     at /Users/zackjackson/Documents/Codex/2026-10-02/task-4/stack5137/apps/next-app-router/next-app-router-4000/tailwind.config.ts:89:13
[error]     at evalModule (/Users/zackjackson/Documents/Codex/2026-10-02/task-4/stack5137/node_modules/.pnpm/jiti@1.21.7/node_modules/jiti/dist/jiti.js:1:251913)
[error]     at jiti (/Users/zackjackson/Documents/Codex/2026-10-02/task-4/stack5137/node_modules/.pnpm/jiti@1.21.7/node_modules/jiti/dist/jiti.js:1:249841)
[error]     at /Users/zackjackson/Documents/Codex/2026-10-02/task-4/stack5137/node_modules/.pnpm/tailwindcss@3.4.13_ts-node@10.9.1_@swc+core@1.7.26_@swc+helpers@0.5.13__@types+node@20.19.5_typescript@6.0.3_/node_modules/tailwindcss/lib/lib/load-config.js:51:30
[error] apps/next-app-router/next-app-router-4000/app/hooks/page.tsx: Error: Cannot find module '@tailwindcss/typography'
[error] Require stack:
[error] - /Users/zackjackson/Documents/Codex/2026-10-02/task-4/stack5137/apps/next-app-router/next-app-router-4000/tailwind.config.ts
[error]     at Module._resolveFilename (node:internal/modules/cjs/loader:1476:15)
[error]     at wrapResolveFilename (node:internal/modules/cjs/loader:1049:27)
[error]     at resolveForCJSWithHooks (node:internal/modules/cjs/loader:1094:12)
[error]     at require.resolve (node:internal/modules/helpers:171:31)
[error]     at _resolve (/Users/zackjackson/Documents/Codex/2026-10-02/task-4/stack5137/node_modules/.pnpm/jiti@1.21.7/node_modules/jiti/dist/jiti.js:1:246378)
[error]     at jiti (/Users/zackjackson/Documents/Codex/2026-10-02/task-4/stack5137/node_modules/.pnpm/jiti@1.21.7/node_modules/jiti/dist/jiti.js:1:249092)
[error]     at /Users/zackjackson/Documents/Codex/2026-10-02/task-4/stack5137/apps/next-app-router/next-app-router-4000/tailwind.config.ts:89:13
[error]     at evalModule (/Users/zackjackson/Documents/Codex/2026-10-02/task-4/stack5137/node_modules/.pnpm/jiti@1.21.7/node_modules/jiti/dist/jiti.js:1:251913)
[error]     at jiti (/Users/zackjackson/Documents/Codex/2026-10-02/task-4/stack5137/node_modules/.pnpm/jiti@1.21.7/node_modules/jiti/dist/jiti.js:1:249841)
[error]     at /Users/zackjackson/Documents/Codex/2026-10-02/task-4/stack5137/node_modules/.pnpm/tailwindcss@3.4.13_ts-node@10.9.1_@swc+core@1.7.26_@swc+helpers@0.5.13__@types+node@20.19.5_typescript@6.0.3_/node_modules/tailwindcss/lib/lib/load-config.js:51:30
[error] apps/next-app-router/next-app-router-4000/app/hooks/template.tsx: Error: Cannot find module '@tailwindcss/typography'
[error] Require stack:
[error] - /Users/zackjackson/Documents/Codex/2026-10-02/task-4/stack5137/apps/next-app-router/next-app-router-4000/tailwind.config.ts
[error]     at Module._resolveFilename (node:internal/modules/cjs/loader:1476:15)
[error]     at wrapResolveFilename (node:internal/modules/cjs/loader:1049:27)
[error]     at resolveForCJSWithHooks (node:internal/modules/cjs/loader:1094:12)
[error]     at require.resolve (node:internal/modules/helpers:171:31)
[error]     at _resolve (/Users/zackjackson/Documents/Codex/2026-10-02/task-4/stack5137/node_modules/.pnpm/jiti@1.21.7/node_modules/jiti/dist/jiti.js:1:246378)
[error]     at jiti (/Users/zackjackson/Documents/Codex/2026-10-02/task-4/stack5137/node_modules/.pnpm/jiti@1.21.7/node_modules/jiti/dist/jiti.js:1:249092)
[error]     at /Users/zackjackson/Documents/Codex/2026-10-02/task-4/stack5137/apps/next-app-router/next-app-router-4000/tailwind.config.ts:89:13
[error]     at evalModule (/Users/zackjackson/Documents/Codex/2026-10-02/task-4/stack5137/node_modules/.pnpm/jiti@1.21.7/node_modules/jiti/dist/jiti.js:1:251913)
[error]     at jiti (/Users/zackjackson/Documents/Codex/2026-10-02/task-4/stack5137/node_modules/.pnpm/jiti@1.21.7/node_modules/jiti/dist/jiti.js:1:249841)
[error]     at /Users/zackjackson/Documents/Codex/2026-10-02/task-4/stack5137/node_modules/.pnpm/tailwindcss@3.4.13_ts-node@10.9.1_@swc+core@1.7.26_@swc+helpers@0.5.13__@types+node@20.19.5_typescript@6.0.3_/node_modules/tailwindcss/lib/lib/load-config.js:51:30
[error] apps/next-app-router/next-app-router-4000/app/isr/[id]/page.tsx: Error: Cannot find module '@tailwindcss/typography'
[error] Require stack:
[error] - /Users/zackjackson/Documents/Codex/2026-10-02/task-4/stack5137/apps/next-app-router/next-app-router-4000/tailwind.config.ts
[error]     at Module._resolveFilename (node:internal/modules/cjs/loader:1476:15)
[error]     at wrapResolveFilename (node:internal/modules/cjs/loader:1049:27)
[error]     at resolveForCJSWithHooks (node:internal/modules/cjs/loader:1094:12)
[error]     at require.resolve (node:internal/modules/helpers:171:31)
[error]     at _resolve (/Users/zackjackson/Documents/Codex/2026-10-02/task-4/stack5137/node_modules/.pnpm/jiti@1.21.7/node_modules/jiti/dist/jiti.js:1:246378)
[error]     at jiti (/Users/zackjackson/Documents/Codex/2026-10-02/task-4/stack5137/node_modules/.pnpm/jiti@1.21.7/node_modules/jiti/dist/jiti.js:1:249092)
[error]     at /Users/zackjackson/Documents/Codex/2026-10-02/task-4/stack5137/apps/next-app-router/next-app-router-4000/tailwind.config.ts:89:13
[error]     at evalModule (/Users/zackjackson/Documents/Codex/2026-10-02/task-4/stack5137/node_modules/.pnpm/jiti@1.21.7/node_modules/jiti/dist/jiti.js:1:251913)
[error]     at jiti (/Users/zackjackson/Documents/Codex/2026-10-02/task-4/stack5137/node_modules/.pnpm/jiti@1.21.7/node_modules/jiti/dist/jiti.js:1:249841)
[error]     at /Users/zackjackson/Documents/Codex/2026-10-02/task-4/stack5137/node_modules/.pnpm/tailwindcss@3.4.13_ts-node@10.9.1_@swc+core@1.7.26_@swc+helpers@0.5.13__@types+node@20.19.5_typescript@6.0.3_/node_modules/tailwindcss/lib/lib/load-config.js:51:30
[error] apps/next-app-router/next-app-router-4000/app/isr/layout.tsx: Error: Cannot find module '@tailwindcss/typography'
[error] Require stack:
[error] - /Users/zackjackson/Documents/Codex/2026-10-02/task-4/stack5137/apps/next-app-router/next-app-router-4000/tailwind.config.ts
[error]     at Module._resolveFilename (node:internal/modules/cjs/loader:1476:15)
[error]     at wrapResolveFilename (node:internal/modules/cjs/loader:1049:27)
[error]     at resolveForCJSWithHooks (node:internal/modules/cjs/loader:1094:12)
[error]     at require.resolve (node:internal/modules/helpers:171:31)
[error]     at _resolve (/Users/zackjackson/Documents/Codex/2026-10-02/task-4/stack5137/node_modules/.pnpm/jiti@1.21.7/node_modules/jiti/dist/jiti.js:1:246378)
[error]     at jiti (/Users/zackjackson/Documents/Codex/2026-10-02/task-4/stack5137/node_modules/.pnpm/jiti@1.21.7/node_modules/jiti/dist/jiti.js:1:249092)
[error]     at /Users/zackjackson/Documents/Codex/2026-10-02/task-4/stack5137/apps/next-app-router/next-app-router-4000/tailwind.config.ts:89:13
[error]     at evalModule (/Users/zackjackson/Documents/Codex/2026-10-02/task-4/stack5137/node_modules/.pnpm/jiti@1.21.7/node_modules/jiti/dist/jiti.js:1:251913)
[error]     at jiti (/Users/zackjackson/Documents/Codex/2026-10-02/task-4/stack5137/node_modules/.pnpm/jiti@1.21.7/node_modules/jiti/dist/jiti.js:1:249841)
[error]     at /Users/zackjackson/Documents/Codex/2026-10-02/task-4/stack5137/node_modules/.pnpm/tailwindcss@3.4.13_ts-node@10.9.1_@swc+core@1.7.26_@swc+helpers@0.5.13__@types+node@20.19.5_typescript@6.0.3_/node_modules/tailwindcss/lib/lib/load-config.js:51:30
[error] apps/next-app-router/next-app-router-4000/app/isr/loading.tsx: Error: Cannot find module '@tailwindcss/typography'
[error] Require stack:
[error] - /Users/zackjackson/Documents/Codex/2026-10-02/task-4/stack5137/apps/next-app-router/next-app-router-4000/tailwind.config.ts
[error]     at Module._resolveFilename (node:internal/modules/cjs/loader:1476:15)
[error]     at wrapResolveFilename (node:internal/modules/cjs/loader:1049:27)
[error]     at resolveForCJSWithHooks (node:internal/modules/cjs/loader:1094:12)
[error]     at require.resolve (node:internal/modules/helpers:171:31)
[error]     at _resolve (/Users/zackjackson/Documents/Codex/2026-10-02/task-4/stack5137/node_modules/.pnpm/jiti@1.21.7/node_modules/jiti/dist/jiti.js:1:246378)
[error]     at jiti (/Users/zackjackson/Documents/Codex/2026-10-02/task-4/stack5137/node_modules/.pnpm/jiti@1.21.7/node_modules/jiti/dist/jiti.js:1:249092)
[error]     at /Users/zackjackson/Documents/Codex/2026-10-02/task-4/stack5137/apps/next-app-router/next-app-router-4000/tailwind.config.ts:89:13
[error]     at evalModule (/Users/zackjackson/Documents/Codex/2026-10-02/task-4/stack5137/node_modules/.pnpm/jiti@1.21.7/node_modules/jiti/dist/jiti.js:1:251913)
[error]     at jiti (/Users/zackjackson/Documents/Codex/2026-10-02/task-4/stack5137/node_modules/.pnpm/jiti@1.21.7/node_modules/jiti/dist/jiti.js:1:249841)
[error]     at /Users/zackjackson/Documents/Codex/2026-10-02/task-4/stack5137/node_modules/.pnpm/tailwindcss@3.4.13_ts-node@10.9.1_@swc+core@1.7.26_@swc+helpers@0.5.13__@types+node@20.19.5_typescript@6.0.3_/node_modules/tailwindcss/lib/lib/load-config.js:51:30
[error] apps/next-app-router/next-app-router-4000/app/isr/page.tsx: Error: Cannot find module '@tailwindcss/typography'
[error] Require stack:
[error] - /Users/zackjackson/Documents/Codex/2026-10-02/task-4/stack5137/apps/next-app-router/next-app-router-4000/tailwind.config.ts
[error]     at Module._resolveFilename (node:internal/modules/cjs/loader:1476:15)
[error]     at wrapResolveFilename (node:internal/modules/cjs/loader:1049:27)
[error]     at resolveForCJSWithHooks (node:internal/modules/cjs/loader:1094:12)
[error]     at require.resolve (node:internal/modules/helpers:171:31)
[error]     at _resolve (/Users/zackjackson/Documents/Codex/2026-10-02/task-4/stack5137/node_modules/.pnpm/jiti@1.21.7/node_modules/jiti/dist/jiti.js:1:246378)
[error]     at jiti (/Users/zackjackson/Documents/Codex/2026-10-02/task-4/stack5137/node_modules/.pnpm/jiti@1.21.7/node_modules/jiti/dist/jiti.js:1:249092)
[error]     at /Users/zackjackson/Documents/Codex/2026-10-02/task-4/stack5137/apps/next-app-router/next-app-router-4000/tailwind.config.ts:89:13
[error]     at evalModule (/Users/zackjackson/Documents/Codex/2026-10-02/task-4/stack5137/node_modules/.pnpm/jiti@1.21.7/node_modules/jiti/dist/jiti.js:1:251913)
[error]     at jiti (/Users/zackjackson/Documents/Codex/2026-10-02/task-4/stack5137/node_modules/.pnpm/jiti@1.21.7/node_modules/jiti/dist/jiti.js:1:249841)
[error]     at /Users/zackjackson/Documents/Codex/2026-10-02/task-4/stack5137/node_modules/.pnpm/tailwindcss@3.4.13_ts-node@10.9.1_@swc+core@1.7.26_@swc+helpers@0.5.13__@types+node@20.19.5_typescript@6.0.3_/node_modules/tailwindcss/lib/lib/load-config.js:51:30
[error] apps/next-app-router/next-app-router-4000/app/isr/template.tsx: Error: Cannot find module '@tailwindcss/typography'
[error] Require stack:
[error] - /Users/zackjackson/Documents/Codex/2026-10-02/task-4/stack5137/apps/next-app-router/next-app-router-4000/tailwind.config.ts
[error]     at Module._resolveFilename (node:internal/modules/cjs/loader:1476:15)
[error]     at wrapResolveFilename (node:internal/modules/cjs/loader:1049:27)
[error]     at resolveForCJSWithHooks (node:internal/modules/cjs/loader:1094:12)
[error]     at require.resolve (node:internal/modules/helpers:171:31)
[error]     at _resolve (/Users/zackjackson/Documents/Codex/2026-10-02/task-4/stack5137/node_modules/.pnpm/jiti@1.21.7/node_modules/jiti/dist/jiti.js:1:246378)
[error]     at jiti (/Users/zackjackson/Documents/Codex/2026-10-02/task-4/stack5137/node_modules/.pnpm/jiti@1.21.7/node_modules/jiti/dist/jiti.js:1:249092)
[error]     at /Users/zackjackson/Documents/Codex/2026-10-02/task-4/stack5137/apps/next-app-router/next-app-router-4000/tailwind.config.ts:89:13
[error]     at evalModule (/Users/zackjackson/Documents/Codex/2026-10-02/task-4/stack5137/node_modules/.pnpm/jiti@1.21.7/node_modules/jiti/dist/jiti.js:1:251913)
[error]     at jiti (/Users/zackjackson/Documents/Codex/2026-10-02/task-4/stack5137/node_modules/.pnpm/jiti@1.21.7/node_modules/jiti/dist/jiti.js:1:249841)
[error]     at /Users/zackjackson/Documents/Codex/2026-10-02/task-4/stack5137/node_modules/.pnpm/tailwindcss@3.4.13_ts-node@10.9.1_@swc+core@1.7.26_@swc+helpers@0.5.13__@types+node@20.19.5_typescript@6.0.3_/node_modules/tailwindcss/lib/lib/load-config.js:51:30
[error] apps/next-app-router/next-app-router-4000/app/layout.tsx: Error: Cannot find module '@tailwindcss/typography'
[error] Require stack:
[error] - /Users/zackjackson/Documents/Codex/2026-10-02/task-4/stack5137/apps/next-app-router/next-app-router-4000/tailwind.config.ts
[error]     at Module._resolveFilename (node:internal/modules/cjs/loader:1476:15)
[error]     at wrapResolveFilename (node:internal/modules/cjs/loader:1049:27)
[error]     at resolveForCJSWithHooks (node:internal/modules/cjs/loader:1094:12)
[error]     at require.resolve (node:internal/modules/helpers:171:31)
[error]     at _resolve (/Users/zackjackson/Documents/Codex/2026-10-02/task-4/stack5137/node_modules/.pnpm/jiti@1.21.7/node_modules/jiti/dist/jiti.js:1:246378)
[error]     at jiti (/Users/zackjackson/Documents/Codex/2026-10-02/task-4/stack5137/node_modules/.pnpm/jiti@1.21.7/node_modules/jiti/dist/jiti.js:1:249092)
[error]     at /Users/zackjackson/Documents/Codex/2026-10-02/task-4/stack5137/apps/next-app-router/next-app-router-4000/tailwind.config.ts:89:13
[error]     at evalModule (/Users/zackjackson/Documents/Codex/2026-10-02/task-4/stack5137/node_modules/.pnpm/jiti@1.21.7/node_modules/jiti/dist/jiti.js:1:251913)
[error]     at jiti (/Users/zackjackson/Documents/Codex/2026-10-02/task-4/stack5137/node_modules/.pnpm/jiti@1.21.7/node_modules/jiti/dist/jiti.js:1:249841)
[error]     at /Users/zackjackson/Documents/Codex/2026-10-02/task-4/stack5137/node_modules/.pnpm/tailwindcss@3.4.13_ts-node@10.9.1_@swc+core@1.7.26_@swc+helpers@0.5.13__@types+node@20.19.5_typescript@6.0.3_/node_modules/tailwindcss/lib/lib/load-config.js:51:30
[error] apps/next-app-router/next-app-router-4000/app/layouts/[categorySlug]/[subCategorySlug]/page.tsx: Error: Cannot find module '@tailwindcss/typography'
[error] Require stack:
[error] - /Users/zackjackson/Documents/Codex/2026-10-02/task-4/stack5137/apps/next-app-router/next-app-router-4000/tailwind.config.ts
[error]     at Module._resolveFilename (node:internal/modules/cjs/loader:1476:15)
[error]     at wrapResolveFilename (node:internal/modules/cjs/loader:1049:27)
[error]     at resolveForCJSWithHooks (node:internal/modules/cjs/loader:1094:12)
[error]     at require.resolve (node:internal/modules/helpers:171:31)
[error]     at _resolve (/Users/zackjackson/Documents/Codex/2026-10-02/task-4/stack5137/node_modules/.pnpm/jiti@1.21.7/node_modules/jiti/dist/jiti.js:1:246378)
[error]     at jiti (/Users/zackjackson/Documents/Codex/2026-10-02/task-4/stack5137/node_modules/.pnpm/jiti@1.21.7/node_modules/jiti/dist/jiti.js:1:249092)
[error]     at /Users/zackjackson/Documents/Codex/2026-10-02/task-4/stack5137/apps/next-app-router/next-app-router-4000/tailwind.config.ts:89:13
[error]     at evalModule (/Users/zackjackson/Documents/Codex/2026-10-02/task-4/stack5137/node_modules/.pnpm/jiti@1.21.7/node_modules/jiti/dist/jiti.js:1:251913)
[error]     at jiti (/Users/zackjackson/Documents/Codex/2026-10-02/task-4/stack5137/node_modules/.pnpm/jiti@1.21.7/node_modules/jiti/dist/jiti.js:1:249841)
[error]     at /Users/zackjackson/Documents/Codex/2026-10-02/task-4/stack5137/node_modules/.pnpm/tailwindcss@3.4.13_ts-node@10.9.1_@swc+core@1.7.26_@swc+helpers@0.5.13__@types+node@20.19.5_typescript@6.0.3_/node_modules/tailwindcss/lib/lib/load-config.js:51:30
[error] apps/next-app-router/next-app-router-4000/app/layouts/[categorySlug]/layout.tsx: Error: Cannot find module '@tailwindcss/typography'
[error] Require stack:
[error] - /Users/zackjackson/Documents/Codex/2026-10-02/task-4/stack5137/apps/next-app-router/next-app-router-4000/tailwind.config.ts
[error]     at Module._resolveFilename (node:internal/modules/cjs/loader:1476:15)
[error]     at wrapResolveFilename (node:internal/modules/cjs/loader:1049:27)
[error]     at resolveForCJSWithHooks (node:internal/modules/cjs/loader:1094:12)
[error]     at require.resolve (node:internal/modules/helpers:171:31)
[error]     at _resolve (/Users/zackjackson/Documents/Codex/2026-10-02/task-4/stack5137/node_modules/.pnpm/jiti@1.21.7/node_modules/jiti/dist/jiti.js:1:246378)
[error]     at jiti (/Users/zackjackson/Documents/Codex/2026-10-02/task-4/stack5137/node_modules/.pnpm/jiti@1.21.7/node_modules/jiti/dist/jiti.js:1:249092)
[error]     at /Users/zackjackson/Documents/Codex/2026-10-02/task-4/stack5137/apps/next-app-router/next-app-router-4000/tailwind.config.ts:89:13
[error]     at evalModule (/Users/zackjackson/Documents/Codex/2026-10-02/task-4/stack5137/node_modules/.pnpm/jiti@1.21.7/node_modules/jiti/dist/jiti.js:1:251913)
[error]     at jiti (/Users/zackjackson/Documents/Codex/2026-10-02/task-4/stack5137/node_modules/.pnpm/jiti@1.21.7/node_modules/jiti/dist/jiti.js:1:249841)
[error]     at /Users/zackjackson/Documents/Codex/2026-10-02/task-4/stack5137/node_modules/.pnpm/tailwindcss@3.4.13_ts-node@10.9.1_@swc+core@1.7.26_@swc+helpers@0.5.13__@types+node@20.19.5_typescript@6.0.3_/node_modules/tailwindcss/lib/lib/load-config.js:51:30
[error] apps/next-app-router/next-app-router-4000/app/layouts/[categorySlug]/page.tsx: Error: Cannot find module '@tailwindcss/typography'
[error] Require stack:
[error] - /Users/zackjackson/Documents/Codex/2026-10-02/task-4/stack5137/apps/next-app-router/next-app-router-4000/tailwind.config.ts
[error]     at Module._resolveFilename (node:internal/modules/cjs/loader:1476:15)
[error]     at wrapResolveFilename (node:internal/modules/cjs/loader:1049:27)
[error]     at resolveForCJSWithHooks (node:internal/modules/cjs/loader:1094:12)
[error]     at require.resolve (node:internal/modules/helpers:171:31)
[error]     at _resolve (/Users/zackjackson/Documents/Codex/2026-10-02/task-4/stack5137/node_modules/.pnpm/jiti@1.21.7/node_modules/jiti/dist/jiti.js:1:246378)
[error]     at jiti (/Users/zackjackson/Documents/Codex/2026-10-02/task-4/stack5137/node_modules/.pnpm/jiti@1.21.7/node_modules/jiti/dist/jiti.js:1:249092)
[error]     at /Users/zackjackson/Documents/Codex/2026-10-02/task-4/stack5137/apps/next-app-router/next-app-router-4000/tailwind.config.ts:89:13
[error]     at evalModule (/Users/zackjackson/Documents/Codex/2026-10-02/task-4/stack5137/node_modules/.pnpm/jiti@1.21.7/node_modules/jiti/dist/jiti.js:1:251913)
[error]     at jiti (/Users/zackjackson/Documents/Codex/2026-10-02/task-4/stack5137/node_modules/.pnpm/jiti@1.21.7/node_modules/jiti/dist/jiti.js:1:249841)
[error]     at /Users/zackjackson/Documents/Codex/2026-10-02/task-4/stack5137/node_modules/.pnpm/tailwindcss@3.4.13_ts-node@10.9.1_@swc+core@1.7.26_@swc+helpers@0.5.13__@types+node@20.19.5_typescript@6.0.3_/node_modules/tailwindcss/lib/lib/load-config.js:51:30
[error] apps/next-app-router/next-app-router-4000/app/layouts/[categorySlug]/template.tsx: Error: Cannot find module '@tailwindcss/typography'
[error] Require stack:
[error] - /Users/zackjackson/Documents/Codex/2026-10-02/task-4/stack5137/apps/next-app-router/next-app-router-4000/tailwind.config.ts
[error]     at Module._resolveFilename (node:internal/modules/cjs/loader:1476:15)
[error]     at wrapResolveFilename (node:internal/modules/cjs/loader:1049:27)
[error]     at resolveForCJSWithHooks (node:internal/modules/cjs/loader:1094:12)
[error]     at require.resolve (node:internal/modules/helpers:171:31)
[error]     at _resolve (/Users/zackjackson/Documents/Codex/2026-10-02/task-4/stack5137/node_modules/.pnpm/jiti@1.21.7/node_modules/jiti/dist/jiti.js:1:246378)
[error]     at jiti (/Users/zackjackson/Documents/Codex/2026-10-02/task-4/stack5137/node_modules/.pnpm/jiti@1.21.7/node_modules/jiti/dist/jiti.js:1:249092)
[error]     at /Users/zackjackson/Documents/Codex/2026-10-02/task-4/stack5137/apps/next-app-router/next-app-router-4000/tailwind.config.ts:89:13
[error]     at evalModule (/Users/zackjackson/Documents/Codex/2026-10-02/task-4/stack5137/node_modules/.pnpm/jiti@1.21.7/node_modules/jiti/dist/jiti.js:1:251913)
[error]     at jiti (/Users/zackjackson/Documents/Codex/2026-10-02/task-4/stack5137/node_modules/.pnpm/jiti@1.21.7/node_modules/jiti/dist/jiti.js:1:249841)
[error]     at /Users/zackjackson/Documents/Codex/2026-10-02/task-4/stack5137/node_modules/.pnpm/tailwindcss@3.4.13_ts-node@10.9.1_@swc+core@1.7.26_@swc+helpers@0.5.13__@types+node@20.19.5_typescript@6.0.3_/node_modules/tailwindcss/lib/lib/load-config.js:51:30
[error] apps/next-app-router/next-app-router-4000/app/layouts/layout.tsx: Error: Cannot find module '@tailwindcss/typography'
[error] Require stack:
[error] - /Users/zackjackson/Documents/Codex/2026-10-02/task-4/stack5137/apps/next-app-router/next-app-router-4000/tailwind.config.ts
[error]     at Module._resolveFilename (node:internal/modules/cjs/loader:1476:15)
[error]     at wrapResolveFilename (node:internal/modules/cjs/loader:1049:27)
[error]     at resolveForCJSWithHooks (node:internal/modules/cjs/loader:1094:12)
[error]     at require.resolve (node:internal/modules/helpers:171:31)
[error]     at _resolve (/Users/zackjackson/Documents/Codex/2026-10-02/task-4/stack5137/node_modules/.pnpm/jiti@1.21.7/node_modules/jiti/dist/jiti.js:1:246378)
[error]     at jiti (/Users/zackjackson/Documents/Codex/2026-10-02/task-4/stack5137/node_modules/.pnpm/jiti@1.21.7/node_modules/jiti/dist/jiti.js:1:249092)
[error]     at /Users/zackjackson/Documents/Codex/2026-10-02/task-4/stack5137/apps/next-app-router/next-app-router-4000/tailwind.config.ts:89:13
[error]     at evalModule (/Users/zackjackson/Documents/Codex/2026-10-02/task-4/stack5137/node_modules/.pnpm/jiti@1.21.7/node_modules/jiti/dist/jiti.js:1:251913)
[error]     at jiti (/Users/zackjackson/Documents/Codex/2026-10-02/task-4/stack5137/node_modules/.pnpm/jiti@1.21.7/node_modules/jiti/dist/jiti.js:1:249841)
[error]     at /Users/zackjackson/Documents/Codex/2026-10-02/task-4/stack5137/node_modules/.pnpm/tailwindcss@3.4.13_ts-node@10.9.1_@swc+core@1.7.26_@swc+helpers@0.5.13__@types+node@20.19.5_typescript@6.0.3_/node_modules/tailwindcss/lib/lib/load-config.js:51:30
[error] apps/next-app-router/next-app-router-4000/app/layouts/page.tsx: Error: Cannot find module '@tailwindcss/typography'
[error] Require stack:
[error] - /Users/zackjackson/Documents/Codex/2026-10-02/task-4/stack5137/apps/next-app-router/next-app-router-4000/tailwind.config.ts
[error]     at Module._resolveFilename (node:internal/modules/cjs/loader:1476:15)
[error]     at wrapResolveFilename (node:internal/modules/cjs/loader:1049:27)
[error]     at resolveForCJSWithHooks (node:internal/modules/cjs/loader:1094:12)
[error]     at require.resolve (node:internal/modules/helpers:171:31)
[error]     at _resolve (/Users/zackjackson/Documents/Codex/2026-10-02/task-4/stack5137/node_modules/.pnpm/jiti@1.21.7/node_modules/jiti/dist/jiti.js:1:246378)
[error]     at jiti (/Users/zackjackson/Documents/Codex/2026-10-02/task-4/stack5137/node_modules/.pnpm/jiti@1.21.7/node_modules/jiti/dist/jiti.js:1:249092)
[error]     at /Users/zackjackson/Documents/Codex/2026-10-02/task-4/stack5137/apps/next-app-router/next-app-router-4000/tailwind.config.ts:89:13
[error]     at evalModule (/Users/zackjackson/Documents/Codex/2026-10-02/task-4/stack5137/node_modules/.pnpm/jiti@1.21.7/node_modules/jiti/dist/jiti.js:1:251913)
[error]     at jiti (/Users/zackjackson/Documents/Codex/2026-10-02/task-4/stack5137/node_modules/.pnpm/jiti@1.21.7/node_modules/jiti/dist/jiti.js:1:249841)
[error]     at /Users/zackjackson/Documents/Codex/2026-10-02/task-4/stack5137/node_modules/.pnpm/tailwindcss@3.4.13_ts-node@10.9.1_@swc+core@1.7.26_@swc+helpers@0.5.13__@types+node@20.19.5_typescript@6.0.3_/node_modules/tailwindcss/lib/lib/load-config.js:51:30
[error] apps/next-app-router/next-app-router-4000/app/layouts/template.tsx: Error: Cannot find module '@tailwindcss/typography'
[error] Require stack:
[error] - /Users/zackjackson/Documents/Codex/2026-10-02/task-4/stack5137/apps/next-app-router/next-app-router-4000/tailwind.config.ts
[error]     at Module._resolveFilename (node:internal/modules/cjs/loader:1476:15)
[error]     at wrapResolveFilename (node:internal/modules/cjs/loader:1049:27)
[error]     at resolveForCJSWithHooks (node:internal/modules/cjs/loader:1094:12)
[error]     at require.resolve (node:internal/modules/helpers:171:31)
[error]     at _resolve (/Users/zackjackson/Documents/Codex/2026-10-02/task-4/stack5137/node_modules/.pnpm/jiti@1.21.7/node_modules/jiti/dist/jiti.js:1:246378)
[error]     at jiti (/Users/zackjackson/Documents/Codex/2026-10-02/task-4/stack5137/node_modules/.pnpm/jiti@1.21.7/node_modules/jiti/dist/jiti.js:1:249092)
[error]     at /Users/zackjackson/Documents/Codex/2026-10-02/task-4/stack5137/apps/next-app-router/next-app-router-4000/tailwind.config.ts:89:13
[error]     at evalModule (/Users/zackjackson/Documents/Codex/2026-10-02/task-4/stack5137/node_modules/.pnpm/jiti@1.21.7/node_modules/jiti/dist/jiti.js:1:251913)
[error]     at jiti (/Users/zackjackson/Documents/Codex/2026-10-02/task-4/stack5137/node_modules/.pnpm/jiti@1.21.7/node_modules/jiti/dist/jiti.js:1:249841)
[error]     at /Users/zackjackson/Documents/Codex/2026-10-02/task-4/stack5137/node_modules/.pnpm/tailwindcss@3.4.13_ts-node@10.9.1_@swc+core@1.7.26_@swc+helpers@0.5.13__@types+node@20.19.5_typescript@6.0.3_/node_modules/tailwindcss/lib/lib/load-config.js:51:30
[error] apps/next-app-router/next-app-router-4000/app/loading/[categorySlug]/page.tsx: Error: Cannot find module '@tailwindcss/typography'
[error] Require stack:
[error] - /Users/zackjackson/Documents/Codex/2026-10-02/task-4/stack5137/apps/next-app-router/next-app-router-4000/tailwind.config.ts
[error]     at Module._resolveFilename (node:internal/modules/cjs/loader:1476:15)
[error]     at wrapResolveFilename (node:internal/modules/cjs/loader:1049:27)
[error]     at resolveForCJSWithHooks (node:internal/modules/cjs/loader:1094:12)
[error]     at require.resolve (node:internal/modules/helpers:171:31)
[error]     at _resolve (/Users/zackjackson/Documents/Codex/2026-10-02/task-4/stack5137/node_modules/.pnpm/jiti@1.21.7/node_modules/jiti/dist/jiti.js:1:246378)
[error]     at jiti (/Users/zackjackson/Documents/Codex/2026-10-02/task-4/stack5137/node_modules/.pnpm/jiti@1.21.7/node_modules/jiti/dist/jiti.js:1:249092)
[error]     at /Users/zackjackson/Documents/Codex/2026-10-02/task-4/stack5137/apps/next-app-router/next-app-router-4000/tailwind.config.ts:89:13
[error]     at evalModule (/Users/zackjackson/Documents/Codex/2026-10-02/task-4/stack5137/node_modules/.pnpm/jiti@1.21.7/node_modules/jiti/dist/jiti.js:1:251913)
[error]     at jiti (/Users/zackjackson/Documents/Codex/2026-10-02/task-4/stack5137/node_modules/.pnpm/jiti@1.21.7/node_modules/jiti/dist/jiti.js:1:249841)
[error]     at /Users/zackjackson/Documents/Codex/2026-10-02/task-4/stack5137/node_modules/.pnpm/tailwindcss@3.4.13_ts-node@10.9.1_@swc+core@1.7.26_@swc+helpers@0.5.13__@types+node@20.19.5_typescript@6.0.3_/node_modules/tailwindcss/lib/lib/load-config.js:51:30
[error] apps/next-app-router/next-app-router-4000/app/loading/layout.tsx: Error: Cannot find module '@tailwindcss/typography'
[error] Require stack:
[error] - /Users/zackjackson/Documents/Codex/2026-10-02/task-4/stack5137/apps/next-app-router/next-app-router-4000/tailwind.config.ts
[error]     at Module._resolveFilename (node:internal/modules/cjs/loader:1476:15)
[error]     at wrapResolveFilename (node:internal/modules/cjs/loader:1049:27)
[error]     at resolveForCJSWithHooks (node:internal/modules/cjs/loader:1094:12)
[error]     at require.resolve (node:internal/modules/helpers:171:31)
[error]     at _resolve (/Users/zackjackson/Documents/Codex/2026-10-02/task-4/stack5137/node_modules/.pnpm/jiti@1.21.7/node_modules/jiti/dist/jiti.js:1:246378)
[error]     at jiti (/Users/zackjackson/Documents/Codex/2026-10-02/task-4/stack5137/node_modules/.pnpm/jiti@1.21.7/node_modules/jiti/dist/jiti.js:1:249092)
[error]     at /Users/zackjackson/Documents/Codex/2026-10-02/task-4/stack5137/apps/next-app-router/next-app-router-4000/tailwind.config.ts:89:13
[error]     at evalModule (/Users/zackjackson/Documents/Codex/2026-10-02/task-4/stack5137/node_modules/.pnpm/jiti@1.21.7/node_modules/jiti/dist/jiti.js:1:251913)
[error]     at jiti (/Users/zackjackson/Documents/Codex/2026-10-02/task-4/stack5137/node_modules/.pnpm/jiti@1.21.7/node_modules/jiti/dist/jiti.js:1:249841)
[error]     at /Users/zackjackson/Documents/Codex/2026-10-02/task-4/stack5137/node_modules/.pnpm/tailwindcss@3.4.13_ts-node@10.9.1_@swc+core@1.7.26_@swc+helpers@0.5.13__@types+node@20.19.5_typescript@6.0.3_/node_modules/tailwindcss/lib/lib/load-config.js:51:30
[error] apps/next-app-router/next-app-router-4000/app/loading/loading.tsx: Error: Cannot find module '@tailwindcss/typography'
[error] Require stack:
[error] - /Users/zackjackson/Documents/Codex/2026-10-02/task-4/stack5137/apps/next-app-router/next-app-router-4000/tailwind.config.ts
[error]     at Module._resolveFilename (node:internal/modules/cjs/loader:1476:15)
[error]     at wrapResolveFilename (node:internal/modules/cjs/loader:1049:27)
[error]     at resolveForCJSWithHooks (node:internal/modules/cjs/loader:1094:12)
[error]     at require.resolve (node:internal/modules/helpers:171:31)
[error]     at _resolve (/Users/zackjackson/Documents/Codex/2026-10-02/task-4/stack5137/node_modules/.pnpm/jiti@1.21.7/node_modules/jiti/dist/jiti.js:1:246378)
[error]     at jiti (/Users/zackjackson/Documents/Codex/2026-10-02/task-4/stack5137/node_modules/.pnpm/jiti@1.21.7/node_modules/jiti/dist/jiti.js:1:249092)
[error]     at /Users/zackjackson/Documents/Codex/2026-10-02/task-4/stack5137/apps/next-app-router/next-app-router-4000/tailwind.config.ts:89:13
[error]     at evalModule (/Users/zackjackson/Documents/Codex/2026-10-02/task-4/stack5137/node_modules/.pnpm/jiti@1.21.7/node_modules/jiti/dist/jiti.js:1:251913)
[error]     at jiti (/Users/zackjackson/Documents/Codex/2026-10-02/task-4/stack5137/node_modules/.pnpm/jiti@1.21.7/node_modules/jiti/dist/jiti.js:1:249841)
[error]     at /Users/zackjackson/Documents/Codex/2026-10-02/task-4/stack5137/node_modules/.pnpm/tailwindcss@3.4.13_ts-node@10.9.1_@swc+core@1.7.26_@swc+helpers@0.5.13__@types+node@20.19.5_typescript@6.0.3_/node_modules/tailwindcss/lib/lib/load-config.js:51:30
[error] apps/next-app-router/next-app-router-4000/app/loading/page.tsx: Error: Cannot find module '@tailwindcss/typography'
[error] Require stack:
[error] - /Users/zackjackson/Documents/Codex/2026-10-02/task-4/stack5137/apps/next-app-router/next-app-router-4000/tailwind.config.ts
[error]     at Module._resolveFilename (node:internal/modules/cjs/loader:1476:15)
[error]     at wrapResolveFilename (node:internal/modules/cjs/loader:1049:27)
[error]     at resolveForCJSWithHooks (node:internal/modules/cjs/loader:1094:12)
[error]     at require.resolve (node:internal/modules/helpers:171:31)
[error]     at _resolve (/Users/zackjackson/Documents/Codex/2026-10-02/task-4/stack5137/node_modules/.pnpm/jiti@1.21.7/node_modules/jiti/dist/jiti.js:1:246378)
[error]     at jiti (/Users/zackjackson/Documents/Codex/2026-10-02/task-4/stack5137/node_modules/.pnpm/jiti@1.21.7/node_modules/jiti/dist/jiti.js:1:249092)
[error]     at /Users/zackjackson/Documents/Codex/2026-10-02/task-4/stack5137/apps/next-app-router/next-app-router-4000/tailwind.config.ts:89:13
[error]     at evalModule (/Users/zackjackson/Documents/Codex/2026-10-02/task-4/stack5137/node_modules/.pnpm/jiti@1.21.7/node_modules/jiti/dist/jiti.js:1:251913)
[error]     at jiti (/Users/zackjackson/Documents/Codex/2026-10-02/task-4/stack5137/node_modules/.pnpm/jiti@1.21.7/node_modules/jiti/dist/jiti.js:1:249841)
[error]     at /Users/zackjackson/Documents/Codex/2026-10-02/task-4/stack5137/node_modules/.pnpm/tailwindcss@3.4.13_ts-node@10.9.1_@swc+core@1.7.26_@swc+helpers@0.5.13__@types+node@20.19.5_typescript@6.0.3_/node_modules/tailwindcss/lib/lib/load-config.js:51:30
[error] apps/next-app-router/next-app-router-4000/app/loading/template.tsx: Error: Cannot find module '@tailwindcss/typography'
[error] Require stack:
[error] - /Users/zackjackson/Documents/Codex/2026-10-02/task-4/stack5137/apps/next-app-router/next-app-router-4000/tailwind.config.ts
[error]     at Module._resolveFilename (node:internal/modules/cjs/loader:1476:15)
[error]     at wrapResolveFilename (node:internal/modules/cjs/loader:1049:27)
[error]     at resolveForCJSWithHooks (node:internal/modules/cjs/loader:1094:12)
[error]     at require.resolve (node:internal/modules/helpers:171:31)
[error]     at _resolve (/Users/zackjackson/Documents/Codex/2026-10-02/task-4/stack5137/node_modules/.pnpm/jiti@1.21.7/node_modules/jiti/dist/jiti.js:1:246378)
[error]     at jiti (/Users/zackjackson/Documents/Codex/2026-10-02/task-4/stack5137/node_modules/.pnpm/jiti@1.21.7/node_modules/jiti/dist/jiti.js:1:249092)
[error]     at /Users/zackjackson/Documents/Codex/2026-10-02/task-4/stack5137/apps/next-app-router/next-app-router-4000/tailwind.config.ts:89:13
[error]     at evalModule (/Users/zackjackson/Documents/Codex/2026-10-02/task-4/stack5137/node_modules/.pnpm/jiti@1.21.7/node_modules/jiti/dist/jiti.js:1:251913)
[error]     at jiti (/Users/zackjackson/Documents/Codex/2026-10-02/task-4/stack5137/node_modules/.pnpm/jiti@1.21.7/node_modules/jiti/dist/jiti.js:1:249841)
[error]     at /Users/zackjackson/Documents/Codex/2026-10-02/task-4/stack5137/node_modules/.pnpm/tailwindcss@3.4.13_ts-node@10.9.1_@swc+core@1.7.26_@swc+helpers@0.5.13__@types+node@20.19.5_typescript@6.0.3_/node_modules/tailwindcss/lib/lib/load-config.js:51:30
[error] apps/next-app-router/next-app-router-4000/app/not-found.tsx: Error: Cannot find module '@tailwindcss/typography'
[error] Require stack:
[error] - /Users/zackjackson/Documents/Codex/2026-10-02/task-4/stack5137/apps/next-app-router/next-app-router-4000/tailwind.config.ts
[error]     at Module._resolveFilename (node:internal/modules/cjs/loader:1476:15)
[error]     at wrapResolveFilename (node:internal/modules/cjs/loader:1049:27)
[error]     at resolveForCJSWithHooks (node:internal/modules/cjs/loader:1094:12)
[error]     at require.resolve (node:internal/modules/helpers:171:31)
[error]     at _resolve (/Users/zackjackson/Documents/Codex/2026-10-02/task-4/stack5137/node_modules/.pnpm/jiti@1.21.7/node_modules/jiti/dist/jiti.js:1:246378)
[error]     at jiti (/Users/zackjackson/Documents/Codex/2026-10-02/task-4/stack5137/node_modules/.pnpm/jiti@1.21.7/node_modules/jiti/dist/jiti.js:1:249092)
[error]     at /Users/zackjackson/Documents/Codex/2026-10-02/task-4/stack5137/apps/next-app-router/next-app-router-4000/tailwind.config.ts:89:13
[error]     at evalModule (/Users/zackjackson/Documents/Codex/2026-10-02/task-4/stack5137/node_modules/.pnpm/jiti@1.21.7/node_modules/jiti/dist/jiti.js:1:251913)
[error]     at jiti (/Users/zackjackson/Documents/Codex/2026-10-02/task-4/stack5137/node_modules/.pnpm/jiti@1.21.7/node_modules/jiti/dist/jiti.js:1:249841)
[error]     at /Users/zackjackson/Documents/Codex/2026-10-02/task-4/stack5137/node_modules/.pnpm/tailwindcss@3.4.13_ts-node@10.9.1_@swc+core@1.7.26_@swc+helpers@0.5.13__@types+node@20.19.5_typescript@6.0.3_/node_modules/tailwindcss/lib/lib/load-config.js:51:30
[error] apps/next-app-router/next-app-router-4000/app/not-found/[categorySlug]/[subCategorySlug]/not-found.tsx: Error: Cannot find module '@tailwindcss/typography'
[error] Require stack:
[error] - /Users/zackjackson/Documents/Codex/2026-10-02/task-4/stack5137/apps/next-app-router/next-app-router-4000/tailwind.config.ts
[error]     at Module._resolveFilename (node:internal/modules/cjs/loader:1476:15)
[error]     at wrapResolveFilename (node:internal/modules/cjs/loader:1049:27)
[error]     at resolveForCJSWithHooks (node:internal/modules/cjs/loader:1094:12)
[error]     at require.resolve (node:internal/modules/helpers:171:31)
[error]     at _resolve (/Users/zackjackson/Documents/Codex/2026-10-02/task-4/stack5137/node_modules/.pnpm/jiti@1.21.7/node_modules/jiti/dist/jiti.js:1:246378)
[error]     at jiti (/Users/zackjackson/Documents/Codex/2026-10-02/task-4/stack5137/node_modules/.pnpm/jiti@1.21.7/node_modules/jiti/dist/jiti.js:1:249092)
[error]     at /Users/zackjackson/Documents/Codex/2026-10-02/task-4/stack5137/apps/next-app-router/next-app-router-4000/tailwind.config.ts:89:13
[error]     at evalModule (/Users/zackjackson/Documents/Codex/2026-10-02/task-4/stack5137/node_modules/.pnpm/jiti@1.21.7/node_modules/jiti/dist/jiti.js:1:251913)
[error]     at jiti (/Users/zackjackson/Documents/Codex/2026-10-02/task-4/stack5137/node_modules/.pnpm/jiti@1.21.7/node_modules/jiti/dist/jiti.js:1:249841)
[error]     at /Users/zackjackson/Documents/Codex/2026-10-02/task-4/stack5137/node_modules/.pnpm/tailwindcss@3.4.13_ts-node@10.9.1_@swc+core@1.7.26_@swc+helpers@0.5.13__@types+node@20.19.5_typescript@6.0.3_/node_modules/tailwindcss/lib/lib/load-config.js:51:30
[error] apps/next-app-router/next-app-router-4000/app/not-found/[categorySlug]/[subCategorySlug]/page.tsx: Error: Cannot find module '@tailwindcss/typography'
[error] Require stack:
[error] - /Users/zackjackson/Documents/Codex/2026-10-02/task-4/stack5137/apps/next-app-router/next-app-router-4000/tailwind.config.ts
[error]     at Module._resolveFilename (node:internal/modules/cjs/loader:1476:15)
[error]     at wrapResolveFilename (node:internal/modules/cjs/loader:1049:27)
[error]     at resolveForCJSWithHooks (node:internal/modules/cjs/loader:1094:12)
[error]     at require.resolve (node:internal/modules/helpers:171:31)
[error]     at _resolve (/Users/zackjackson/Documents/Codex/2026-10-02/task-4/stack5137/node_modules/.pnpm/jiti@1.21.7/node_modules/jiti/dist/jiti.js:1:246378)
[error]     at jiti (/Users/zackjackson/Documents/Codex/2026-10-02/task-4/stack5137/node_modules/.pnpm/jiti@1.21.7/node_modules/jiti/dist/jiti.js:1:249092)
[error]     at /Users/zackjackson/Documents/Codex/2026-10-02/task-4/stack5137/apps/next-app-router/next-app-router-4000/tailwind.config.ts:89:13
[error]     at evalModule (/Users/zackjackson/Documents/Codex/2026-10-02/task-4/stack5137/node_modules/.pnpm/jiti@1.21.7/node_modules/jiti/dist/jiti.js:1:251913)
[error]     at jiti (/Users/zackjackson/Documents/Codex/2026-10-02/task-4/stack5137/node_modules/.pnpm/jiti@1.21.7/node_modules/jiti/dist/jiti.js:1:249841)
[error]     at /Users/zackjackson/Documents/Codex/2026-10-02/task-4/stack5137/node_modules/.pnpm/tailwindcss@3.4.13_ts-node@10.9.1_@swc+core@1.7.26_@swc+helpers@0.5.13__@types+node@20.19.5_typescript@6.0.3_/node_modules/tailwindcss/lib/lib/load-config.js:51:30
[error] apps/next-app-router/next-app-router-4000/app/not-found/[categorySlug]/layout.tsx: Error: Cannot find module '@tailwindcss/typography'
[error] Require stack:
[error] - /Users/zackjackson/Documents/Codex/2026-10-02/task-4/stack5137/apps/next-app-router/next-app-router-4000/tailwind.config.ts
[error]     at Module._resolveFilename (node:internal/modules/cjs/loader:1476:15)
[error]     at wrapResolveFilename (node:internal/modules/cjs/loader:1049:27)
[error]     at resolveForCJSWithHooks (node:internal/modules/cjs/loader:1094:12)
[error]     at require.resolve (node:internal/modules/helpers:171:31)
[error]     at _resolve (/Users/zackjackson/Documents/Codex/2026-10-02/task-4/stack5137/node_modules/.pnpm/jiti@1.21.7/node_modules/jiti/dist/jiti.js:1:246378)
[error]     at jiti (/Users/zackjackson/Documents/Codex/2026-10-02/task-4/stack5137/node_modules/.pnpm/jiti@1.21.7/node_modules/jiti/dist/jiti.js:1:249092)
[error]     at /Users/zackjackson/Documents/Codex/2026-10-02/task-4/stack5137/apps/next-app-router/next-app-router-4000/tailwind.config.ts:89:13
[error]     at evalModule (/Users/zackjackson/Documents/Codex/2026-10-02/task-4/stack5137/node_modules/.pnpm/jiti@1.21.7/node_modules/jiti/dist/jiti.js:1:251913)
[error]     at jiti (/Users/zackjackson/Documents/Codex/2026-10-02/task-4/stack5137/node_modules/.pnpm/jiti@1.21.7/node_modules/jiti/dist/jiti.js:1:249841)
[error]     at /Users/zackjackson/Documents/Codex/2026-10-02/task-4/stack5137/node_modules/.pnpm/tailwindcss@3.4.13_ts-node@10.9.1_@swc+core@1.7.26_@swc+helpers@0.5.13__@types+node@20.19.5_typescript@6.0.3_/node_modules/tailwindcss/lib/lib/load-config.js:51:30
[error] apps/next-app-router/next-app-router-4000/app/not-found/[categorySlug]/not-found.tsx: Error: Cannot find module '@tailwindcss/typography'
[error] Require stack:
[error] - /Users/zackjackson/Documents/Codex/2026-10-02/task-4/stack5137/apps/next-app-router/next-app-router-4000/tailwind.config.ts
[error]     at Module._resolveFilename (node:internal/modules/cjs/loader:1476:15)
[error]     at wrapResolveFilename (node:internal/modules/cjs/loader:1049:27)
[error]     at resolveForCJSWithHooks (node:internal/modules/cjs/loader:1094:12)
[error]     at require.resolve (node:internal/modules/helpers:171:31)
[error]     at _resolve (/Users/zackjackson/Documents/Codex/2026-10-02/task-4/stack5137/node_modules/.pnpm/jiti@1.21.7/node_modules/jiti/dist/jiti.js:1:246378)
[error]     at jiti (/Users/zackjackson/Documents/Codex/2026-10-02/task-4/stack5137/node_modules/.pnpm/jiti@1.21.7/node_modules/jiti/dist/jiti.js:1:249092)
[error]     at /Users/zackjackson/Documents/Codex/2026-10-02/task-4/stack5137/apps/next-app-router/next-app-router-4000/tailwind.config.ts:89:13
[error]     at evalModule (/Users/zackjackson/Documents/Codex/2026-10-02/task-4/stack5137/node_modules/.pnpm/jiti@1.21.7/node_modules/jiti/dist/jiti.js:1:251913)
[error]     at jiti (/Users/zackjackson/Documents/Codex/2026-10-02/task-4/stack5137/node_modules/.pnpm/jiti@1.21.7/node_modules/jiti/dist/jiti.js:1:249841)
[error]     at /Users/zackjackson/Documents/Codex/2026-10-02/task-4/stack5137/node_modules/.pnpm/tailwindcss@3.4.13_ts-node@10.9.1_@swc+core@1.7.26_@swc+helpers@0.5.13__@types+node@20.19.5_typescript@6.0.3_/node_modules/tailwindcss/lib/lib/load-config.js:51:30
[error] apps/next-app-router/next-app-router-4000/app/not-found/[categorySlug]/page.tsx: Error: Cannot find module '@tailwindcss/typography'
[error] Require stack:
[error] - /Users/zackjackson/Documents/Codex/2026-10-02/task-4/stack5137/apps/next-app-router/next-app-router-4000/tailwind.config.ts
[error]     at Module._resolveFilename (node:internal/modules/cjs/loader:1476:15)
[error]     at wrapResolveFilename (node:internal/modules/cjs/loader:1049:27)
[error]     at resolveForCJSWithHooks (node:internal/modules/cjs/loader:1094:12)
[error]     at require.resolve (node:internal/modules/helpers:171:31)
[error]     at _resolve (/Users/zackjackson/Documents/Codex/2026-10-02/task-4/stack5137/node_modules/.pnpm/jiti@1.21.7/node_modules/jiti/dist/jiti.js:1:246378)
[error]     at jiti (/Users/zackjackson/Documents/Codex/2026-10-02/task-4/stack5137/node_modules/.pnpm/jiti@1.21.7/node_modules/jiti/dist/jiti.js:1:249092)
[error]     at /Users/zackjackson/Documents/Codex/2026-10-02/task-4/stack5137/apps/next-app-router/next-app-router-4000/tailwind.config.ts:89:13
[error]     at evalModule (/Users/zackjackson/Documents/Codex/2026-10-02/task-4/stack5137/node_modules/.pnpm/jiti@1.21.7/node_modules/jiti/dist/jiti.js:1:251913)
[error]     at jiti (/Users/zackjackson/Documents/Codex/2026-10-02/task-4/stack5137/node_modules/.pnpm/jiti@1.21.7/node_modules/jiti/dist/jiti.js:1:249841)
[error]     at /Users/zackjackson/Documents/Codex/2026-10-02/task-4/stack5137/node_modules/.pnpm/tailwindcss@3.4.13_ts-node@10.9.1_@swc+core@1.7.26_@swc+helpers@0.5.13__@types+node@20.19.5_typescript@6.0.3_/node_modules/tailwindcss/lib/lib/load-config.js:51:30
[error] apps/next-app-router/next-app-router-4000/app/not-found/[categorySlug]/template.tsx: Error: Cannot find module '@tailwindcss/typography'
[error] Require stack:
[error] - /Users/zackjackson/Documents/Codex/2026-10-02/task-4/stack5137/apps/next-app-router/next-app-router-4000/tailwind.config.ts
[error]     at Module._resolveFilename (node:internal/modules/cjs/loader:1476:15)
[error]     at wrapResolveFilename (node:internal/modules/cjs/loader:1049:27)
[error]     at resolveForCJSWithHooks (node:internal/modules/cjs/loader:1094:12)
[error]     at require.resolve (node:internal/modules/helpers:171:31)
[error]     at _resolve (/Users/zackjackson/Documents/Codex/2026-10-02/task-4/stack5137/node_modules/.pnpm/jiti@1.21.7/node_modules/jiti/dist/jiti.js:1:246378)
[error]     at jiti (/Users/zackjackson/Documents/Codex/2026-10-02/task-4/stack5137/node_modules/.pnpm/jiti@1.21.7/node_modules/jiti/dist/jiti.js:1:249092)
[error]     at /Users/zackjackson/Documents/Codex/2026-10-02/task-4/stack5137/apps/next-app-router/next-app-router-4000/tailwind.config.ts:89:13
[error]     at evalModule (/Users/zackjackson/Documents/Codex/2026-10-02/task-4/stack5137/node_modules/.pnpm/jiti@1.21.7/node_modules/jiti/dist/jiti.js:1:251913)
[error]     at jiti (/Users/zackjackson/Documents/Codex/2026-10-02/task-4/stack5137/node_modules/.pnpm/jiti@1.21.7/node_modules/jiti/dist/jiti.js:1:249841)
[error]     at /Users/zackjackson/Documents/Codex/2026-10-02/task-4/stack5137/node_modules/.pnpm/tailwindcss@3.4.13_ts-node@10.9.1_@swc+core@1.7.26_@swc+helpers@0.5.13__@types+node@20.19.5_typescript@6.0.3_/node_modules/tailwindcss/lib/lib/load-config.js:51:30
[error] apps/next-app-router/next-app-router-4000/app/not-found/layout.tsx: Error: Cannot find module '@tailwindcss/typography'
[error] Require stack:
[error] - /Users/zackjackson/Documents/Codex/2026-10-02/task-4/stack5137/apps/next-app-router/next-app-router-4000/tailwind.config.ts
[error]     at Module._resolveFilename (node:internal/modules/cjs/loader:1476:15)
[error]     at wrapResolveFilename (node:internal/modules/cjs/loader:1049:27)
[error]     at resolveForCJSWithHooks (node:internal/modules/cjs/loader:1094:12)
[error]     at require.resolve (node:internal/modules/helpers:171:31)
[error]     at _resolve (/Users/zackjackson/Documents/Codex/2026-10-02/task-4/stack5137/node_modules/.pnpm/jiti@1.21.7/node_modules/jiti/dist/jiti.js:1:246378)
[error]     at jiti (/Users/zackjackson/Documents/Codex/2026-10-02/task-4/stack5137/node_modules/.pnpm/jiti@1.21.7/node_modules/jiti/dist/jiti.js:1:249092)
[error]     at /Users/zackjackson/Documents/Codex/2026-10-02/task-4/stack5137/apps/next-app-router/next-app-router-4000/tailwind.config.ts:89:13
[error]     at evalModule (/Users/zackjackson/Documents/Codex/2026-10-02/task-4/stack5137/node_modules/.pnpm/jiti@1.21.7/node_modules/jiti/dist/jiti.js:1:251913)
[error]     at jiti (/Users/zackjackson/Documents/Codex/2026-10-02/task-4/stack5137/node_modules/.pnpm/jiti@1.21.7/node_modules/jiti/dist/jiti.js:1:249841)
[error]     at /Users/zackjackson/Documents/Codex/2026-10-02/task-4/stack5137/node_modules/.pnpm/tailwindcss@3.4.13_ts-node@10.9.1_@swc+core@1.7.26_@swc+helpers@0.5.13__@types+node@20.19.5_typescript@6.0.3_/node_modules/tailwindcss/lib/lib/load-config.js:51:30
[error] apps/next-app-router/next-app-router-4000/app/not-found/not-found.tsx: Error: Cannot find module '@tailwindcss/typography'
[error] Require stack:
[error] - /Users/zackjackson/Documents/Codex/2026-10-02/task-4/stack5137/apps/next-app-router/next-app-router-4000/tailwind.config.ts
[error]     at Module._resolveFilename (node:internal/modules/cjs/loader:1476:15)
[error]     at wrapResolveFilename (node:internal/modules/cjs/loader:1049:27)
[error]     at resolveForCJSWithHooks (node:internal/modules/cjs/loader:1094:12)
[error]     at require.resolve (node:internal/modules/helpers:171:31)
[error]     at _resolve (/Users/zackjackson/Documents/Codex/2026-10-02/task-4/stack5137/node_modules/.pnpm/jiti@1.21.7/node_modules/jiti/dist/jiti.js:1:246378)
[error]     at jiti (/Users/zackjackson/Documents/Codex/2026-10-02/task-4/stack5137/node_modules/.pnpm/jiti@1.21.7/node_modules/jiti/dist/jiti.js:1:249092)
[error]     at /Users/zackjackson/Documents/Codex/2026-10-02/task-4/stack5137/apps/next-app-router/next-app-router-4000/tailwind.config.ts:89:13
[error]     at evalModule (/Users/zackjackson/Documents/Codex/2026-10-02/task-4/stack5137/node_modules/.pnpm/jiti@1.21.7/node_modules/jiti/dist/jiti.js:1:251913)
[error]     at jiti (/Users/zackjackson/Documents/Codex/2026-10-02/task-4/stack5137/node_modules/.pnpm/jiti@1.21.7/node_modules/jiti/dist/jiti.js:1:249841)
[error]     at /Users/zackjackson/Documents/Codex/2026-10-02/task-4/stack5137/node_modules/.pnpm/tailwindcss@3.4.13_ts-node@10.9.1_@swc+core@1.7.26_@swc+helpers@0.5.13__@types+node@20.19.5_typescript@6.0.3_/node_modules/tailwindcss/lib/lib/load-config.js:51:30
[error] apps/next-app-router/next-app-router-4000/app/not-found/page.tsx: Error: Cannot find module '@tailwindcss/typography'
[error] Require stack:
[error] - /Users/zackjackson/Documents/Codex/2026-10-02/task-4/stack5137/apps/next-app-router/next-app-router-4000/tailwind.config.ts
[error]     at Module._resolveFilename (node:internal/modules/cjs/loader:1476:15)
[error]     at wrapResolveFilename (node:internal/modules/cjs/loader:1049:27)
[error]     at resolveForCJSWithHooks (node:internal/modules/cjs/loader:1094:12)
[error]     at require.resolve (node:internal/modules/helpers:171:31)
[error]     at _resolve (/Users/zackjackson/Documents/Codex/2026-10-02/task-4/stack5137/node_modules/.pnpm/jiti@1.21.7/node_modules/jiti/dist/jiti.js:1:246378)
[error]     at jiti (/Users/zackjackson/Documents/Codex/2026-10-02/task-4/stack5137/node_modules/.pnpm/jiti@1.21.7/node_modules/jiti/dist/jiti.js:1:249092)
[error]     at /Users/zackjackson/Documents/Codex/2026-10-02/task-4/stack5137/apps/next-app-router/next-app-router-4000/tailwind.config.ts:89:13
[error]     at evalModule (/Users/zackjackson/Documents/Codex/2026-10-02/task-4/stack5137/node_modules/.pnpm/jiti@1.21.7/node_modules/jiti/dist/jiti.js:1:251913)
[error]     at jiti (/Users/zackjackson/Documents/Codex/2026-10-02/task-4/stack5137/node_modules/.pnpm/jiti@1.21.7/node_modules/jiti/dist/jiti.js:1:249841)
[error]     at /Users/zackjackson/Documents/Codex/2026-10-02/task-4/stack5137/node_modules/.pnpm/tailwindcss@3.4.13_ts-node@10.9.1_@swc+core@1.7.26_@swc+helpers@0.5.13__@types+node@20.19.5_typescript@6.0.3_/node_modules/tailwindcss/lib/lib/load-config.js:51:30
[error] apps/next-app-router/next-app-router-4000/app/not-found/template.tsx: Error: Cannot find module '@tailwindcss/typography'
[error] Require stack:
[error] - /Users/zackjackson/Documents/Codex/2026-10-02/task-4/stack5137/apps/next-app-router/next-app-router-4000/tailwind.config.ts
[error]     at Module._resolveFilename (node:internal/modules/cjs/loader:1476:15)
[error]     at wrapResolveFilename (node:internal/modules/cjs/loader:1049:27)
[error]     at resolveForCJSWithHooks (node:internal/modules/cjs/loader:1094:12)
[error]     at require.resolve (node:internal/modules/helpers:171:31)
[error]     at _resolve (/Users/zackjackson/Documents/Codex/2026-10-02/task-4/stack5137/node_modules/.pnpm/jiti@1.21.7/node_modules/jiti/dist/jiti.js:1:246378)
[error]     at jiti (/Users/zackjackson/Documents/Codex/2026-10-02/task-4/stack5137/node_modules/.pnpm/jiti@1.21.7/node_modules/jiti/dist/jiti.js:1:249092)
[error]     at /Users/zackjackson/Documents/Codex/2026-10-02/task-4/stack5137/apps/next-app-router/next-app-router-4000/tailwind.config.ts:89:13
[error]     at evalModule (/Users/zackjackson/Documents/Codex/2026-10-02/task-4/stack5137/node_modules/.pnpm/jiti@1.21.7/node_modules/jiti/dist/jiti.js:1:251913)
[error]     at jiti (/Users/zackjackson/Documents/Codex/2026-10-02/task-4/stack5137/node_modules/.pnpm/jiti@1.21.7/node_modules/jiti/dist/jiti.js:1:249841)
[error]     at /Users/zackjackson/Documents/Codex/2026-10-02/task-4/stack5137/node_modules/.pnpm/tailwindcss@3.4.13_ts-node@10.9.1_@swc+core@1.7.26_@swc+helpers@0.5.13__@types+node@20.19.5_typescript@6.0.3_/node_modules/tailwindcss/lib/lib/load-config.js:51:30
[error] apps/next-app-router/next-app-router-4000/app/page.tsx: Error: Cannot find module '@tailwindcss/typography'
[error] Require stack:
[error] - /Users/zackjackson/Documents/Codex/2026-10-02/task-4/stack5137/apps/next-app-router/next-app-router-4000/tailwind.config.ts
[error]     at Module._resolveFilename (node:internal/modules/cjs/loader:1476:15)
[error]     at wrapResolveFilename (node:internal/modules/cjs/loader:1049:27)
[error]     at resolveForCJSWithHooks (node:internal/modules/cjs/loader:1094:12)
[error]     at require.resolve (node:internal/modules/helpers:171:31)
[error]     at _resolve (/Users/zackjackson/Documents/Codex/2026-10-02/task-4/stack5137/node_modules/.pnpm/jiti@1.21.7/node_modules/jiti/dist/jiti.js:1:246378)
[error]     at jiti (/Users/zackjackson/Documents/Codex/2026-10-02/task-4/stack5137/node_modules/.pnpm/jiti@1.21.7/node_modules/jiti/dist/jiti.js:1:249092)
[error]     at /Users/zackjackson/Documents/Codex/2026-10-02/task-4/stack5137/apps/next-app-router/next-app-router-4000/tailwind.config.ts:89:13
[error]     at evalModule (/Users/zackjackson/Documents/Codex/2026-10-02/task-4/stack5137/node_modules/.pnpm/jiti@1.21.7/node_modules/jiti/dist/jiti.js:1:251913)
[error]     at jiti (/Users/zackjackson/Documents/Codex/2026-10-02/task-4/stack5137/node_modules/.pnpm/jiti@1.21.7/node_modules/jiti/dist/jiti.js:1:249841)
[error]     at /Users/zackjackson/Documents/Codex/2026-10-02/task-4/stack5137/node_modules/.pnpm/tailwindcss@3.4.13_ts-node@10.9.1_@swc+core@1.7.26_@swc+helpers@0.5.13__@types+node@20.19.5_typescript@6.0.3_/node_modules/tailwindcss/lib/lib/load-config.js:51:30
[error] apps/next-app-router/next-app-router-4000/app/parallel-routes/_ui/current-route.tsx: Error: Cannot find module '@tailwindcss/typography'
[error] Require stack:
[error] - /Users/zackjackson/Documents/Codex/2026-10-02/task-4/stack5137/apps/next-app-router/next-app-router-4000/tailwind.config.ts
[error]     at Module._resolveFilename (node:internal/modules/cjs/loader:1476:15)
[error]     at wrapResolveFilename (node:internal/modules/cjs/loader:1049:27)
[error]     at resolveForCJSWithHooks (node:internal/modules/cjs/loader:1094:12)
[error]     at require.resolve (node:internal/modules/helpers:171:31)
[error]     at _resolve (/Users/zackjackson/Documents/Codex/2026-10-02/task-4/stack5137/node_modules/.pnpm/jiti@1.21.7/node_modules/jiti/dist/jiti.js:1:246378)
[error]     at jiti (/Users/zackjackson/Documents/Codex/2026-10-02/task-4/stack5137/node_modules/.pnpm/jiti@1.21.7/node_modules/jiti/dist/jiti.js:1:249092)
[error]     at /Users/zackjackson/Documents/Codex/2026-10-02/task-4/stack5137/apps/next-app-router/next-app-router-4000/tailwind.config.ts:89:13
[error]     at evalModule (/Users/zackjackson/Documents/Codex/2026-10-02/task-4/stack5137/node_modules/.pnpm/jiti@1.21.7/node_modules/jiti/dist/jiti.js:1:251913)
[error]     at jiti (/Users/zackjackson/Documents/Codex/2026-10-02/task-4/stack5137/node_modules/.pnpm/jiti@1.21.7/node_modules/jiti/dist/jiti.js:1:249841)
[error]     at /Users/zackjackson/Documents/Codex/2026-10-02/task-4/stack5137/node_modules/.pnpm/tailwindcss@3.4.13_ts-node@10.9.1_@swc+core@1.7.26_@swc+helpers@0.5.13__@types+node@20.19.5_typescript@6.0.3_/node_modules/tailwindcss/lib/lib/load-config.js:51:30
[error] apps/next-app-router/next-app-router-4000/app/parallel-routes/@audience/default.tsx: Error: Cannot find module '@tailwindcss/typography'
[error] Require stack:
[error] - /Users/zackjackson/Documents/Codex/2026-10-02/task-4/stack5137/apps/next-app-router/next-app-router-4000/tailwind.config.ts
[error]     at Module._resolveFilename (node:internal/modules/cjs/loader:1476:15)
[error]     at wrapResolveFilename (node:internal/modules/cjs/loader:1049:27)
[error]     at resolveForCJSWithHooks (node:internal/modules/cjs/loader:1094:12)
[error]     at require.resolve (node:internal/modules/helpers:171:31)
[error]     at _resolve (/Users/zackjackson/Documents/Codex/2026-10-02/task-4/stack5137/node_modules/.pnpm/jiti@1.21.7/node_modules/jiti/dist/jiti.js:1:246378)
[error]     at jiti (/Users/zackjackson/Documents/Codex/2026-10-02/task-4/stack5137/node_modules/.pnpm/jiti@1.21.7/node_modules/jiti/dist/jiti.js:1:249092)
[error]     at /Users/zackjackson/Documents/Codex/2026-10-02/task-4/stack5137/apps/next-app-router/next-app-router-4000/tailwind.config.ts:89:13
[error]     at evalModule (/Users/zackjackson/Documents/Codex/2026-10-02/task-4/stack5137/node_modules/.pnpm/jiti@1.21.7/node_modules/jiti/dist/jiti.js:1:251913)
[error]     at jiti (/Users/zackjackson/Documents/Codex/2026-10-02/task-4/stack5137/node_modules/.pnpm/jiti@1.21.7/node_modules/jiti/dist/jiti.js:1:249841)
[error]     at /Users/zackjackson/Documents/Codex/2026-10-02/task-4/stack5137/node_modules/.pnpm/tailwindcss@3.4.13_ts-node@10.9.1_@swc+core@1.7.26_@swc+helpers@0.5.13__@types+node@20.19.5_typescript@6.0.3_/node_modules/tailwindcss/lib/lib/load-config.js:51:30
[error] apps/next-app-router/next-app-router-4000/app/parallel-routes/@audience/demographics/page.tsx: Error: Cannot find module '@tailwindcss/typography'
[error] Require stack:
[error] - /Users/zackjackson/Documents/Codex/2026-10-02/task-4/stack5137/apps/next-app-router/next-app-router-4000/tailwind.config.ts
[error]     at Module._resolveFilename (node:internal/modules/cjs/loader:1476:15)
[error]     at wrapResolveFilename (node:internal/modules/cjs/loader:1049:27)
[error]     at resolveForCJSWithHooks (node:internal/modules/cjs/loader:1094:12)
[error]     at require.resolve (node:internal/modules/helpers:171:31)
[error]     at _resolve (/Users/zackjackson/Documents/Codex/2026-10-02/task-4/stack5137/node_modules/.pnpm/jiti@1.21.7/node_modules/jiti/dist/jiti.js:1:246378)
[error]     at jiti (/Users/zackjackson/Documents/Codex/2026-10-02/task-4/stack5137/node_modules/.pnpm/jiti@1.21.7/node_modules/jiti/dist/jiti.js:1:249092)
[error]     at /Users/zackjackson/Documents/Codex/2026-10-02/task-4/stack5137/apps/next-app-router/next-app-router-4000/tailwind.config.ts:89:13
[error]     at evalModule (/Users/zackjackson/Documents/Codex/2026-10-02/task-4/stack5137/node_modules/.pnpm/jiti@1.21.7/node_modules/jiti/dist/jiti.js:1:251913)
[error]     at jiti (/Users/zackjackson/Documents/Codex/2026-10-02/task-4/stack5137/node_modules/.pnpm/jiti@1.21.7/node_modules/jiti/dist/jiti.js:1:249841)
[error]     at /Users/zackjackson/Documents/Codex/2026-10-02/task-4/stack5137/node_modules/.pnpm/tailwindcss@3.4.13_ts-node@10.9.1_@swc+core@1.7.26_@swc+helpers@0.5.13__@types+node@20.19.5_typescript@6.0.3_/node_modules/tailwindcss/lib/lib/load-config.js:51:30
[error] apps/next-app-router/next-app-router-4000/app/parallel-routes/@audience/layout.tsx: Error: Cannot find module '@tailwindcss/typography'
[error] Require stack:
[error] - /Users/zackjackson/Documents/Codex/2026-10-02/task-4/stack5137/apps/next-app-router/next-app-router-4000/tailwind.config.ts
[error]     at Module._resolveFilename (node:internal/modules/cjs/loader:1476:15)
[error]     at wrapResolveFilename (node:internal/modules/cjs/loader:1049:27)
[error]     at resolveForCJSWithHooks (node:internal/modules/cjs/loader:1094:12)
[error]     at require.resolve (node:internal/modules/helpers:171:31)
[error]     at _resolve (/Users/zackjackson/Documents/Codex/2026-10-02/task-4/stack5137/node_modules/.pnpm/jiti@1.21.7/node_modules/jiti/dist/jiti.js:1:246378)
[error]     at jiti (/Users/zackjackson/Documents/Codex/2026-10-02/task-4/stack5137/node_modules/.pnpm/jiti@1.21.7/node_modules/jiti/dist/jiti.js:1:249092)
[error]     at /Users/zackjackson/Documents/Codex/2026-10-02/task-4/stack5137/apps/next-app-router/next-app-router-4000/tailwind.config.ts:89:13
[error]     at evalModule (/Users/zackjackson/Documents/Codex/2026-10-02/task-4/stack5137/node_modules/.pnpm/jiti@1.21.7/node_modules/jiti/dist/jiti.js:1:251913)
[error]     at jiti (/Users/zackjackson/Documents/Codex/2026-10-02/task-4/stack5137/node_modules/.pnpm/jiti@1.21.7/node_modules/jiti/dist/jiti.js:1:249841)
[error]     at /Users/zackjackson/Documents/Codex/2026-10-02/task-4/stack5137/node_modules/.pnpm/tailwindcss@3.4.13_ts-node@10.9.1_@swc+core@1.7.26_@swc+helpers@0.5.13__@types+node@20.19.5_typescript@6.0.3_/node_modules/tailwindcss/lib/lib/load-config.js:51:30
[error] apps/next-app-router/next-app-router-4000/app/parallel-routes/@audience/page.tsx: Error: Cannot find module '@tailwindcss/typography'
[error] Require stack:
[error] - /Users/zackjackson/Documents/Codex/2026-10-02/task-4/stack5137/apps/next-app-router/next-app-router-4000/tailwind.config.ts
[error]     at Module._resolveFilename (node:internal/modules/cjs/loader:1476:15)
[error]     at wrapResolveFilename (node:internal/modules/cjs/loader:1049:27)
[error]     at resolveForCJSWithHooks (node:internal/modules/cjs/loader:1094:12)
[error]     at require.resolve (node:internal/modules/helpers:171:31)
[error]     at _resolve (/Users/zackjackson/Documents/Codex/2026-10-02/task-4/stack5137/node_modules/.pnpm/jiti@1.21.7/node_modules/jiti/dist/jiti.js:1:246378)
[error]     at jiti (/Users/zackjackson/Documents/Codex/2026-10-02/task-4/stack5137/node_modules/.pnpm/jiti@1.21.7/node_modules/jiti/dist/jiti.js:1:249092)
[error]     at /Users/zackjackson/Documents/Codex/2026-10-02/task-4/stack5137/apps/next-app-router/next-app-router-4000/tailwind.config.ts:89:13
[error]     at evalModule (/Users/zackjackson/Documents/Codex/2026-10-02/task-4/stack5137/node_modules/.pnpm/jiti@1.21.7/node_modules/jiti/dist/jiti.js:1:251913)
[error]     at jiti (/Users/zackjackson/Documents/Codex/2026-10-02/task-4/stack5137/node_modules/.pnpm/jiti@1.21.7/node_modules/jiti/dist/jiti.js:1:249841)
[error]     at /Users/zackjackson/Documents/Codex/2026-10-02/task-4/stack5137/node_modules/.pnpm/tailwindcss@3.4.13_ts-node@10.9.1_@swc+core@1.7.26_@swc+helpers@0.5.13__@types+node@20.19.5_typescript@6.0.3_/node_modules/tailwindcss/lib/lib/load-config.js:51:30
[error] apps/next-app-router/next-app-router-4000/app/parallel-routes/@audience/subscribers/page.tsx: Error: Cannot find module '@tailwindcss/typography'
[error] Require stack:
[error] - /Users/zackjackson/Documents/Codex/2026-10-02/task-4/stack5137/apps/next-app-router/next-app-router-4000/tailwind.config.ts
[error]     at Module._resolveFilename (node:internal/modules/cjs/loader:1476:15)
[error]     at wrapResolveFilename (node:internal/modules/cjs/loader:1049:27)
[error]     at resolveForCJSWithHooks (node:internal/modules/cjs/loader:1094:12)
[error]     at require.resolve (node:internal/modules/helpers:171:31)
[error]     at _resolve (/Users/zackjackson/Documents/Codex/2026-10-02/task-4/stack5137/node_modules/.pnpm/jiti@1.21.7/node_modules/jiti/dist/jiti.js:1:246378)
[error]     at jiti (/Users/zackjackson/Documents/Codex/2026-10-02/task-4/stack5137/node_modules/.pnpm/jiti@1.21.7/node_modules/jiti/dist/jiti.js:1:249092)
[error]     at /Users/zackjackson/Documents/Codex/2026-10-02/task-4/stack5137/apps/next-app-router/next-app-router-4000/tailwind.config.ts:89:13
[error]     at evalModule (/Users/zackjackson/Documents/Codex/2026-10-02/task-4/stack5137/node_modules/.pnpm/jiti@1.21.7/node_modules/jiti/dist/jiti.js:1:251913)
[error]     at jiti (/Users/zackjackson/Documents/Codex/2026-10-02/task-4/stack5137/node_modules/.pnpm/jiti@1.21.7/node_modules/jiti/dist/jiti.js:1:249841)
[error]     at /Users/zackjackson/Documents/Codex/2026-10-02/task-4/stack5137/node_modules/.pnpm/tailwindcss@3.4.13_ts-node@10.9.1_@swc+core@1.7.26_@swc+helpers@0.5.13__@types+node@20.19.5_typescript@6.0.3_/node_modules/tailwindcss/lib/lib/load-config.js:51:30
[error] apps/next-app-router/next-app-router-4000/app/parallel-routes/@views/default.tsx: Error: Cannot find module '@tailwindcss/typography'
[error] Require stack:
[error] - /Users/zackjackson/Documents/Codex/2026-10-02/task-4/stack5137/apps/next-app-router/next-app-router-4000/tailwind.config.ts
[error]     at Module._resolveFilename (node:internal/modules/cjs/loader:1476:15)
[error]     at wrapResolveFilename (node:internal/modules/cjs/loader:1049:27)
[error]     at resolveForCJSWithHooks (node:internal/modules/cjs/loader:1094:12)
[error]     at require.resolve (node:internal/modules/helpers:171:31)
[error]     at _resolve (/Users/zackjackson/Documents/Codex/2026-10-02/task-4/stack5137/node_modules/.pnpm/jiti@1.21.7/node_modules/jiti/dist/jiti.js:1:246378)
[error]     at jiti (/Users/zackjackson/Documents/Codex/2026-10-02/task-4/stack5137/node_modules/.pnpm/jiti@1.21.7/node_modules/jiti/dist/jiti.js:1:249092)
[error]     at /Users/zackjackson/Documents/Codex/2026-10-02/task-4/stack5137/apps/next-app-router/next-app-router-4000/tailwind.config.ts:89:13
[error]     at evalModule (/Users/zackjackson/Documents/Codex/2026-10-02/task-4/stack5137/node_modules/.pnpm/jiti@1.21.7/node_modules/jiti/dist/jiti.js:1:251913)
[error]     at jiti (/Users/zackjackson/Documents/Codex/2026-10-02/task-4/stack5137/node_modules/.pnpm/jiti@1.21.7/node_modules/jiti/dist/jiti.js:1:249841)
[error]     at /Users/zackjackson/Documents/Codex/2026-10-02/task-4/stack5137/node_modules/.pnpm/tailwindcss@3.4.13_ts-node@10.9.1_@swc+core@1.7.26_@swc+helpers@0.5.13__@types+node@20.19.5_typescript@6.0.3_/node_modules/tailwindcss/lib/lib/load-config.js:51:30
[error] apps/next-app-router/next-app-router-4000/app/parallel-routes/@views/impressions/page.tsx: Error: Cannot find module '@tailwindcss/typography'
[error] Require stack:
[error] - /Users/zackjackson/Documents/Codex/2026-10-02/task-4/stack5137/apps/next-app-router/next-app-router-4000/tailwind.config.ts
[error]     at Module._resolveFilename (node:internal/modules/cjs/loader:1476:15)
[error]     at wrapResolveFilename (node:internal/modules/cjs/loader:1049:27)
[error]     at resolveForCJSWithHooks (node:internal/modules/cjs/loader:1094:12)
[error]     at require.resolve (node:internal/modules/helpers:171:31)
[error]     at _resolve (/Users/zackjackson/Documents/Codex/2026-10-02/task-4/stack5137/node_modules/.pnpm/jiti@1.21.7/node_modules/jiti/dist/jiti.js:1:246378)
[error]     at jiti (/Users/zackjackson/Documents/Codex/2026-10-02/task-4/stack5137/node_modules/.pnpm/jiti@1.21.7/node_modules/jiti/dist/jiti.js:1:249092)
[error]     at /Users/zackjackson/Documents/Codex/2026-10-02/task-4/stack5137/apps/next-app-router/next-app-router-4000/tailwind.config.ts:89:13
[error]     at evalModule (/Users/zackjackson/Documents/Codex/2026-10-02/task-4/stack5137/node_modules/.pnpm/jiti@1.21.7/node_modules/jiti/dist/jiti.js:1:251913)
[error]     at jiti (/Users/zackjackson/Documents/Codex/2026-10-02/task-4/stack5137/node_modules/.pnpm/jiti@1.21.7/node_modules/jiti/dist/jiti.js:1:249841)
[error]     at /Users/zackjackson/Documents/Codex/2026-10-02/task-4/stack5137/node_modules/.pnpm/tailwindcss@3.4.13_ts-node@10.9.1_@swc+core@1.7.26_@swc+helpers@0.5.13__@types+node@20.19.5_typescript@6.0.3_/node_modules/tailwindcss/lib/lib/load-config.js:51:30
[error] apps/next-app-router/next-app-router-4000/app/parallel-routes/@views/layout.tsx: Error: Cannot find module '@tailwindcss/typography'
[error] Require stack:
[error] - /Users/zackjackson/Documents/Codex/2026-10-02/task-4/stack5137/apps/next-app-router/next-app-router-4000/tailwind.config.ts
[error]     at Module._resolveFilename (node:internal/modules/cjs/loader:1476:15)
[error]     at wrapResolveFilename (node:internal/modules/cjs/loader:1049:27)
[error]     at resolveForCJSWithHooks (node:internal/modules/cjs/loader:1094:12)
[error]     at require.resolve (node:internal/modules/helpers:171:31)
[error]     at _resolve (/Users/zackjackson/Documents/Codex/2026-10-02/task-4/stack5137/node_modules/.pnpm/jiti@1.21.7/node_modules/jiti/dist/jiti.js:1:246378)
[error]     at jiti (/Users/zackjackson/Documents/Codex/2026-10-02/task-4/stack5137/node_modules/.pnpm/jiti@1.21.7/node_modules/jiti/dist/jiti.js:1:249092)
[error]     at /Users/zackjackson/Documents/Codex/2026-10-02/task-4/stack5137/apps/next-app-router/next-app-router-4000/tailwind.config.ts:89:13
[error]     at evalModule (/Users/zackjackson/Documents/Codex/2026-10-02/task-4/stack5137/node_modules/.pnpm/jiti@1.21.7/node_modules/jiti/dist/jiti.js:1:251913)
[error]     at jiti (/Users/zackjackson/Documents/Codex/2026-10-02/task-4/stack5137/node_modules/.pnpm/jiti@1.21.7/node_modules/jiti/dist/jiti.js:1:249841)
[error]     at /Users/zackjackson/Documents/Codex/2026-10-02/task-4/stack5137/node_modules/.pnpm/tailwindcss@3.4.13_ts-node@10.9.1_@swc+core@1.7.26_@swc+helpers@0.5.13__@types+node@20.19.5_typescript@6.0.3_/node_modules/tailwindcss/lib/lib/load-config.js:51:30
[error] apps/next-app-router/next-app-router-4000/app/parallel-routes/@views/page.tsx: Error: Cannot find module '@tailwindcss/typography'
[error] Require stack:
[error] - /Users/zackjackson/Documents/Codex/2026-10-02/task-4/stack5137/apps/next-app-router/next-app-router-4000/tailwind.config.ts
[error]     at Module._resolveFilename (node:internal/modules/cjs/loader:1476:15)
[error]     at wrapResolveFilename (node:internal/modules/cjs/loader:1049:27)
[error]     at resolveForCJSWithHooks (node:internal/modules/cjs/loader:1094:12)
[error]     at require.resolve (node:internal/modules/helpers:171:31)
[error]     at _resolve (/Users/zackjackson/Documents/Codex/2026-10-02/task-4/stack5137/node_modules/.pnpm/jiti@1.21.7/node_modules/jiti/dist/jiti.js:1:246378)
[error]     at jiti (/Users/zackjackson/Documents/Codex/2026-10-02/task-4/stack5137/node_modules/.pnpm/jiti@1.21.7/node_modules/jiti/dist/jiti.js:1:249092)
[error]     at /Users/zackjackson/Documents/Codex/2026-10-02/task-4/stack5137/apps/next-app-router/next-app-router-4000/tailwind.config.ts:89:13
[error]     at evalModule (/Users/zackjackson/Documents/Codex/2026-10-02/task-4/stack5137/node_modules/.pnpm/jiti@1.21.7/node_modules/jiti/dist/jiti.js:1:251913)
[error]     at jiti (/Users/zackjackson/Documents/Codex/2026-10-02/task-4/stack5137/node_modules/.pnpm/jiti@1.21.7/node_modules/jiti/dist/jiti.js:1:249841)
[error]     at /Users/zackjackson/Documents/Codex/2026-10-02/task-4/stack5137/node_modules/.pnpm/tailwindcss@3.4.13_ts-node@10.9.1_@swc+core@1.7.26_@swc+helpers@0.5.13__@types+node@20.19.5_typescript@6.0.3_/node_modules/tailwindcss/lib/lib/load-config.js:51:30
[error] apps/next-app-router/next-app-router-4000/app/parallel-routes/@views/view-duration/page.tsx: Error: Cannot find module '@tailwindcss/typography'
[error] Require stack:
[error] - /Users/zackjackson/Documents/Codex/2026-10-02/task-4/stack5137/apps/next-app-router/next-app-router-4000/tailwind.config.ts
[error]     at Module._resolveFilename (node:internal/modules/cjs/loader:1476:15)
[error]     at wrapResolveFilename (node:internal/modules/cjs/loader:1049:27)
[error]     at resolveForCJSWithHooks (node:internal/modules/cjs/loader:1094:12)
[error]     at require.resolve (node:internal/modules/helpers:171:31)
[error]     at _resolve (/Users/zackjackson/Documents/Codex/2026-10-02/task-4/stack5137/node_modules/.pnpm/jiti@1.21.7/node_modules/jiti/dist/jiti.js:1:246378)
[error]     at jiti (/Users/zackjackson/Documents/Codex/2026-10-02/task-4/stack5137/node_modules/.pnpm/jiti@1.21.7/node_modules/jiti/dist/jiti.js:1:249092)
[error]     at /Users/zackjackson/Documents/Codex/2026-10-02/task-4/stack5137/apps/next-app-router/next-app-router-4000/tailwind.config.ts:89:13
[error]     at evalModule (/Users/zackjackson/Documents/Codex/2026-10-02/task-4/stack5137/node_modules/.pnpm/jiti@1.21.7/node_modules/jiti/dist/jiti.js:1:251913)
[error]     at jiti (/Users/zackjackson/Documents/Codex/2026-10-02/task-4/stack5137/node_modules/.pnpm/jiti@1.21.7/node_modules/jiti/dist/jiti.js:1:249841)
[error]     at /Users/zackjackson/Documents/Codex/2026-10-02/task-4/stack5137/node_modules/.pnpm/tailwindcss@3.4.13_ts-node@10.9.1_@swc+core@1.7.26_@swc+helpers@0.5.13__@types+node@20.19.5_typescript@6.0.3_/node_modules/tailwindcss/lib/lib/load-config.js:51:30
[error] apps/next-app-router/next-app-router-4000/app/parallel-routes/default.tsx: Error: Cannot find module '@tailwindcss/typography'
[error] Require stack:
[error] - /Users/zackjackson/Documents/Codex/2026-10-02/task-4/stack5137/apps/next-app-router/next-app-router-4000/tailwind.config.ts
[error]     at Module._resolveFilename (node:internal/modules/cjs/loader:1476:15)
[error]     at wrapResolveFilename (node:internal/modules/cjs/loader:1049:27)
[error]     at resolveForCJSWithHooks (node:internal/modules/cjs/loader:1094:12)
[error]     at require.resolve (node:internal/modules/helpers:171:31)
[error]     at _resolve (/Users/zackjackson/Documents/Codex/2026-10-02/task-4/stack5137/node_modules/.pnpm/jiti@1.21.7/node_modules/jiti/dist/jiti.js:1:246378)
[error]     at jiti (/Users/zackjackson/Documents/Codex/2026-10-02/task-4/stack5137/node_modules/.pnpm/jiti@1.21.7/node_modules/jiti/dist/jiti.js:1:249092)
[error]     at /Users/zackjackson/Documents/Codex/2026-10-02/task-4/stack5137/apps/next-app-router/next-app-router-4000/tailwind.config.ts:89:13
[error]     at evalModule (/Users/zackjackson/Documents/Codex/2026-10-02/task-4/stack5137/node_modules/.pnpm/jiti@1.21.7/node_modules/jiti/dist/jiti.js:1:251913)
[error]     at jiti (/Users/zackjackson/Documents/Codex/2026-10-02/task-4/stack5137/node_modules/.pnpm/jiti@1.21.7/node_modules/jiti/dist/jiti.js:1:249841)
[error]     at /Users/zackjackson/Documents/Codex/2026-10-02/task-4/stack5137/node_modules/.pnpm/tailwindcss@3.4.13_ts-node@10.9.1_@swc+core@1.7.26_@swc+helpers@0.5.13__@types+node@20.19.5_typescript@6.0.3_/node_modules/tailwindcss/lib/lib/load-config.js:51:30
[error] apps/next-app-router/next-app-router-4000/app/parallel-routes/layout.tsx: Error: Cannot find module '@tailwindcss/typography'
[error] Require stack:
[error] - /Users/zackjackson/Documents/Codex/2026-10-02/task-4/stack5137/apps/next-app-router/next-app-router-4000/tailwind.config.ts
[error]     at Module._resolveFilename (node:internal/modules/cjs/loader:1476:15)
[error]     at wrapResolveFilename (node:internal/modules/cjs/loader:1049:27)
[error]     at resolveForCJSWithHooks (node:internal/modules/cjs/loader:1094:12)
[error]     at require.resolve (node:internal/modules/helpers:171:31)
[error]     at _resolve (/Users/zackjackson/Documents/Codex/2026-10-02/task-4/stack5137/node_modules/.pnpm/jiti@1.21.7/node_modules/jiti/dist/jiti.js:1:246378)
[error]     at jiti (/Users/zackjackson/Documents/Codex/2026-10-02/task-4/stack5137/node_modules/.pnpm/jiti@1.21.7/node_modules/jiti/dist/jiti.js:1:249092)
[error]     at /Users/zackjackson/Documents/Codex/2026-10-02/task-4/stack5137/apps/next-app-router/next-app-router-4000/tailwind.config.ts:89:13
[error]     at evalModule (/Users/zackjackson/Documents/Codex/2026-10-02/task-4/stack5137/node_modules/.pnpm/jiti@1.21.7/node_modules/jiti/dist/jiti.js:1:251913)
[error]     at jiti (/Users/zackjackson/Documents/Codex/2026-10-02/task-4/stack5137/node_modules/.pnpm/jiti@1.21.7/node_modules/jiti/dist/jiti.js:1:249841)
[error]     at /Users/zackjackson/Documents/Codex/2026-10-02/task-4/stack5137/node_modules/.pnpm/tailwindcss@3.4.13_ts-node@10.9.1_@swc+core@1.7.26_@swc+helpers@0.5.13__@types+node@20.19.5_typescript@6.0.3_/node_modules/tailwindcss/lib/lib/load-config.js:51:30
[error] apps/next-app-router/next-app-router-4000/app/parallel-routes/not-found.tsx: Error: Cannot find module '@tailwindcss/typography'
[error] Require stack:
[error] - /Users/zackjackson/Documents/Codex/2026-10-02/task-4/stack5137/apps/next-app-router/next-app-router-4000/tailwind.config.ts
[error]     at Module._resolveFilename (node:internal/modules/cjs/loader:1476:15)
[error]     at wrapResolveFilename (node:internal/modules/cjs/loader:1049:27)
[error]     at resolveForCJSWithHooks (node:internal/modules/cjs/loader:1094:12)
[error]     at require.resolve (node:internal/modules/helpers:171:31)
[error]     at _resolve (/Users/zackjackson/Documents/Codex/2026-10-02/task-4/stack5137/node_modules/.pnpm/jiti@1.21.7/node_modules/jiti/dist/jiti.js:1:246378)
[error]     at jiti (/Users/zackjackson/Documents/Codex/2026-10-02/task-4/stack5137/node_modules/.pnpm/jiti@1.21.7/node_modules/jiti/dist/jiti.js:1:249092)
[error]     at /Users/zackjackson/Documents/Codex/2026-10-02/task-4/stack5137/apps/next-app-router/next-app-router-4000/tailwind.config.ts:89:13
[error]     at evalModule (/Users/zackjackson/Documents/Codex/2026-10-02/task-4/stack5137/node_modules/.pnpm/jiti@1.21.7/node_modules/jiti/dist/jiti.js:1:251913)
[error]     at jiti (/Users/zackjackson/Documents/Codex/2026-10-02/task-4/stack5137/node_modules/.pnpm/jiti@1.21.7/node_modules/jiti/dist/jiti.js:1:249841)
[error]     at /Users/zackjackson/Documents/Codex/2026-10-02/task-4/stack5137/node_modules/.pnpm/tailwindcss@3.4.13_ts-node@10.9.1_@swc+core@1.7.26_@swc+helpers@0.5.13__@types+node@20.19.5_typescript@6.0.3_/node_modules/tailwindcss/lib/lib/load-config.js:51:30
[error] apps/next-app-router/next-app-router-4000/app/parallel-routes/page.tsx: Error: Cannot find module '@tailwindcss/typography'
[error] Require stack:
[error] - /Users/zackjackson/Documents/Codex/2026-10-02/task-4/stack5137/apps/next-app-router/next-app-router-4000/tailwind.config.ts
[error]     at Module._resolveFilename (node:internal/modules/cjs/loader:1476:15)
[error]     at wrapResolveFilename (node:internal/modules/cjs/loader:1049:27)
[error]     at resolveForCJSWithHooks (node:internal/modules/cjs/loader:1094:12)
[error]     at require.resolve (node:internal/modules/helpers:171:31)
[error]     at _resolve (/Users/zackjackson/Documents/Codex/2026-10-02/task-4/stack5137/node_modules/.pnpm/jiti@1.21.7/node_modules/jiti/dist/jiti.js:1:246378)
[error]     at jiti (/Users/zackjackson/Documents/Codex/2026-10-02/task-4/stack5137/node_modules/.pnpm/jiti@1.21.7/node_modules/jiti/dist/jiti.js:1:249092)
[error]     at /Users/zackjackson/Documents/Codex/2026-10-02/task-4/stack5137/apps/next-app-router/next-app-router-4000/tailwind.config.ts:89:13
[error]     at evalModule (/Users/zackjackson/Documents/Codex/2026-10-02/task-4/stack5137/node_modules/.pnpm/jiti@1.21.7/node_modules/jiti/dist/jiti.js:1:251913)
[error]     at jiti (/Users/zackjackson/Documents/Codex/2026-10-02/task-4/stack5137/node_modules/.pnpm/jiti@1.21.7/node_modules/jiti/dist/jiti.js:1:249841)
[error]     at /Users/zackjackson/Documents/Codex/2026-10-02/task-4/stack5137/node_modules/.pnpm/tailwindcss@3.4.13_ts-node@10.9.1_@swc+core@1.7.26_@swc+helpers@0.5.13__@types+node@20.19.5_typescript@6.0.3_/node_modules/tailwindcss/lib/lib/load-config.js:51:30
[error] apps/next-app-router/next-app-router-4000/app/patterns/active-links/_components/nav-links.tsx: Error: Cannot find module '@tailwindcss/typography'
[error] Require stack:
[error] - /Users/zackjackson/Documents/Codex/2026-10-02/task-4/stack5137/apps/next-app-router/next-app-router-4000/tailwind.config.ts
[error]     at Module._resolveFilename (node:internal/modules/cjs/loader:1476:15)
[error]     at wrapResolveFilename (node:internal/modules/cjs/loader:1049:27)
[error]     at resolveForCJSWithHooks (node:internal/modules/cjs/loader:1094:12)
[error]     at require.resolve (node:internal/modules/helpers:171:31)
[error]     at _resolve (/Users/zackjackson/Documents/Codex/2026-10-02/task-4/stack5137/node_modules/.pnpm/jiti@1.21.7/node_modules/jiti/dist/jiti.js:1:246378)
[error]     at jiti (/Users/zackjackson/Documents/Codex/2026-10-02/task-4/stack5137/node_modules/.pnpm/jiti@1.21.7/node_modules/jiti/dist/jiti.js:1:249092)
[error]     at /Users/zackjackson/Documents/Codex/2026-10-02/task-4/stack5137/apps/next-app-router/next-app-router-4000/tailwind.config.ts:89:13
[error]     at evalModule (/Users/zackjackson/Documents/Codex/2026-10-02/task-4/stack5137/node_modules/.pnpm/jiti@1.21.7/node_modules/jiti/dist/jiti.js:1:251913)
[error]     at jiti (/Users/zackjackson/Documents/Codex/2026-10-02/task-4/stack5137/node_modules/.pnpm/jiti@1.21.7/node_modules/jiti/dist/jiti.js:1:249841)
[error]     at /Users/zackjackson/Documents/Codex/2026-10-02/task-4/stack5137/node_modules/.pnpm/tailwindcss@3.4.13_ts-node@10.9.1_@swc+core@1.7.26_@swc+helpers@0.5.13__@types+node@20.19.5_typescript@6.0.3_/node_modules/tailwindcss/lib/lib/load-config.js:51:30
[error] apps/next-app-router/next-app-router-4000/app/patterns/active-links/community/page.tsx: Error: Cannot find module '@tailwindcss/typography'
[error] Require stack:
[error] - /Users/zackjackson/Documents/Codex/2026-10-02/task-4/stack5137/apps/next-app-router/next-app-router-4000/tailwind.config.ts
[error]     at Module._resolveFilename (node:internal/modules/cjs/loader:1476:15)
[error]     at wrapResolveFilename (node:internal/modules/cjs/loader:1049:27)
[error]     at resolveForCJSWithHooks (node:internal/modules/cjs/loader:1094:12)
[error]     at require.resolve (node:internal/modules/helpers:171:31)
[error]     at _resolve (/Users/zackjackson/Documents/Codex/2026-10-02/task-4/stack5137/node_modules/.pnpm/jiti@1.21.7/node_modules/jiti/dist/jiti.js:1:246378)
[error]     at jiti (/Users/zackjackson/Documents/Codex/2026-10-02/task-4/stack5137/node_modules/.pnpm/jiti@1.21.7/node_modules/jiti/dist/jiti.js:1:249092)
[error]     at /Users/zackjackson/Documents/Codex/2026-10-02/task-4/stack5137/apps/next-app-router/next-app-router-4000/tailwind.config.ts:89:13
[error]     at evalModule (/Users/zackjackson/Documents/Codex/2026-10-02/task-4/stack5137/node_modules/.pnpm/jiti@1.21.7/node_modules/jiti/dist/jiti.js:1:251913)
[error]     at jiti (/Users/zackjackson/Documents/Codex/2026-10-02/task-4/stack5137/node_modules/.pnpm/jiti@1.21.7/node_modules/jiti/dist/jiti.js:1:249841)
[error]     at /Users/zackjackson/Documents/Codex/2026-10-02/task-4/stack5137/node_modules/.pnpm/tailwindcss@3.4.13_ts-node@10.9.1_@swc+core@1.7.26_@swc+helpers@0.5.13__@types+node@20.19.5_typescript@6.0.3_/node_modules/tailwindcss/lib/lib/load-config.js:51:30
[error] apps/next-app-router/next-app-router-4000/app/patterns/active-links/layout.tsx: Error: Cannot find module '@tailwindcss/typography'
[error] Require stack:
[error] - /Users/zackjackson/Documents/Codex/2026-10-02/task-4/stack5137/apps/next-app-router/next-app-router-4000/tailwind.config.ts
[error]     at Module._resolveFilename (node:internal/modules/cjs/loader:1476:15)
[error]     at wrapResolveFilename (node:internal/modules/cjs/loader:1049:27)
[error]     at resolveForCJSWithHooks (node:internal/modules/cjs/loader:1094:12)
[error]     at require.resolve (node:internal/modules/helpers:171:31)
[error]     at _resolve (/Users/zackjackson/Documents/Codex/2026-10-02/task-4/stack5137/node_modules/.pnpm/jiti@1.21.7/node_modules/jiti/dist/jiti.js:1:246378)
[error]     at jiti (/Users/zackjackson/Documents/Codex/2026-10-02/task-4/stack5137/node_modules/.pnpm/jiti@1.21.7/node_modules/jiti/dist/jiti.js:1:249092)
[error]     at /Users/zackjackson/Documents/Codex/2026-10-02/task-4/stack5137/apps/next-app-router/next-app-router-4000/tailwind.config.ts:89:13
[error]     at evalModule (/Users/zackjackson/Documents/Codex/2026-10-02/task-4/stack5137/node_modules/.pnpm/jiti@1.21.7/node_modules/jiti/dist/jiti.js:1:251913)
[error]     at jiti (/Users/zackjackson/Documents/Codex/2026-10-02/task-4/stack5137/node_modules/.pnpm/jiti@1.21.7/node_modules/jiti/dist/jiti.js:1:249841)
[error]     at /Users/zackjackson/Documents/Codex/2026-10-02/task-4/stack5137/node_modules/.pnpm/tailwindcss@3.4.13_ts-node@10.9.1_@swc+core@1.7.26_@swc+helpers@0.5.13__@types+node@20.19.5_typescript@6.0.3_/node_modules/tailwindcss/lib/lib/load-config.js:51:30
[error] apps/next-app-router/next-app-router-4000/app/patterns/active-links/page.tsx: Error: Cannot find module '@tailwindcss/typography'
[error] Require stack:
[error] - /Users/zackjackson/Documents/Codex/2026-10-02/task-4/stack5137/apps/next-app-router/next-app-router-4000/tailwind.config.ts
[error]     at Module._resolveFilename (node:internal/modules/cjs/loader:1476:15)
[error]     at wrapResolveFilename (node:internal/modules/cjs/loader:1049:27)
[error]     at resolveForCJSWithHooks (node:internal/modules/cjs/loader:1094:12)
[error]     at require.resolve (node:internal/modules/helpers:171:31)
[error]     at _resolve (/Users/zackjackson/Documents/Codex/2026-10-02/task-4/stack5137/node_modules/.pnpm/jiti@1.21.7/node_modules/jiti/dist/jiti.js:1:246378)
[error]     at jiti (/Users/zackjackson/Documents/Codex/2026-10-02/task-4/stack5137/node_modules/.pnpm/jiti@1.21.7/node_modules/jiti/dist/jiti.js:1:249092)
[error]     at /Users/zackjackson/Documents/Codex/2026-10-02/task-4/stack5137/apps/next-app-router/next-app-router-4000/tailwind.config.ts:89:13
[error]     at evalModule (/Users/zackjackson/Documents/Codex/2026-10-02/task-4/stack5137/node_modules/.pnpm/jiti@1.21.7/node_modules/jiti/dist/jiti.js:1:251913)
[error]     at jiti (/Users/zackjackson/Documents/Codex/2026-10-02/task-4/stack5137/node_modules/.pnpm/jiti@1.21.7/node_modules/jiti/dist/jiti.js:1:249841)
[error]     at /Users/zackjackson/Documents/Codex/2026-10-02/task-4/stack5137/node_modules/.pnpm/tailwindcss@3.4.13_ts-node@10.9.1_@swc+core@1.7.26_@swc+helpers@0.5.13__@types+node@20.19.5_typescript@6.0.3_/node_modules/tailwindcss/lib/lib/load-config.js:51:30
[error] apps/next-app-router/next-app-router-4000/app/patterns/active-links/profile/page.tsx: Error: Cannot find module '@tailwindcss/typography'
[error] Require stack:
[error] - /Users/zackjackson/Documents/Codex/2026-10-02/task-4/stack5137/apps/next-app-router/next-app-router-4000/tailwind.config.ts
[error]     at Module._resolveFilename (node:internal/modules/cjs/loader:1476:15)
[error]     at wrapResolveFilename (node:internal/modules/cjs/loader:1049:27)
[error]     at resolveForCJSWithHooks (node:internal/modules/cjs/loader:1094:12)
[error]     at require.resolve (node:internal/modules/helpers:171:31)
[error]     at _resolve (/Users/zackjackson/Documents/Codex/2026-10-02/task-4/stack5137/node_modules/.pnpm/jiti@1.21.7/node_modules/jiti/dist/jiti.js:1:246378)
[error]     at jiti (/Users/zackjackson/Documents/Codex/2026-10-02/task-4/stack5137/node_modules/.pnpm/jiti@1.21.7/node_modules/jiti/dist/jiti.js:1:249092)
[error]     at /Users/zackjackson/Documents/Codex/2026-10-02/task-4/stack5137/apps/next-app-router/next-app-router-4000/tailwind.config.ts:89:13
[error]     at evalModule (/Users/zackjackson/Documents/Codex/2026-10-02/task-4/stack5137/node_modules/.pnpm/jiti@1.21.7/node_modules/jiti/dist/jiti.js:1:251913)
[error]     at jiti (/Users/zackjackson/Documents/Codex/2026-10-02/task-4/stack5137/node_modules/.pnpm/jiti@1.21.7/node_modules/jiti/dist/jiti.js:1:249841)
[error]     at /Users/zackjackson/Documents/Codex/2026-10-02/task-4/stack5137/node_modules/.pnpm/tailwindcss@3.4.13_ts-node@10.9.1_@swc+core@1.7.26_@swc+helpers@0.5.13__@types+node@20.19.5_typescript@6.0.3_/node_modules/tailwindcss/lib/lib/load-config.js:51:30
[error] apps/next-app-router/next-app-router-4000/app/patterns/active-links/settings/page.tsx: Error: Cannot find module '@tailwindcss/typography'
[error] Require stack:
[error] - /Users/zackjackson/Documents/Codex/2026-10-02/task-4/stack5137/apps/next-app-router/next-app-router-4000/tailwind.config.ts
[error]     at Module._resolveFilename (node:internal/modules/cjs/loader:1476:15)
[error]     at wrapResolveFilename (node:internal/modules/cjs/loader:1049:27)
[error]     at resolveForCJSWithHooks (node:internal/modules/cjs/loader:1094:12)
[error]     at require.resolve (node:internal/modules/helpers:171:31)
[error]     at _resolve (/Users/zackjackson/Documents/Codex/2026-10-02/task-4/stack5137/node_modules/.pnpm/jiti@1.21.7/node_modules/jiti/dist/jiti.js:1:246378)
[error]     at jiti (/Users/zackjackson/Documents/Codex/2026-10-02/task-4/stack5137/node_modules/.pnpm/jiti@1.21.7/node_modules/jiti/dist/jiti.js:1:249092)
[error]     at /Users/zackjackson/Documents/Codex/2026-10-02/task-4/stack5137/apps/next-app-router/next-app-router-4000/tailwind.config.ts:89:13
[error]     at evalModule (/Users/zackjackson/Documents/Codex/2026-10-02/task-4/stack5137/node_modules/.pnpm/jiti@1.21.7/node_modules/jiti/dist/jiti.js:1:251913)
[error]     at jiti (/Users/zackjackson/Documents/Codex/2026-10-02/task-4/stack5137/node_modules/.pnpm/jiti@1.21.7/node_modules/jiti/dist/jiti.js:1:249841)
[error]     at /Users/zackjackson/Documents/Codex/2026-10-02/task-4/stack5137/node_modules/.pnpm/tailwindcss@3.4.13_ts-node@10.9.1_@swc+core@1.7.26_@swc+helpers@0.5.13__@types+node@20.19.5_typescript@6.0.3_/node_modules/tailwindcss/lib/lib/load-config.js:51:30
[error] apps/next-app-router/next-app-router-4000/app/patterns/breadcrumbs/_components/breadcrumbs.tsx: Error: Cannot find module '@tailwindcss/typography'
[error] Require stack:
[error] - /Users/zackjackson/Documents/Codex/2026-10-02/task-4/stack5137/apps/next-app-router/next-app-router-4000/tailwind.config.ts
[error]     at Module._resolveFilename (node:internal/modules/cjs/loader:1476:15)
[error]     at wrapResolveFilename (node:internal/modules/cjs/loader:1049:27)
[error]     at resolveForCJSWithHooks (node:internal/modules/cjs/loader:1094:12)
[error]     at require.resolve (node:internal/modules/helpers:171:31)
[error]     at _resolve (/Users/zackjackson/Documents/Codex/2026-10-02/task-4/stack5137/node_modules/.pnpm/jiti@1.21.7/node_modules/jiti/dist/jiti.js:1:246378)
[error]     at jiti (/Users/zackjackson/Documents/Codex/2026-10-02/task-4/stack5137/node_modules/.pnpm/jiti@1.21.7/node_modules/jiti/dist/jiti.js:1:249092)
[error]     at /Users/zackjackson/Documents/Codex/2026-10-02/task-4/stack5137/apps/next-app-router/next-app-router-4000/tailwind.config.ts:89:13
[error]     at evalModule (/Users/zackjackson/Documents/Codex/2026-10-02/task-4/stack5137/node_modules/.pnpm/jiti@1.21.7/node_modules/jiti/dist/jiti.js:1:251913)
[error]     at jiti (/Users/zackjackson/Documents/Codex/2026-10-02/task-4/stack5137/node_modules/.pnpm/jiti@1.21.7/node_modules/jiti/dist/jiti.js:1:249841)
[error]     at /Users/zackjackson/Documents/Codex/2026-10-02/task-4/stack5137/node_modules/.pnpm/tailwindcss@3.4.13_ts-node@10.9.1_@swc+core@1.7.26_@swc+helpers@0.5.13__@types+node@20.19.5_typescript@6.0.3_/node_modules/tailwindcss/lib/lib/load-config.js:51:30
[error] apps/next-app-router/next-app-router-4000/app/patterns/breadcrumbs/[categorySlug]/[subCategorySlug]/page.tsx: Error: Cannot find module '@tailwindcss/typography'
[error] Require stack:
[error] - /Users/zackjackson/Documents/Codex/2026-10-02/task-4/stack5137/apps/next-app-router/next-app-router-4000/tailwind.config.ts
[error]     at Module._resolveFilename (node:internal/modules/cjs/loader:1476:15)
[error]     at wrapResolveFilename (node:internal/modules/cjs/loader:1049:27)
[error]     at resolveForCJSWithHooks (node:internal/modules/cjs/loader:1094:12)
[error]     at require.resolve (node:internal/modules/helpers:171:31)
[error]     at _resolve (/Users/zackjackson/Documents/Codex/2026-10-02/task-4/stack5137/node_modules/.pnpm/jiti@1.21.7/node_modules/jiti/dist/jiti.js:1:246378)
[error]     at jiti (/Users/zackjackson/Documents/Codex/2026-10-02/task-4/stack5137/node_modules/.pnpm/jiti@1.21.7/node_modules/jiti/dist/jiti.js:1:249092)
[error]     at /Users/zackjackson/Documents/Codex/2026-10-02/task-4/stack5137/apps/next-app-router/next-app-router-4000/tailwind.config.ts:89:13
[error]     at evalModule (/Users/zackjackson/Documents/Codex/2026-10-02/task-4/stack5137/node_modules/.pnpm/jiti@1.21.7/node_modules/jiti/dist/jiti.js:1:251913)
[error]     at jiti (/Users/zackjackson/Documents/Codex/2026-10-02/task-4/stack5137/node_modules/.pnpm/jiti@1.21.7/node_modules/jiti/dist/jiti.js:1:249841)
[error]     at /Users/zackjackson/Documents/Codex/2026-10-02/task-4/stack5137/node_modules/.pnpm/tailwindcss@3.4.13_ts-node@10.9.1_@swc+core@1.7.26_@swc+helpers@0.5.13__@types+node@20.19.5_typescript@6.0.3_/node_modules/tailwindcss/lib/lib/load-config.js:51:30
[error] apps/next-app-router/next-app-router-4000/app/patterns/breadcrumbs/[categorySlug]/layout.tsx: Error: Cannot find module '@tailwindcss/typography'
[error] Require stack:
[error] - /Users/zackjackson/Documents/Codex/2026-10-02/task-4/stack5137/apps/next-app-router/next-app-router-4000/tailwind.config.ts
[error]     at Module._resolveFilename (node:internal/modules/cjs/loader:1476:15)
[error]     at wrapResolveFilename (node:internal/modules/cjs/loader:1049:27)
[error]     at resolveForCJSWithHooks (node:internal/modules/cjs/loader:1094:12)
[error]     at require.resolve (node:internal/modules/helpers:171:31)
[error]     at _resolve (/Users/zackjackson/Documents/Codex/2026-10-02/task-4/stack5137/node_modules/.pnpm/jiti@1.21.7/node_modules/jiti/dist/jiti.js:1:246378)
[error]     at jiti (/Users/zackjackson/Documents/Codex/2026-10-02/task-4/stack5137/node_modules/.pnpm/jiti@1.21.7/node_modules/jiti/dist/jiti.js:1:249092)
[error]     at /Users/zackjackson/Documents/Codex/2026-10-02/task-4/stack5137/apps/next-app-router/next-app-router-4000/tailwind.config.ts:89:13
[error]     at evalModule (/Users/zackjackson/Documents/Codex/2026-10-02/task-4/stack5137/node_modules/.pnpm/jiti@1.21.7/node_modules/jiti/dist/jiti.js:1:251913)
[error]     at jiti (/Users/zackjackson/Documents/Codex/2026-10-02/task-4/stack5137/node_modules/.pnpm/jiti@1.21.7/node_modules/jiti/dist/jiti.js:1:249841)
[error]     at /Users/zackjackson/Documents/Codex/2026-10-02/task-4/stack5137/node_modules/.pnpm/tailwindcss@3.4.13_ts-node@10.9.1_@swc+core@1.7.26_@swc+helpers@0.5.13__@types+node@20.19.5_typescript@6.0.3_/node_modules/tailwindcss/lib/lib/load-config.js:51:30
[error] apps/next-app-router/next-app-router-4000/app/patterns/breadcrumbs/[categorySlug]/page.tsx: Error: Cannot find module '@tailwindcss/typography'
[error] Require stack:
[error] - /Users/zackjackson/Documents/Codex/2026-10-02/task-4/stack5137/apps/next-app-router/next-app-router-4000/tailwind.config.ts
[error]     at Module._resolveFilename (node:internal/modules/cjs/loader:1476:15)
[error]     at wrapResolveFilename (node:internal/modules/cjs/loader:1049:27)
[error]     at resolveForCJSWithHooks (node:internal/modules/cjs/loader:1094:12)
[error]     at require.resolve (node:internal/modules/helpers:171:31)
[error]     at _resolve (/Users/zackjackson/Documents/Codex/2026-10-02/task-4/stack5137/node_modules/.pnpm/jiti@1.21.7/node_modules/jiti/dist/jiti.js:1:246378)
[error]     at jiti (/Users/zackjackson/Documents/Codex/2026-10-02/task-4/stack5137/node_modules/.pnpm/jiti@1.21.7/node_modules/jiti/dist/jiti.js:1:249092)
[error]     at /Users/zackjackson/Documents/Codex/2026-10-02/task-4/stack5137/apps/next-app-router/next-app-router-4000/tailwind.config.ts:89:13
[error]     at evalModule (/Users/zackjackson/Documents/Codex/2026-10-02/task-4/stack5137/node_modules/.pnpm/jiti@1.21.7/node_modules/jiti/dist/jiti.js:1:251913)
[error]     at jiti (/Users/zackjackson/Documents/Codex/2026-10-02/task-4/stack5137/node_modules/.pnpm/jiti@1.21.7/node_modules/jiti/dist/jiti.js:1:249841)
[error]     at /Users/zackjackson/Documents/Codex/2026-10-02/task-4/stack5137/node_modules/.pnpm/tailwindcss@3.4.13_ts-node@10.9.1_@swc+core@1.7.26_@swc+helpers@0.5.13__@types+node@20.19.5_typescript@6.0.3_/node_modules/tailwindcss/lib/lib/load-config.js:51:30
[error] apps/next-app-router/next-app-router-4000/app/patterns/breadcrumbs/@slot/[...all]/page.tsx: Error: Cannot find module '@tailwindcss/typography'
[error] Require stack:
[error] - /Users/zackjackson/Documents/Codex/2026-10-02/task-4/stack5137/apps/next-app-router/next-app-router-4000/tailwind.config.ts
[error]     at Module._resolveFilename (node:internal/modules/cjs/loader:1476:15)
[error]     at wrapResolveFilename (node:internal/modules/cjs/loader:1049:27)
[error]     at resolveForCJSWithHooks (node:internal/modules/cjs/loader:1094:12)
[error]     at require.resolve (node:internal/modules/helpers:171:31)
[error]     at _resolve (/Users/zackjackson/Documents/Codex/2026-10-02/task-4/stack5137/node_modules/.pnpm/jiti@1.21.7/node_modules/jiti/dist/jiti.js:1:246378)
[error]     at jiti (/Users/zackjackson/Documents/Codex/2026-10-02/task-4/stack5137/node_modules/.pnpm/jiti@1.21.7/node_modules/jiti/dist/jiti.js:1:249092)
[error]     at /Users/zackjackson/Documents/Codex/2026-10-02/task-4/stack5137/apps/next-app-router/next-app-router-4000/tailwind.config.ts:89:13
[error]     at evalModule (/Users/zackjackson/Documents/Codex/2026-10-02/task-4/stack5137/node_modules/.pnpm/jiti@1.21.7/node_modules/jiti/dist/jiti.js:1:251913)
[error]     at jiti (/Users/zackjackson/Documents/Codex/2026-10-02/task-4/stack5137/node_modules/.pnpm/jiti@1.21.7/node_modules/jiti/dist/jiti.js:1:249841)
[error]     at /Users/zackjackson/Documents/Codex/2026-10-02/task-4/stack5137/node_modules/.pnpm/tailwindcss@3.4.13_ts-node@10.9.1_@swc+core@1.7.26_@swc+helpers@0.5.13__@types+node@20.19.5_typescript@6.0.3_/node_modules/tailwindcss/lib/lib/load-config.js:51:30
[error] apps/next-app-router/next-app-router-4000/app/patterns/breadcrumbs/@slot/page.tsx: Error: Cannot find module '@tailwindcss/typography'
[error] Require stack:
[error] - /Users/zackjackson/Documents/Codex/2026-10-02/task-4/stack5137/apps/next-app-router/next-app-router-4000/tailwind.config.ts
[error]     at Module._resolveFilename (node:internal/modules/cjs/loader:1476:15)
[error]     at wrapResolveFilename (node:internal/modules/cjs/loader:1049:27)
[error]     at resolveForCJSWithHooks (node:internal/modules/cjs/loader:1094:12)
[error]     at require.resolve (node:internal/modules/helpers:171:31)
[error]     at _resolve (/Users/zackjackson/Documents/Codex/2026-10-02/task-4/stack5137/node_modules/.pnpm/jiti@1.21.7/node_modules/jiti/dist/jiti.js:1:246378)
[error]     at jiti (/Users/zackjackson/Documents/Codex/2026-10-02/task-4/stack5137/node_modules/.pnpm/jiti@1.21.7/node_modules/jiti/dist/jiti.js:1:249092)
[error]     at /Users/zackjackson/Documents/Codex/2026-10-02/task-4/stack5137/apps/next-app-router/next-app-router-4000/tailwind.config.ts:89:13
[error]     at evalModule (/Users/zackjackson/Documents/Codex/2026-10-02/task-4/stack5137/node_modules/.pnpm/jiti@1.21.7/node_modules/jiti/dist/jiti.js:1:251913)
[error]     at jiti (/Users/zackjackson/Documents/Codex/2026-10-02/task-4/stack5137/node_modules/.pnpm/jiti@1.21.7/node_modules/jiti/dist/jiti.js:1:249841)
[error]     at /Users/zackjackson/Documents/Codex/2026-10-02/task-4/stack5137/node_modules/.pnpm/tailwindcss@3.4.13_ts-node@10.9.1_@swc+core@1.7.26_@swc+helpers@0.5.13__@types+node@20.19.5_typescript@6.0.3_/node_modules/tailwindcss/lib/lib/load-config.js:51:30
[error] apps/next-app-router/next-app-router-4000/app/patterns/breadcrumbs/layout.tsx: Error: Cannot find module '@tailwindcss/typography'
[error] Require stack:
[error] - /Users/zackjackson/Documents/Codex/2026-10-02/task-4/stack5137/apps/next-app-router/next-app-router-4000/tailwind.config.ts
[error]     at Module._resolveFilename (node:internal/modules/cjs/loader:1476:15)
[error]     at wrapResolveFilename (node:internal/modules/cjs/loader:1049:27)
[error]     at resolveForCJSWithHooks (node:internal/modules/cjs/loader:1094:12)
[error]     at require.resolve (node:internal/modules/helpers:171:31)
[error]     at _resolve (/Users/zackjackson/Documents/Codex/2026-10-02/task-4/stack5137/node_modules/.pnpm/jiti@1.21.7/node_modules/jiti/dist/jiti.js:1:246378)
[error]     at jiti (/Users/zackjackson/Documents/Codex/2026-10-02/task-4/stack5137/node_modules/.pnpm/jiti@1.21.7/node_modules/jiti/dist/jiti.js:1:249092)
[error]     at /Users/zackjackson/Documents/Codex/2026-10-02/task-4/stack5137/apps/next-app-router/next-app-router-4000/tailwind.config.ts:89:13
[error]     at evalModule (/Users/zackjackson/Documents/Codex/2026-10-02/task-4/stack5137/node_modules/.pnpm/jiti@1.21.7/node_modules/jiti/dist/jiti.js:1:251913)
[error]     at jiti (/Users/zackjackson/Documents/Codex/2026-10-02/task-4/stack5137/node_modules/.pnpm/jiti@1.21.7/node_modules/jiti/dist/jiti.js:1:249841)
[error]     at /Users/zackjackson/Documents/Codex/2026-10-02/task-4/stack5137/node_modules/.pnpm/tailwindcss@3.4.13_ts-node@10.9.1_@swc+core@1.7.26_@swc+helpers@0.5.13__@types+node@20.19.5_typescript@6.0.3_/node_modules/tailwindcss/lib/lib/load-config.js:51:30
[error] apps/next-app-router/next-app-router-4000/app/patterns/breadcrumbs/page.tsx: Error: Cannot find module '@tailwindcss/typography'
[error] Require stack:
[error] - /Users/zackjackson/Documents/Codex/2026-10-02/task-4/stack5137/apps/next-app-router/next-app-router-4000/tailwind.config.ts
[error]     at Module._resolveFilename (node:internal/modules/cjs/loader:1476:15)
[error]     at wrapResolveFilename (node:internal/modules/cjs/loader:1049:27)
[error]     at resolveForCJSWithHooks (node:internal/modules/cjs/loader:1094:12)
[error]     at require.resolve (node:internal/modules/helpers:171:31)
[error]     at _resolve (/Users/zackjackson/Documents/Codex/2026-10-02/task-4/stack5137/node_modules/.pnpm/jiti@1.21.7/node_modules/jiti/dist/jiti.js:1:246378)
[error]     at jiti (/Users/zackjackson/Documents/Codex/2026-10-02/task-4/stack5137/node_modules/.pnpm/jiti@1.21.7/node_modules/jiti/dist/jiti.js:1:249092)
[error]     at /Users/zackjackson/Documents/Codex/2026-10-02/task-4/stack5137/apps/next-app-router/next-app-router-4000/tailwind.config.ts:89:13
[error]     at evalModule (/Users/zackjackson/Documents/Codex/2026-10-02/task-4/stack5137/node_modules/.pnpm/jiti@1.21.7/node_modules/jiti/dist/jiti.js:1:251913)
[error]     at jiti (/Users/zackjackson/Documents/Codex/2026-10-02/task-4/stack5137/node_modules/.pnpm/jiti@1.21.7/node_modules/jiti/dist/jiti.js:1:249841)
[error]     at /Users/zackjackson/Documents/Codex/2026-10-02/task-4/stack5137/node_modules/.pnpm/tailwindcss@3.4.13_ts-node@10.9.1_@swc+core@1.7.26_@swc+helpers@0.5.13__@types+node@20.19.5_typescript@6.0.3_/node_modules/tailwindcss/lib/lib/load-config.js:51:30
[error] apps/next-app-router/next-app-router-4000/app/patterns/layout.tsx: Error: Cannot find module '@tailwindcss/typography'
[error] Require stack:
[error] - /Users/zackjackson/Documents/Codex/2026-10-02/task-4/stack5137/apps/next-app-router/next-app-router-4000/tailwind.config.ts
[error]     at Module._resolveFilename (node:internal/modules/cjs/loader:1476:15)
[error]     at wrapResolveFilename (node:internal/modules/cjs/loader:1049:27)
[error]     at resolveForCJSWithHooks (node:internal/modules/cjs/loader:1094:12)
[error]     at require.resolve (node:internal/modules/helpers:171:31)
[error]     at _resolve (/Users/zackjackson/Documents/Codex/2026-10-02/task-4/stack5137/node_modules/.pnpm/jiti@1.21.7/node_modules/jiti/dist/jiti.js:1:246378)
[error]     at jiti (/Users/zackjackson/Documents/Codex/2026-10-02/task-4/stack5137/node_modules/.pnpm/jiti@1.21.7/node_modules/jiti/dist/jiti.js:1:249092)
[error]     at /Users/zackjackson/Documents/Codex/2026-10-02/task-4/stack5137/apps/next-app-router/next-app-router-4000/tailwind.config.ts:89:13
[error]     at evalModule (/Users/zackjackson/Documents/Codex/2026-10-02/task-4/stack5137/node_modules/.pnpm/jiti@1.21.7/node_modules/jiti/dist/jiti.js:1:251913)
[error]     at jiti (/Users/zackjackson/Documents/Codex/2026-10-02/task-4/stack5137/node_modules/.pnpm/jiti@1.21.7/node_modules/jiti/dist/jiti.js:1:249841)
[error]     at /Users/zackjackson/Documents/Codex/2026-10-02/task-4/stack5137/node_modules/.pnpm/tailwindcss@3.4.13_ts-node@10.9.1_@swc+core@1.7.26_@swc+helpers@0.5.13__@types+node@20.19.5_typescript@6.0.3_/node_modules/tailwindcss/lib/lib/load-config.js:51:30
[error] apps/next-app-router/next-app-router-4000/app/patterns/page.tsx: Error: Cannot find module '@tailwindcss/typography'
[error] Require stack:
[error] - /Users/zackjackson/Documents/Codex/2026-10-02/task-4/stack5137/apps/next-app-router/next-app-router-4000/tailwind.config.ts
[error]     at Module._resolveFilename (node:internal/modules/cjs/loader:1476:15)
[error]     at wrapResolveFilename (node:internal/modules/cjs/loader:1049:27)
[error]     at resolveForCJSWithHooks (node:internal/modules/cjs/loader:1094:12)
[error]     at require.resolve (node:internal/modules/helpers:171:31)
[error]     at _resolve (/Users/zackjackson/Documents/Codex/2026-10-02/task-4/stack5137/node_modules/.pnpm/jiti@1.21.7/node_modules/jiti/dist/jiti.js:1:246378)
[error]     at jiti (/Users/zackjackson/Documents/Codex/2026-10-02/task-4/stack5137/node_modules/.pnpm/jiti@1.21.7/node_modules/jiti/dist/jiti.js:1:249092)
[error]     at /Users/zackjackson/Documents/Codex/2026-10-02/task-4/stack5137/apps/next-app-router/next-app-router-4000/tailwind.config.ts:89:13
[error]     at evalModule (/Users/zackjackson/Documents/Codex/2026-10-02/task-4/stack5137/node_modules/.pnpm/jiti@1.21.7/node_modules/jiti/dist/jiti.js:1:251913)
[error]     at jiti (/Users/zackjackson/Documents/Codex/2026-10-02/task-4/stack5137/node_modules/.pnpm/jiti@1.21.7/node_modules/jiti/dist/jiti.js:1:249841)
[error]     at /Users/zackjackson/Documents/Codex/2026-10-02/task-4/stack5137/node_modules/.pnpm/tailwindcss@3.4.13_ts-node@10.9.1_@swc+core@1.7.26_@swc+helpers@0.5.13__@types+node@20.19.5_typescript@6.0.3_/node_modules/tailwindcss/lib/lib/load-config.js:51:30
[error] apps/next-app-router/next-app-router-4000/app/patterns/search-params/active-link.tsx: Error: Cannot find module '@tailwindcss/typography'
[error] Require stack:
[error] - /Users/zackjackson/Documents/Codex/2026-10-02/task-4/stack5137/apps/next-app-router/next-app-router-4000/tailwind.config.ts
[error]     at Module._resolveFilename (node:internal/modules/cjs/loader:1476:15)
[error]     at wrapResolveFilename (node:internal/modules/cjs/loader:1049:27)
[error]     at resolveForCJSWithHooks (node:internal/modules/cjs/loader:1094:12)
[error]     at require.resolve (node:internal/modules/helpers:171:31)
[error]     at _resolve (/Users/zackjackson/Documents/Codex/2026-10-02/task-4/stack5137/node_modules/.pnpm/jiti@1.21.7/node_modules/jiti/dist/jiti.js:1:246378)
[error]     at jiti (/Users/zackjackson/Documents/Codex/2026-10-02/task-4/stack5137/node_modules/.pnpm/jiti@1.21.7/node_modules/jiti/dist/jiti.js:1:249092)
[error]     at /Users/zackjackson/Documents/Codex/2026-10-02/task-4/stack5137/apps/next-app-router/next-app-router-4000/tailwind.config.ts:89:13
[error]     at evalModule (/Users/zackjackson/Documents/Codex/2026-10-02/task-4/stack5137/node_modules/.pnpm/jiti@1.21.7/node_modules/jiti/dist/jiti.js:1:251913)
[error]     at jiti (/Users/zackjackson/Documents/Codex/2026-10-02/task-4/stack5137/node_modules/.pnpm/jiti@1.21.7/node_modules/jiti/dist/jiti.js:1:249841)
[error]     at /Users/zackjackson/Documents/Codex/2026-10-02/task-4/stack5137/node_modules/.pnpm/tailwindcss@3.4.13_ts-node@10.9.1_@swc+core@1.7.26_@swc+helpers@0.5.13__@types+node@20.19.5_typescript@6.0.3_/node_modules/tailwindcss/lib/lib/load-config.js:51:30
[error] apps/next-app-router/next-app-router-4000/app/patterns/search-params/client.tsx: Error: Cannot find module '@tailwindcss/typography'
[error] Require stack:
[error] - /Users/zackjackson/Documents/Codex/2026-10-02/task-4/stack5137/apps/next-app-router/next-app-router-4000/tailwind.config.ts
[error]     at Module._resolveFilename (node:internal/modules/cjs/loader:1476:15)
[error]     at wrapResolveFilename (node:internal/modules/cjs/loader:1049:27)
[error]     at resolveForCJSWithHooks (node:internal/modules/cjs/loader:1094:12)
[error]     at require.resolve (node:internal/modules/helpers:171:31)
[error]     at _resolve (/Users/zackjackson/Documents/Codex/2026-10-02/task-4/stack5137/node_modules/.pnpm/jiti@1.21.7/node_modules/jiti/dist/jiti.js:1:246378)
[error]     at jiti (/Users/zackjackson/Documents/Codex/2026-10-02/task-4/stack5137/node_modules/.pnpm/jiti@1.21.7/node_modules/jiti/dist/jiti.js:1:249092)
[error]     at /Users/zackjackson/Documents/Codex/2026-10-02/task-4/stack5137/apps/next-app-router/next-app-router-4000/tailwind.config.ts:89:13
[error]     at evalModule (/Users/zackjackson/Documents/Codex/2026-10-02/task-4/stack5137/node_modules/.pnpm/jiti@1.21.7/node_modules/jiti/dist/jiti.js:1:251913)
[error]     at jiti (/Users/zackjackson/Documents/Codex/2026-10-02/task-4/stack5137/node_modules/.pnpm/jiti@1.21.7/node_modules/jiti/dist/jiti.js:1:249841)
[error]     at /Users/zackjackson/Documents/Codex/2026-10-02/task-4/stack5137/node_modules/.pnpm/tailwindcss@3.4.13_ts-node@10.9.1_@swc+core@1.7.26_@swc+helpers@0.5.13__@types+node@20.19.5_typescript@6.0.3_/node_modules/tailwindcss/lib/lib/load-config.js:51:30
[error] apps/next-app-router/next-app-router-4000/app/patterns/search-params/page.tsx: Error: Cannot find module '@tailwindcss/typography'
[error] Require stack:
[error] - /Users/zackjackson/Documents/Codex/2026-10-02/task-4/stack5137/apps/next-app-router/next-app-router-4000/tailwind.config.ts
[error]     at Module._resolveFilename (node:internal/modules/cjs/loader:1476:15)
[error]     at wrapResolveFilename (node:internal/modules/cjs/loader:1049:27)
[error]     at resolveForCJSWithHooks (node:internal/modules/cjs/loader:1094:12)
[error]     at require.resolve (node:internal/modules/helpers:171:31)
[error]     at _resolve (/Users/zackjackson/Documents/Codex/2026-10-02/task-4/stack5137/node_modules/.pnpm/jiti@1.21.7/node_modules/jiti/dist/jiti.js:1:246378)
[error]     at jiti (/Users/zackjackson/Documents/Codex/2026-10-02/task-4/stack5137/node_modules/.pnpm/jiti@1.21.7/node_modules/jiti/dist/jiti.js:1:249092)
[error]     at /Users/zackjackson/Documents/Codex/2026-10-02/task-4/stack5137/apps/next-app-router/next-app-router-4000/tailwind.config.ts:89:13
[error]     at evalModule (/Users/zackjackson/Documents/Codex/2026-10-02/task-4/stack5137/node_modules/.pnpm/jiti@1.21.7/node_modules/jiti/dist/jiti.js:1:251913)
[error]     at jiti (/Users/zackjackson/Documents/Codex/2026-10-02/task-4/stack5137/node_modules/.pnpm/jiti@1.21.7/node_modules/jiti/dist/jiti.js:1:249841)
[error]     at /Users/zackjackson/Documents/Codex/2026-10-02/task-4/stack5137/node_modules/.pnpm/tailwindcss@3.4.13_ts-node@10.9.1_@swc+core@1.7.26_@swc+helpers@0.5.13__@types+node@20.19.5_typescript@6.0.3_/node_modules/tailwindcss/lib/lib/load-config.js:51:30
[error] apps/next-app-router/next-app-router-4000/app/route-groups/(checkout)/checkout/page.tsx: Error: Cannot find module '@tailwindcss/typography'
[error] Require stack:
[error] - /Users/zackjackson/Documents/Codex/2026-10-02/task-4/stack5137/apps/next-app-router/next-app-router-4000/tailwind.config.ts
[error]     at Module._resolveFilename (node:internal/modules/cjs/loader:1476:15)
[error]     at wrapResolveFilename (node:internal/modules/cjs/loader:1049:27)
[error]     at resolveForCJSWithHooks (node:internal/modules/cjs/loader:1094:12)
[error]     at require.resolve (node:internal/modules/helpers:171:31)
[error]     at _resolve (/Users/zackjackson/Documents/Codex/2026-10-02/task-4/stack5137/node_modules/.pnpm/jiti@1.21.7/node_modules/jiti/dist/jiti.js:1:246378)
[error]     at jiti (/Users/zackjackson/Documents/Codex/2026-10-02/task-4/stack5137/node_modules/.pnpm/jiti@1.21.7/node_modules/jiti/dist/jiti.js:1:249092)
[error]     at /Users/zackjackson/Documents/Codex/2026-10-02/task-4/stack5137/apps/next-app-router/next-app-router-4000/tailwind.config.ts:89:13
[error]     at evalModule (/Users/zackjackson/Documents/Codex/2026-10-02/task-4/stack5137/node_modules/.pnpm/jiti@1.21.7/node_modules/jiti/dist/jiti.js:1:251913)
[error]     at jiti (/Users/zackjackson/Documents/Codex/2026-10-02/task-4/stack5137/node_modules/.pnpm/jiti@1.21.7/node_modules/jiti/dist/jiti.js:1:249841)
[error]     at /Users/zackjackson/Documents/Codex/2026-10-02/task-4/stack5137/node_modules/.pnpm/tailwindcss@3.4.13_ts-node@10.9.1_@swc+core@1.7.26_@swc+helpers@0.5.13__@types+node@20.19.5_typescript@6.0.3_/node_modules/tailwindcss/lib/lib/load-config.js:51:30
[error] apps/next-app-router/next-app-router-4000/app/route-groups/(checkout)/layout.tsx: Error: Cannot find module '@tailwindcss/typography'
[error] Require stack:
[error] - /Users/zackjackson/Documents/Codex/2026-10-02/task-4/stack5137/apps/next-app-router/next-app-router-4000/tailwind.config.ts
[error]     at Module._resolveFilename (node:internal/modules/cjs/loader:1476:15)
[error]     at wrapResolveFilename (node:internal/modules/cjs/loader:1049:27)
[error]     at resolveForCJSWithHooks (node:internal/modules/cjs/loader:1094:12)
[error]     at require.resolve (node:internal/modules/helpers:171:31)
[error]     at _resolve (/Users/zackjackson/Documents/Codex/2026-10-02/task-4/stack5137/node_modules/.pnpm/jiti@1.21.7/node_modules/jiti/dist/jiti.js:1:246378)
[error]     at jiti (/Users/zackjackson/Documents/Codex/2026-10-02/task-4/stack5137/node_modules/.pnpm/jiti@1.21.7/node_modules/jiti/dist/jiti.js:1:249092)
[error]     at /Users/zackjackson/Documents/Codex/2026-10-02/task-4/stack5137/apps/next-app-router/next-app-router-4000/tailwind.config.ts:89:13
[error]     at evalModule (/Users/zackjackson/Documents/Codex/2026-10-02/task-4/stack5137/node_modules/.pnpm/jiti@1.21.7/node_modules/jiti/dist/jiti.js:1:251913)
[error]     at jiti (/Users/zackjackson/Documents/Codex/2026-10-02/task-4/stack5137/node_modules/.pnpm/jiti@1.21.7/node_modules/jiti/dist/jiti.js:1:249841)
[error]     at /Users/zackjackson/Documents/Codex/2026-10-02/task-4/stack5137/node_modules/.pnpm/tailwindcss@3.4.13_ts-node@10.9.1_@swc+core@1.7.26_@swc+helpers@0.5.13__@types+node@20.19.5_typescript@6.0.3_/node_modules/tailwindcss/lib/lib/load-config.js:51:30
[error] apps/next-app-router/next-app-router-4000/app/route-groups/(checkout)/template.tsx: Error: Cannot find module '@tailwindcss/typography'
[error] Require stack:
[error] - /Users/zackjackson/Documents/Codex/2026-10-02/task-4/stack5137/apps/next-app-router/next-app-router-4000/tailwind.config.ts
[error]     at Module._resolveFilename (node:internal/modules/cjs/loader:1476:15)
[error]     at wrapResolveFilename (node:internal/modules/cjs/loader:1049:27)
[error]     at resolveForCJSWithHooks (node:internal/modules/cjs/loader:1094:12)
[error]     at require.resolve (node:internal/modules/helpers:171:31)
[error]     at _resolve (/Users/zackjackson/Documents/Codex/2026-10-02/task-4/stack5137/node_modules/.pnpm/jiti@1.21.7/node_modules/jiti/dist/jiti.js:1:246378)
[error]     at jiti (/Users/zackjackson/Documents/Codex/2026-10-02/task-4/stack5137/node_modules/.pnpm/jiti@1.21.7/node_modules/jiti/dist/jiti.js:1:249092)
[error]     at /Users/zackjackson/Documents/Codex/2026-10-02/task-4/stack5137/apps/next-app-router/next-app-router-4000/tailwind.config.ts:89:13
[error]     at evalModule (/Users/zackjackson/Documents/Codex/2026-10-02/task-4/stack5137/node_modules/.pnpm/jiti@1.21.7/node_modules/jiti/dist/jiti.js:1:251913)
[error]     at jiti (/Users/zackjackson/Documents/Codex/2026-10-02/task-4/stack5137/node_modules/.pnpm/jiti@1.21.7/node_modules/jiti/dist/jiti.js:1:249841)
[error]     at /Users/zackjackson/Documents/Codex/2026-10-02/task-4/stack5137/node_modules/.pnpm/tailwindcss@3.4.13_ts-node@10.9.1_@swc+core@1.7.26_@swc+helpers@0.5.13__@types+node@20.19.5_typescript@6.0.3_/node_modules/tailwindcss/lib/lib/load-config.js:51:30
[error] apps/next-app-router/next-app-router-4000/app/route-groups/(main)/layout.tsx: Error: Cannot find module '@tailwindcss/typography'
[error] Require stack:
[error] - /Users/zackjackson/Documents/Codex/2026-10-02/task-4/stack5137/apps/next-app-router/next-app-router-4000/tailwind.config.ts
[error]     at Module._resolveFilename (node:internal/modules/cjs/loader:1476:15)
[error]     at wrapResolveFilename (node:internal/modules/cjs/loader:1049:27)
[error]     at resolveForCJSWithHooks (node:internal/modules/cjs/loader:1094:12)
[error]     at require.resolve (node:internal/modules/helpers:171:31)
[error]     at _resolve (/Users/zackjackson/Documents/Codex/2026-10-02/task-4/stack5137/node_modules/.pnpm/jiti@1.21.7/node_modules/jiti/dist/jiti.js:1:246378)
[error]     at jiti (/Users/zackjackson/Documents/Codex/2026-10-02/task-4/stack5137/node_modules/.pnpm/jiti@1.21.7/node_modules/jiti/dist/jiti.js:1:249092)
[error]     at /Users/zackjackson/Documents/Codex/2026-10-02/task-4/stack5137/apps/next-app-router/next-app-router-4000/tailwind.config.ts:89:13
[error]     at evalModule (/Users/zackjackson/Documents/Codex/2026-10-02/task-4/stack5137/node_modules/.pnpm/jiti@1.21.7/node_modules/jiti/dist/jiti.js:1:251913)
[error]     at jiti (/Users/zackjackson/Documents/Codex/2026-10-02/task-4/stack5137/node_modules/.pnpm/jiti@1.21.7/node_modules/jiti/dist/jiti.js:1:249841)
[error]     at /Users/zackjackson/Documents/Codex/2026-10-02/task-4/stack5137/node_modules/.pnpm/tailwindcss@3.4.13_ts-node@10.9.1_@swc+core@1.7.26_@swc+helpers@0.5.13__@types+node@20.19.5_typescript@6.0.3_/node_modules/tailwindcss/lib/lib/load-config.js:51:30
[error] apps/next-app-router/next-app-router-4000/app/route-groups/(main)/page.tsx: Error: Cannot find module '@tailwindcss/typography'
[error] Require stack:
[error] - /Users/zackjackson/Documents/Codex/2026-10-02/task-4/stack5137/apps/next-app-router/next-app-router-4000/tailwind.config.ts
[error]     at Module._resolveFilename (node:internal/modules/cjs/loader:1476:15)
[error]     at wrapResolveFilename (node:internal/modules/cjs/loader:1049:27)
[error]     at resolveForCJSWithHooks (node:internal/modules/cjs/loader:1094:12)
[error]     at require.resolve (node:internal/modules/helpers:171:31)
[error]     at _resolve (/Users/zackjackson/Documents/Codex/2026-10-02/task-4/stack5137/node_modules/.pnpm/jiti@1.21.7/node_modules/jiti/dist/jiti.js:1:246378)
[error]     at jiti (/Users/zackjackson/Documents/Codex/2026-10-02/task-4/stack5137/node_modules/.pnpm/jiti@1.21.7/node_modules/jiti/dist/jiti.js:1:249092)
[error]     at /Users/zackjackson/Documents/Codex/2026-10-02/task-4/stack5137/apps/next-app-router/next-app-router-4000/tailwind.config.ts:89:13
[error]     at evalModule (/Users/zackjackson/Documents/Codex/2026-10-02/task-4/stack5137/node_modules/.pnpm/jiti@1.21.7/node_modules/jiti/dist/jiti.js:1:251913)
[error]     at jiti (/Users/zackjackson/Documents/Codex/2026-10-02/task-4/stack5137/node_modules/.pnpm/jiti@1.21.7/node_modules/jiti/dist/jiti.js:1:249841)
[error]     at /Users/zackjackson/Documents/Codex/2026-10-02/task-4/stack5137/node_modules/.pnpm/tailwindcss@3.4.13_ts-node@10.9.1_@swc+core@1.7.26_@swc+helpers@0.5.13__@types+node@20.19.5_typescript@6.0.3_/node_modules/tailwindcss/lib/lib/load-config.js:51:30
[error] apps/next-app-router/next-app-router-4000/app/route-groups/(main)/template.tsx: Error: Cannot find module '@tailwindcss/typography'
[error] Require stack:
[error] - /Users/zackjackson/Documents/Codex/2026-10-02/task-4/stack5137/apps/next-app-router/next-app-router-4000/tailwind.config.ts
[error]     at Module._resolveFilename (node:internal/modules/cjs/loader:1476:15)
[error]     at wrapResolveFilename (node:internal/modules/cjs/loader:1049:27)
[error]     at resolveForCJSWithHooks (node:internal/modules/cjs/loader:1094:12)
[error]     at require.resolve (node:internal/modules/helpers:171:31)
[error]     at _resolve (/Users/zackjackson/Documents/Codex/2026-10-02/task-4/stack5137/node_modules/.pnpm/jiti@1.21.7/node_modules/jiti/dist/jiti.js:1:246378)
[error]     at jiti (/Users/zackjackson/Documents/Codex/2026-10-02/task-4/stack5137/node_modules/.pnpm/jiti@1.21.7/node_modules/jiti/dist/jiti.js:1:249092)
[error]     at /Users/zackjackson/Documents/Codex/2026-10-02/task-4/stack5137/apps/next-app-router/next-app-router-4000/tailwind.config.ts:89:13
[error]     at evalModule (/Users/zackjackson/Documents/Codex/2026-10-02/task-4/stack5137/node_modules/.pnpm/jiti@1.21.7/node_modules/jiti/dist/jiti.js:1:251913)
[error]     at jiti (/Users/zackjackson/Documents/Codex/2026-10-02/task-4/stack5137/node_modules/.pnpm/jiti@1.21.7/node_modules/jiti/dist/jiti.js:1:249841)
[error]     at /Users/zackjackson/Documents/Codex/2026-10-02/task-4/stack5137/node_modules/.pnpm/tailwindcss@3.4.13_ts-node@10.9.1_@swc+core@1.7.26_@swc+helpers@0.5.13__@types+node@20.19.5_typescript@6.0.3_/node_modules/tailwindcss/lib/lib/load-config.js:51:30
[error] apps/next-app-router/next-app-router-4000/app/route-groups/(marketing)/blog/page.tsx: Error: Cannot find module '@tailwindcss/typography'
[error] Require stack:
[error] - /Users/zackjackson/Documents/Codex/2026-10-02/task-4/stack5137/apps/next-app-router/next-app-router-4000/tailwind.config.ts
[error]     at Module._resolveFilename (node:internal/modules/cjs/loader:1476:15)
[error]     at wrapResolveFilename (node:internal/modules/cjs/loader:1049:27)
[error]     at resolveForCJSWithHooks (node:internal/modules/cjs/loader:1094:12)
[error]     at require.resolve (node:internal/modules/helpers:171:31)
[error]     at _resolve (/Users/zackjackson/Documents/Codex/2026-10-02/task-4/stack5137/node_modules/.pnpm/jiti@1.21.7/node_modules/jiti/dist/jiti.js:1:246378)
[error]     at jiti (/Users/zackjackson/Documents/Codex/2026-10-02/task-4/stack5137/node_modules/.pnpm/jiti@1.21.7/node_modules/jiti/dist/jiti.js:1:249092)
[error]     at /Users/zackjackson/Documents/Codex/2026-10-02/task-4/stack5137/apps/next-app-router/next-app-router-4000/tailwind.config.ts:89:13
[error]     at evalModule (/Users/zackjackson/Documents/Codex/2026-10-02/task-4/stack5137/node_modules/.pnpm/jiti@1.21.7/node_modules/jiti/dist/jiti.js:1:251913)
[error]     at jiti (/Users/zackjackson/Documents/Codex/2026-10-02/task-4/stack5137/node_modules/.pnpm/jiti@1.21.7/node_modules/jiti/dist/jiti.js:1:249841)
[error]     at /Users/zackjackson/Documents/Codex/2026-10-02/task-4/stack5137/node_modules/.pnpm/tailwindcss@3.4.13_ts-node@10.9.1_@swc+core@1.7.26_@swc+helpers@0.5.13__@types+node@20.19.5_typescript@6.0.3_/node_modules/tailwindcss/lib/lib/load-config.js:51:30
[error] apps/next-app-router/next-app-router-4000/app/route-groups/(marketing)/layout.tsx: Error: Cannot find module '@tailwindcss/typography'
[error] Require stack:
[error] - /Users/zackjackson/Documents/Codex/2026-10-02/task-4/stack5137/apps/next-app-router/next-app-router-4000/tailwind.config.ts
[error]     at Module._resolveFilename (node:internal/modules/cjs/loader:1476:15)
[error]     at wrapResolveFilename (node:internal/modules/cjs/loader:1049:27)
[error]     at resolveForCJSWithHooks (node:internal/modules/cjs/loader:1094:12)
[error]     at require.resolve (node:internal/modules/helpers:171:31)
[error]     at _resolve (/Users/zackjackson/Documents/Codex/2026-10-02/task-4/stack5137/node_modules/.pnpm/jiti@1.21.7/node_modules/jiti/dist/jiti.js:1:246378)
[error]     at jiti (/Users/zackjackson/Documents/Codex/2026-10-02/task-4/stack5137/node_modules/.pnpm/jiti@1.21.7/node_modules/jiti/dist/jiti.js:1:249092)
[error]     at /Users/zackjackson/Documents/Codex/2026-10-02/task-4/stack5137/apps/next-app-router/next-app-router-4000/tailwind.config.ts:89:13
[error]     at evalModule (/Users/zackjackson/Documents/Codex/2026-10-02/task-4/stack5137/node_modules/.pnpm/jiti@1.21.7/node_modules/jiti/dist/jiti.js:1:251913)
[error]     at jiti (/Users/zackjackson/Documents/Codex/2026-10-02/task-4/stack5137/node_modules/.pnpm/jiti@1.21.7/node_modules/jiti/dist/jiti.js:1:249841)
[error]     at /Users/zackjackson/Documents/Codex/2026-10-02/task-4/stack5137/node_modules/.pnpm/tailwindcss@3.4.13_ts-node@10.9.1_@swc+core@1.7.26_@swc+helpers@0.5.13__@types+node@20.19.5_typescript@6.0.3_/node_modules/tailwindcss/lib/lib/load-config.js:51:30
[error] apps/next-app-router/next-app-router-4000/app/route-groups/(marketing)/template.tsx: Error: Cannot find module '@tailwindcss/typography'
[error] Require stack:
[error] - /Users/zackjackson/Documents/Codex/2026-10-02/task-4/stack5137/apps/next-app-router/next-app-router-4000/tailwind.config.ts
[error]     at Module._resolveFilename (node:internal/modules/cjs/loader:1476:15)
[error]     at wrapResolveFilename (node:internal/modules/cjs/loader:1049:27)
[error]     at resolveForCJSWithHooks (node:internal/modules/cjs/loader:1094:12)
[error]     at require.resolve (node:internal/modules/helpers:171:31)
[error]     at _resolve (/Users/zackjackson/Documents/Codex/2026-10-02/task-4/stack5137/node_modules/.pnpm/jiti@1.21.7/node_modules/jiti/dist/jiti.js:1:246378)
[error]     at jiti (/Users/zackjackson/Documents/Codex/2026-10-02/task-4/stack5137/node_modules/.pnpm/jiti@1.21.7/node_modules/jiti/dist/jiti.js:1:249092)
[error]     at /Users/zackjackson/Documents/Codex/2026-10-02/task-4/stack5137/apps/next-app-router/next-app-router-4000/tailwind.config.ts:89:13
[error]     at evalModule (/Users/zackjackson/Documents/Codex/2026-10-02/task-4/stack5137/node_modules/.pnpm/jiti@1.21.7/node_modules/jiti/dist/jiti.js:1:251913)
[error]     at jiti (/Users/zackjackson/Documents/Codex/2026-10-02/task-4/stack5137/node_modules/.pnpm/jiti@1.21.7/node_modules/jiti/dist/jiti.js:1:249841)
[error]     at /Users/zackjackson/Documents/Codex/2026-10-02/task-4/stack5137/node_modules/.pnpm/tailwindcss@3.4.13_ts-node@10.9.1_@swc+core@1.7.26_@swc+helpers@0.5.13__@types+node@20.19.5_typescript@6.0.3_/node_modules/tailwindcss/lib/lib/load-config.js:51:30
[error] apps/next-app-router/next-app-router-4000/app/route-groups/(shop)/[categorySlug]/[subCategorySlug]/page.tsx: Error: Cannot find module '@tailwindcss/typography'
[error] Require stack:
[error] - /Users/zackjackson/Documents/Codex/2026-10-02/task-4/stack5137/apps/next-app-router/next-app-router-4000/tailwind.config.ts
[error]     at Module._resolveFilename (node:internal/modules/cjs/loader:1476:15)
[error]     at wrapResolveFilename (node:internal/modules/cjs/loader:1049:27)
[error]     at resolveForCJSWithHooks (node:internal/modules/cjs/loader:1094:12)
[error]     at require.resolve (node:internal/modules/helpers:171:31)
[error]     at _resolve (/Users/zackjackson/Documents/Codex/2026-10-02/task-4/stack5137/node_modules/.pnpm/jiti@1.21.7/node_modules/jiti/dist/jiti.js:1:246378)
[error]     at jiti (/Users/zackjackson/Documents/Codex/2026-10-02/task-4/stack5137/node_modules/.pnpm/jiti@1.21.7/node_modules/jiti/dist/jiti.js:1:249092)
[error]     at /Users/zackjackson/Documents/Codex/2026-10-02/task-4/stack5137/apps/next-app-router/next-app-router-4000/tailwind.config.ts:89:13
[error]     at evalModule (/Users/zackjackson/Documents/Codex/2026-10-02/task-4/stack5137/node_modules/.pnpm/jiti@1.21.7/node_modules/jiti/dist/jiti.js:1:251913)
[error]     at jiti (/Users/zackjackson/Documents/Codex/2026-10-02/task-4/stack5137/node_modules/.pnpm/jiti@1.21.7/node_modules/jiti/dist/jiti.js:1:249841)
[error]     at /Users/zackjackson/Documents/Codex/2026-10-02/task-4/stack5137/node_modules/.pnpm/tailwindcss@3.4.13_ts-node@10.9.1_@swc+core@1.7.26_@swc+helpers@0.5.13__@types+node@20.19.5_typescript@6.0.3_/node_modules/tailwindcss/lib/lib/load-config.js:51:30
[error] apps/next-app-router/next-app-router-4000/app/route-groups/(shop)/[categorySlug]/layout.tsx: Error: Cannot find module '@tailwindcss/typography'
[error] Require stack:
[error] - /Users/zackjackson/Documents/Codex/2026-10-02/task-4/stack5137/apps/next-app-router/next-app-router-4000/tailwind.config.ts
[error]     at Module._resolveFilename (node:internal/modules/cjs/loader:1476:15)
[error]     at wrapResolveFilename (node:internal/modules/cjs/loader:1049:27)
[error]     at resolveForCJSWithHooks (node:internal/modules/cjs/loader:1094:12)
[error]     at require.resolve (node:internal/modules/helpers:171:31)
[error]     at _resolve (/Users/zackjackson/Documents/Codex/2026-10-02/task-4/stack5137/node_modules/.pnpm/jiti@1.21.7/node_modules/jiti/dist/jiti.js:1:246378)
[error]     at jiti (/Users/zackjackson/Documents/Codex/2026-10-02/task-4/stack5137/node_modules/.pnpm/jiti@1.21.7/node_modules/jiti/dist/jiti.js:1:249092)
[error]     at /Users/zackjackson/Documents/Codex/2026-10-02/task-4/stack5137/apps/next-app-router/next-app-router-4000/tailwind.config.ts:89:13
[error]     at evalModule (/Users/zackjackson/Documents/Codex/2026-10-02/task-4/stack5137/node_modules/.pnpm/jiti@1.21.7/node_modules/jiti/dist/jiti.js:1:251913)
[error]     at jiti (/Users/zackjackson/Documents/Codex/2026-10-02/task-4/stack5137/node_modules/.pnpm/jiti@1.21.7/node_modules/jiti/dist/jiti.js:1:249841)
[error]     at /Users/zackjackson/Documents/Codex/2026-10-02/task-4/stack5137/node_modules/.pnpm/tailwindcss@3.4.13_ts-node@10.9.1_@swc+core@1.7.26_@swc+helpers@0.5.13__@types+node@20.19.5_typescript@6.0.3_/node_modules/tailwindcss/lib/lib/load-config.js:51:30
[error] apps/next-app-router/next-app-router-4000/app/route-groups/(shop)/[categorySlug]/page.tsx: Error: Cannot find module '@tailwindcss/typography'
[error] Require stack:
[error] - /Users/zackjackson/Documents/Codex/2026-10-02/task-4/stack5137/apps/next-app-router/next-app-router-4000/tailwind.config.ts
[error]     at Module._resolveFilename (node:internal/modules/cjs/loader:1476:15)
[error]     at wrapResolveFilename (node:internal/modules/cjs/loader:1049:27)
[error]     at resolveForCJSWithHooks (node:internal/modules/cjs/loader:1094:12)
[error]     at require.resolve (node:internal/modules/helpers:171:31)
[error]     at _resolve (/Users/zackjackson/Documents/Codex/2026-10-02/task-4/stack5137/node_modules/.pnpm/jiti@1.21.7/node_modules/jiti/dist/jiti.js:1:246378)
[error]     at jiti (/Users/zackjackson/Documents/Codex/2026-10-02/task-4/stack5137/node_modules/.pnpm/jiti@1.21.7/node_modules/jiti/dist/jiti.js:1:249092)
[error]     at /Users/zackjackson/Documents/Codex/2026-10-02/task-4/stack5137/apps/next-app-router/next-app-router-4000/tailwind.config.ts:89:13
[error]     at evalModule (/Users/zackjackson/Documents/Codex/2026-10-02/task-4/stack5137/node_modules/.pnpm/jiti@1.21.7/node_modules/jiti/dist/jiti.js:1:251913)
[error]     at jiti (/Users/zackjackson/Documents/Codex/2026-10-02/task-4/stack5137/node_modules/.pnpm/jiti@1.21.7/node_modules/jiti/dist/jiti.js:1:249841)
[error]     at /Users/zackjackson/Documents/Codex/2026-10-02/task-4/stack5137/node_modules/.pnpm/tailwindcss@3.4.13_ts-node@10.9.1_@swc+core@1.7.26_@swc+helpers@0.5.13__@types+node@20.19.5_typescript@6.0.3_/node_modules/tailwindcss/lib/lib/load-config.js:51:30
[error] apps/next-app-router/next-app-router-4000/app/route-groups/(shop)/[categorySlug]/template.tsx: Error: Cannot find module '@tailwindcss/typography'
[error] Require stack:
[error] - /Users/zackjackson/Documents/Codex/2026-10-02/task-4/stack5137/apps/next-app-router/next-app-router-4000/tailwind.config.ts
[error]     at Module._resolveFilename (node:internal/modules/cjs/loader:1476:15)
[error]     at wrapResolveFilename (node:internal/modules/cjs/loader:1049:27)
[error]     at resolveForCJSWithHooks (node:internal/modules/cjs/loader:1094:12)
[error]     at require.resolve (node:internal/modules/helpers:171:31)
[error]     at _resolve (/Users/zackjackson/Documents/Codex/2026-10-02/task-4/stack5137/node_modules/.pnpm/jiti@1.21.7/node_modules/jiti/dist/jiti.js:1:246378)
[error]     at jiti (/Users/zackjackson/Documents/Codex/2026-10-02/task-4/stack5137/node_modules/.pnpm/jiti@1.21.7/node_modules/jiti/dist/jiti.js:1:249092)
[error]     at /Users/zackjackson/Documents/Codex/2026-10-02/task-4/stack5137/apps/next-app-router/next-app-router-4000/tailwind.config.ts:89:13
[error]     at evalModule (/Users/zackjackson/Documents/Codex/2026-10-02/task-4/stack5137/node_modules/.pnpm/jiti@1.21.7/node_modules/jiti/dist/jiti.js:1:251913)
[error]     at jiti (/Users/zackjackson/Documents/Codex/2026-10-02/task-4/stack5137/node_modules/.pnpm/jiti@1.21.7/node_modules/jiti/dist/jiti.js:1:249841)
[error]     at /Users/zackjackson/Documents/Codex/2026-10-02/task-4/stack5137/node_modules/.pnpm/tailwindcss@3.4.13_ts-node@10.9.1_@swc+core@1.7.26_@swc+helpers@0.5.13__@types+node@20.19.5_typescript@6.0.3_/node_modules/tailwindcss/lib/lib/load-config.js:51:30
[error] apps/next-app-router/next-app-router-4000/app/route-groups/(shop)/layout.tsx: Error: Cannot find module '@tailwindcss/typography'
[error] Require stack:
[error] - /Users/zackjackson/Documents/Codex/2026-10-02/task-4/stack5137/apps/next-app-router/next-app-router-4000/tailwind.config.ts
[error]     at Module._resolveFilename (node:internal/modules/cjs/loader:1476:15)
[error]     at wrapResolveFilename (node:internal/modules/cjs/loader:1049:27)
[error]     at resolveForCJSWithHooks (node:internal/modules/cjs/loader:1094:12)
[error]     at require.resolve (node:internal/modules/helpers:171:31)
[error]     at _resolve (/Users/zackjackson/Documents/Codex/2026-10-02/task-4/stack5137/node_modules/.pnpm/jiti@1.21.7/node_modules/jiti/dist/jiti.js:1:246378)
[error]     at jiti (/Users/zackjackson/Documents/Codex/2026-10-02/task-4/stack5137/node_modules/.pnpm/jiti@1.21.7/node_modules/jiti/dist/jiti.js:1:249092)
[error]     at /Users/zackjackson/Documents/Codex/2026-10-02/task-4/stack5137/apps/next-app-router/next-app-router-4000/tailwind.config.ts:89:13
[error]     at evalModule (/Users/zackjackson/Documents/Codex/2026-10-02/task-4/stack5137/node_modules/.pnpm/jiti@1.21.7/node_modules/jiti/dist/jiti.js:1:251913)
[error]     at jiti (/Users/zackjackson/Documents/Codex/2026-10-02/task-4/stack5137/node_modules/.pnpm/jiti@1.21.7/node_modules/jiti/dist/jiti.js:1:249841)
[error]     at /Users/zackjackson/Documents/Codex/2026-10-02/task-4/stack5137/node_modules/.pnpm/tailwindcss@3.4.13_ts-node@10.9.1_@swc+core@1.7.26_@swc+helpers@0.5.13__@types+node@20.19.5_typescript@6.0.3_/node_modules/tailwindcss/lib/lib/load-config.js:51:30
[error] apps/next-app-router/next-app-router-4000/app/route-groups/(shop)/template.tsx: Error: Cannot find module '@tailwindcss/typography'
[error] Require stack:
[error] - /Users/zackjackson/Documents/Codex/2026-10-02/task-4/stack5137/apps/next-app-router/next-app-router-4000/tailwind.config.ts
[error]     at Module._resolveFilename (node:internal/modules/cjs/loader:1476:15)
[error]     at wrapResolveFilename (node:internal/modules/cjs/loader:1049:27)
[error]     at resolveForCJSWithHooks (node:internal/modules/cjs/loader:1094:12)
[error]     at require.resolve (node:internal/modules/helpers:171:31)
[error]     at _resolve (/Users/zackjackson/Documents/Codex/2026-10-02/task-4/stack5137/node_modules/.pnpm/jiti@1.21.7/node_modules/jiti/dist/jiti.js:1:246378)
[error]     at jiti (/Users/zackjackson/Documents/Codex/2026-10-02/task-4/stack5137/node_modules/.pnpm/jiti@1.21.7/node_modules/jiti/dist/jiti.js:1:249092)
[error]     at /Users/zackjackson/Documents/Codex/2026-10-02/task-4/stack5137/apps/next-app-router/next-app-router-4000/tailwind.config.ts:89:13
[error]     at evalModule (/Users/zackjackson/Documents/Codex/2026-10-02/task-4/stack5137/node_modules/.pnpm/jiti@1.21.7/node_modules/jiti/dist/jiti.js:1:251913)
[error]     at jiti (/Users/zackjackson/Documents/Codex/2026-10-02/task-4/stack5137/node_modules/.pnpm/jiti@1.21.7/node_modules/jiti/dist/jiti.js:1:249841)
[error]     at /Users/zackjackson/Documents/Codex/2026-10-02/task-4/stack5137/node_modules/.pnpm/tailwindcss@3.4.13_ts-node@10.9.1_@swc+core@1.7.26_@swc+helpers@0.5.13__@types+node@20.19.5_typescript@6.0.3_/node_modules/tailwindcss/lib/lib/load-config.js:51:30
[error] apps/next-app-router/next-app-router-4000/app/route-groups/layout.tsx: Error: Cannot find module '@tailwindcss/typography'
[error] Require stack:
[error] - /Users/zackjackson/Documents/Codex/2026-10-02/task-4/stack5137/apps/next-app-router/next-app-router-4000/tailwind.config.ts
[error]     at Module._resolveFilename (node:internal/modules/cjs/loader:1476:15)
[error]     at wrapResolveFilename (node:internal/modules/cjs/loader:1049:27)
[error]     at resolveForCJSWithHooks (node:internal/modules/cjs/loader:1094:12)
[error]     at require.resolve (node:internal/modules/helpers:171:31)
[error]     at _resolve (/Users/zackjackson/Documents/Codex/2026-10-02/task-4/stack5137/node_modules/.pnpm/jiti@1.21.7/node_modules/jiti/dist/jiti.js:1:246378)
[error]     at jiti (/Users/zackjackson/Documents/Codex/2026-10-02/task-4/stack5137/node_modules/.pnpm/jiti@1.21.7/node_modules/jiti/dist/jiti.js:1:249092)
[error]     at /Users/zackjackson/Documents/Codex/2026-10-02/task-4/stack5137/apps/next-app-router/next-app-router-4000/tailwind.config.ts:89:13
[error]     at evalModule (/Users/zackjackson/Documents/Codex/2026-10-02/task-4/stack5137/node_modules/.pnpm/jiti@1.21.7/node_modules/jiti/dist/jiti.js:1:251913)
[error]     at jiti (/Users/zackjackson/Documents/Codex/2026-10-02/task-4/stack5137/node_modules/.pnpm/jiti@1.21.7/node_modules/jiti/dist/jiti.js:1:249841)
[error]     at /Users/zackjackson/Documents/Codex/2026-10-02/task-4/stack5137/node_modules/.pnpm/tailwindcss@3.4.13_ts-node@10.9.1_@swc+core@1.7.26_@swc+helpers@0.5.13__@types+node@20.19.5_typescript@6.0.3_/node_modules/tailwindcss/lib/lib/load-config.js:51:30
[error] apps/next-app-router/next-app-router-4000/app/ssr/[id]/page.tsx: Error: Cannot find module '@tailwindcss/typography'
[error] Require stack:
[error] - /Users/zackjackson/Documents/Codex/2026-10-02/task-4/stack5137/apps/next-app-router/next-app-router-4000/tailwind.config.ts
[error]     at Module._resolveFilename (node:internal/modules/cjs/loader:1476:15)
[error]     at wrapResolveFilename (node:internal/modules/cjs/loader:1049:27)
[error]     at resolveForCJSWithHooks (node:internal/modules/cjs/loader:1094:12)
[error]     at require.resolve (node:internal/modules/helpers:171:31)
[error]     at _resolve (/Users/zackjackson/Documents/Codex/2026-10-02/task-4/stack5137/node_modules/.pnpm/jiti@1.21.7/node_modules/jiti/dist/jiti.js:1:246378)
[error]     at jiti (/Users/zackjackson/Documents/Codex/2026-10-02/task-4/stack5137/node_modules/.pnpm/jiti@1.21.7/node_modules/jiti/dist/jiti.js:1:249092)
[error]     at /Users/zackjackson/Documents/Codex/2026-10-02/task-4/stack5137/apps/next-app-router/next-app-router-4000/tailwind.config.ts:89:13
[error]     at evalModule (/Users/zackjackson/Documents/Codex/2026-10-02/task-4/stack5137/node_modules/.pnpm/jiti@1.21.7/node_modules/jiti/dist/jiti.js:1:251913)
[error]     at jiti (/Users/zackjackson/Documents/Codex/2026-10-02/task-4/stack5137/node_modules/.pnpm/jiti@1.21.7/node_modules/jiti/dist/jiti.js:1:249841)
[error]     at /Users/zackjackson/Documents/Codex/2026-10-02/task-4/stack5137/node_modules/.pnpm/tailwindcss@3.4.13_ts-node@10.9.1_@swc+core@1.7.26_@swc+helpers@0.5.13__@types+node@20.19.5_typescript@6.0.3_/node_modules/tailwindcss/lib/lib/load-config.js:51:30
[error] apps/next-app-router/next-app-router-4000/app/ssr/layout.tsx: Error: Cannot find module '@tailwindcss/typography'
[error] Require stack:
[error] - /Users/zackjackson/Documents/Codex/2026-10-02/task-4/stack5137/apps/next-app-router/next-app-router-4000/tailwind.config.ts
[error]     at Module._resolveFilename (node:internal/modules/cjs/loader:1476:15)
[error]     at wrapResolveFilename (node:internal/modules/cjs/loader:1049:27)
[error]     at resolveForCJSWithHooks (node:internal/modules/cjs/loader:1094:12)
[error]     at require.resolve (node:internal/modules/helpers:171:31)
[error]     at _resolve (/Users/zackjackson/Documents/Codex/2026-10-02/task-4/stack5137/node_modules/.pnpm/jiti@1.21.7/node_modules/jiti/dist/jiti.js:1:246378)
[error]     at jiti (/Users/zackjackson/Documents/Codex/2026-10-02/task-4/stack5137/node_modules/.pnpm/jiti@1.21.7/node_modules/jiti/dist/jiti.js:1:249092)
[error]     at /Users/zackjackson/Documents/Codex/2026-10-02/task-4/stack5137/apps/next-app-router/next-app-router-4000/tailwind.config.ts:89:13
[error]     at evalModule (/Users/zackjackson/Documents/Codex/2026-10-02/task-4/stack5137/node_modules/.pnpm/jiti@1.21.7/node_modules/jiti/dist/jiti.js:1:251913)
[error]     at jiti (/Users/zackjackson/Documents/Codex/2026-10-02/task-4/stack5137/node_modules/.pnpm/jiti@1.21.7/node_modules/jiti/dist/jiti.js:1:249841)
[error]     at /Users/zackjackson/Documents/Codex/2026-10-02/task-4/stack5137/node_modules/.pnpm/tailwindcss@3.4.13_ts-node@10.9.1_@swc+core@1.7.26_@swc+helpers@0.5.13__@types+node@20.19.5_typescript@6.0.3_/node_modules/tailwindcss/lib/lib/load-config.js:51:30
[error] apps/next-app-router/next-app-router-4000/app/ssr/loading.tsx: Error: Cannot find module '@tailwindcss/typography'
[error] Require stack:
[error] - /Users/zackjackson/Documents/Codex/2026-10-02/task-4/stack5137/apps/next-app-router/next-app-router-4000/tailwind.config.ts
[error]     at Module._resolveFilename (node:internal/modules/cjs/loader:1476:15)
[error]     at wrapResolveFilename (node:internal/modules/cjs/loader:1049:27)
[error]     at resolveForCJSWithHooks (node:internal/modules/cjs/loader:1094:12)
[error]     at require.resolve (node:internal/modules/helpers:171:31)
[error]     at _resolve (/Users/zackjackson/Documents/Codex/2026-10-02/task-4/stack5137/node_modules/.pnpm/jiti@1.21.7/node_modules/jiti/dist/jiti.js:1:246378)
[error]     at jiti (/Users/zackjackson/Documents/Codex/2026-10-02/task-4/stack5137/node_modules/.pnpm/jiti@1.21.7/node_modules/jiti/dist/jiti.js:1:249092)
[error]     at /Users/zackjackson/Documents/Codex/2026-10-02/task-4/stack5137/apps/next-app-router/next-app-router-4000/tailwind.config.ts:89:13
[error]     at evalModule (/Users/zackjackson/Documents/Codex/2026-10-02/task-4/stack5137/node_modules/.pnpm/jiti@1.21.7/node_modules/jiti/dist/jiti.js:1:251913)
[error]     at jiti (/Users/zackjackson/Documents/Codex/2026-10-02/task-4/stack5137/node_modules/.pnpm/jiti@1.21.7/node_modules/jiti/dist/jiti.js:1:249841)
[error]     at /Users/zackjackson/Documents/Codex/2026-10-02/task-4/stack5137/node_modules/.pnpm/tailwindcss@3.4.13_ts-node@10.9.1_@swc+core@1.7.26_@swc+helpers@0.5.13__@types+node@20.19.5_typescript@6.0.3_/node_modules/tailwindcss/lib/lib/load-config.js:51:30
[error] apps/next-app-router/next-app-router-4000/app/ssr/page.tsx: Error: Cannot find module '@tailwindcss/typography'
[error] Require stack:
[error] - /Users/zackjackson/Documents/Codex/2026-10-02/task-4/stack5137/apps/next-app-router/next-app-router-4000/tailwind.config.ts
[error]     at Module._resolveFilename (node:internal/modules/cjs/loader:1476:15)
[error]     at wrapResolveFilename (node:internal/modules/cjs/loader:1049:27)
[error]     at resolveForCJSWithHooks (node:internal/modules/cjs/loader:1094:12)
[error]     at require.resolve (node:internal/modules/helpers:171:31)
[error]     at _resolve (/Users/zackjackson/Documents/Codex/2026-10-02/task-4/stack5137/node_modules/.pnpm/jiti@1.21.7/node_modules/jiti/dist/jiti.js:1:246378)
[error]     at jiti (/Users/zackjackson/Documents/Codex/2026-10-02/task-4/stack5137/node_modules/.pnpm/jiti@1.21.7/node_modules/jiti/dist/jiti.js:1:249092)
[error]     at /Users/zackjackson/Documents/Codex/2026-10-02/task-4/stack5137/apps/next-app-router/next-app-router-4000/tailwind.config.ts:89:13
[error]     at evalModule (/Users/zackjackson/Documents/Codex/2026-10-02/task-4/stack5137/node_modules/.pnpm/jiti@1.21.7/node_modules/jiti/dist/jiti.js:1:251913)
[error]     at jiti (/Users/zackjackson/Documents/Codex/2026-10-02/task-4/stack5137/node_modules/.pnpm/jiti@1.21.7/node_modules/jiti/dist/jiti.js:1:249841)
[error]     at /Users/zackjackson/Documents/Codex/2026-10-02/task-4/stack5137/node_modules/.pnpm/tailwindcss@3.4.13_ts-node@10.9.1_@swc+core@1.7.26_@swc+helpers@0.5.13__@types+node@20.19.5_typescript@6.0.3_/node_modules/tailwindcss/lib/lib/load-config.js:51:30
[error] apps/next-app-router/next-app-router-4000/app/ssr/template.tsx: Error: Cannot find module '@tailwindcss/typography'
[error] Require stack:
[error] - /Users/zackjackson/Documents/Codex/2026-10-02/task-4/stack5137/apps/next-app-router/next-app-router-4000/tailwind.config.ts
[error]     at Module._resolveFilename (node:internal/modules/cjs/loader:1476:15)
[error]     at wrapResolveFilename (node:internal/modules/cjs/loader:1049:27)
[error]     at resolveForCJSWithHooks (node:internal/modules/cjs/loader:1094:12)
[error]     at require.resolve (node:internal/modules/helpers:171:31)
[error]     at _resolve (/Users/zackjackson/Documents/Codex/2026-10-02/task-4/stack5137/node_modules/.pnpm/jiti@1.21.7/node_modules/jiti/dist/jiti.js:1:246378)
[error]     at jiti (/Users/zackjackson/Documents/Codex/2026-10-02/task-4/stack5137/node_modules/.pnpm/jiti@1.21.7/node_modules/jiti/dist/jiti.js:1:249092)
[error]     at /Users/zackjackson/Documents/Codex/2026-10-02/task-4/stack5137/apps/next-app-router/next-app-router-4000/tailwind.config.ts:89:13
[error]     at evalModule (/Users/zackjackson/Documents/Codex/2026-10-02/task-4/stack5137/node_modules/.pnpm/jiti@1.21.7/node_modules/jiti/dist/jiti.js:1:251913)
[error]     at jiti (/Users/zackjackson/Documents/Codex/2026-10-02/task-4/stack5137/node_modules/.pnpm/jiti@1.21.7/node_modules/jiti/dist/jiti.js:1:249841)
[error]     at /Users/zackjackson/Documents/Codex/2026-10-02/task-4/stack5137/node_modules/.pnpm/tailwindcss@3.4.13_ts-node@10.9.1_@swc+core@1.7.26_@swc+helpers@0.5.13__@types+node@20.19.5_typescript@6.0.3_/node_modules/tailwindcss/lib/lib/load-config.js:51:30
[error] apps/next-app-router/next-app-router-4000/app/streaming/_components/add-to-cart.tsx: Error: Cannot find module '@tailwindcss/typography'
[error] Require stack:
[error] - /Users/zackjackson/Documents/Codex/2026-10-02/task-4/stack5137/apps/next-app-router/next-app-router-4000/tailwind.config.ts
[error]     at Module._resolveFilename (node:internal/modules/cjs/loader:1476:15)
[error]     at wrapResolveFilename (node:internal/modules/cjs/loader:1049:27)
[error]     at resolveForCJSWithHooks (node:internal/modules/cjs/loader:1094:12)
[error]     at require.resolve (node:internal/modules/helpers:171:31)
[error]     at _resolve (/Users/zackjackson/Documents/Codex/2026-10-02/task-4/stack5137/node_modules/.pnpm/jiti@1.21.7/node_modules/jiti/dist/jiti.js:1:246378)
[error]     at jiti (/Users/zackjackson/Documents/Codex/2026-10-02/task-4/stack5137/node_modules/.pnpm/jiti@1.21.7/node_modules/jiti/dist/jiti.js:1:249092)
[error]     at /Users/zackjackson/Documents/Codex/2026-10-02/task-4/stack5137/apps/next-app-router/next-app-router-4000/tailwind.config.ts:89:13
[error]     at evalModule (/Users/zackjackson/Documents/Codex/2026-10-02/task-4/stack5137/node_modules/.pnpm/jiti@1.21.7/node_modules/jiti/dist/jiti.js:1:251913)
[error]     at jiti (/Users/zackjackson/Documents/Codex/2026-10-02/task-4/stack5137/node_modules/.pnpm/jiti@1.21.7/node_modules/jiti/dist/jiti.js:1:249841)
[error]     at /Users/zackjackson/Documents/Codex/2026-10-02/task-4/stack5137/node_modules/.pnpm/tailwindcss@3.4.13_ts-node@10.9.1_@swc+core@1.7.26_@swc+helpers@0.5.13__@types+node@20.19.5_typescript@6.0.3_/node_modules/tailwindcss/lib/lib/load-config.js:51:30
[error] apps/next-app-router/next-app-router-4000/app/streaming/_components/cart-count-context.tsx: Error: Cannot find module '@tailwindcss/typography'
[error] Require stack:
[error] - /Users/zackjackson/Documents/Codex/2026-10-02/task-4/stack5137/apps/next-app-router/next-app-router-4000/tailwind.config.ts
[error]     at Module._resolveFilename (node:internal/modules/cjs/loader:1476:15)
[error]     at wrapResolveFilename (node:internal/modules/cjs/loader:1049:27)
[error]     at resolveForCJSWithHooks (node:internal/modules/cjs/loader:1094:12)
[error]     at require.resolve (node:internal/modules/helpers:171:31)
[error]     at _resolve (/Users/zackjackson/Documents/Codex/2026-10-02/task-4/stack5137/node_modules/.pnpm/jiti@1.21.7/node_modules/jiti/dist/jiti.js:1:246378)
[error]     at jiti (/Users/zackjackson/Documents/Codex/2026-10-02/task-4/stack5137/node_modules/.pnpm/jiti@1.21.7/node_modules/jiti/dist/jiti.js:1:249092)
[error]     at /Users/zackjackson/Documents/Codex/2026-10-02/task-4/stack5137/apps/next-app-router/next-app-router-4000/tailwind.config.ts:89:13
[error]     at evalModule (/Users/zackjackson/Documents/Codex/2026-10-02/task-4/stack5137/node_modules/.pnpm/jiti@1.21.7/node_modules/jiti/dist/jiti.js:1:251913)
[error]     at jiti (/Users/zackjackson/Documents/Codex/2026-10-02/task-4/stack5137/node_modules/.pnpm/jiti@1.21.7/node_modules/jiti/dist/jiti.js:1:249841)
[error]     at /Users/zackjackson/Documents/Codex/2026-10-02/task-4/stack5137/node_modules/.pnpm/tailwindcss@3.4.13_ts-node@10.9.1_@swc+core@1.7.26_@swc+helpers@0.5.13__@types+node@20.19.5_typescript@6.0.3_/node_modules/tailwindcss/lib/lib/load-config.js:51:30
[error] apps/next-app-router/next-app-router-4000/app/streaming/_components/cart-count.tsx: Error: Cannot find module '@tailwindcss/typography'
[error] Require stack:
[error] - /Users/zackjackson/Documents/Codex/2026-10-02/task-4/stack5137/apps/next-app-router/next-app-router-4000/tailwind.config.ts
[error]     at Module._resolveFilename (node:internal/modules/cjs/loader:1476:15)
[error]     at wrapResolveFilename (node:internal/modules/cjs/loader:1049:27)
[error]     at resolveForCJSWithHooks (node:internal/modules/cjs/loader:1094:12)
[error]     at require.resolve (node:internal/modules/helpers:171:31)
[error]     at _resolve (/Users/zackjackson/Documents/Codex/2026-10-02/task-4/stack5137/node_modules/.pnpm/jiti@1.21.7/node_modules/jiti/dist/jiti.js:1:246378)
[error]     at jiti (/Users/zackjackson/Documents/Codex/2026-10-02/task-4/stack5137/node_modules/.pnpm/jiti@1.21.7/node_modules/jiti/dist/jiti.js:1:249092)
[error]     at /Users/zackjackson/Documents/Codex/2026-10-02/task-4/stack5137/apps/next-app-router/next-app-router-4000/tailwind.config.ts:89:13
[error]     at evalModule (/Users/zackjackson/Documents/Codex/2026-10-02/task-4/stack5137/node_modules/.pnpm/jiti@1.21.7/node_modules/jiti/dist/jiti.js:1:251913)
[error]     at jiti (/Users/zackjackson/Documents/Codex/2026-10-02/task-4/stack5137/node_modules/.pnpm/jiti@1.21.7/node_modules/jiti/dist/jiti.js:1:249841)
[error]     at /Users/zackjackson/Documents/Codex/2026-10-02/task-4/stack5137/node_modules/.pnpm/tailwindcss@3.4.13_ts-node@10.9.1_@swc+core@1.7.26_@swc+helpers@0.5.13__@types+node@20.19.5_typescript@6.0.3_/node_modules/tailwindcss/lib/lib/load-config.js:51:30
[error] apps/next-app-router/next-app-router-4000/app/streaming/_components/header.tsx: Error: Cannot find module '@tailwindcss/typography'
[error] Require stack:
[error] - /Users/zackjackson/Documents/Codex/2026-10-02/task-4/stack5137/apps/next-app-router/next-app-router-4000/tailwind.config.ts
[error]     at Module._resolveFilename (node:internal/modules/cjs/loader:1476:15)
[error]     at wrapResolveFilename (node:internal/modules/cjs/loader:1049:27)
[error]     at resolveForCJSWithHooks (node:internal/modules/cjs/loader:1094:12)
[error]     at require.resolve (node:internal/modules/helpers:171:31)
[error]     at _resolve (/Users/zackjackson/Documents/Codex/2026-10-02/task-4/stack5137/node_modules/.pnpm/jiti@1.21.7/node_modules/jiti/dist/jiti.js:1:246378)
[error]     at jiti (/Users/zackjackson/Documents/Codex/2026-10-02/task-4/stack5137/node_modules/.pnpm/jiti@1.21.7/node_modules/jiti/dist/jiti.js:1:249092)
[error]     at /Users/zackjackson/Documents/Codex/2026-10-02/task-4/stack5137/apps/next-app-router/next-app-router-4000/tailwind.config.ts:89:13
[error]     at evalModule (/Users/zackjackson/Documents/Codex/2026-10-02/task-4/stack5137/node_modules/.pnpm/jiti@1.21.7/node_modules/jiti/dist/jiti.js:1:251913)
[error]     at jiti (/Users/zackjackson/Documents/Codex/2026-10-02/task-4/stack5137/node_modules/.pnpm/jiti@1.21.7/node_modules/jiti/dist/jiti.js:1:249841)
[error]     at /Users/zackjackson/Documents/Codex/2026-10-02/task-4/stack5137/node_modules/.pnpm/tailwindcss@3.4.13_ts-node@10.9.1_@swc+core@1.7.26_@swc+helpers@0.5.13__@types+node@20.19.5_typescript@6.0.3_/node_modules/tailwindcss/lib/lib/load-config.js:51:30
[error] apps/next-app-router/next-app-router-4000/app/streaming/_components/pricing.tsx: Error: Cannot find module '@tailwindcss/typography'
[error] Require stack:
[error] - /Users/zackjackson/Documents/Codex/2026-10-02/task-4/stack5137/apps/next-app-router/next-app-router-4000/tailwind.config.ts
[error]     at Module._resolveFilename (node:internal/modules/cjs/loader:1476:15)
[error]     at wrapResolveFilename (node:internal/modules/cjs/loader:1049:27)
[error]     at resolveForCJSWithHooks (node:internal/modules/cjs/loader:1094:12)
[error]     at require.resolve (node:internal/modules/helpers:171:31)
[error]     at _resolve (/Users/zackjackson/Documents/Codex/2026-10-02/task-4/stack5137/node_modules/.pnpm/jiti@1.21.7/node_modules/jiti/dist/jiti.js:1:246378)
[error]     at jiti (/Users/zackjackson/Documents/Codex/2026-10-02/task-4/stack5137/node_modules/.pnpm/jiti@1.21.7/node_modules/jiti/dist/jiti.js:1:249092)
[error]     at /Users/zackjackson/Documents/Codex/2026-10-02/task-4/stack5137/apps/next-app-router/next-app-router-4000/tailwind.config.ts:89:13
[error]     at evalModule (/Users/zackjackson/Documents/Codex/2026-10-02/task-4/stack5137/node_modules/.pnpm/jiti@1.21.7/node_modules/jiti/dist/jiti.js:1:251913)
[error]     at jiti (/Users/zackjackson/Documents/Codex/2026-10-02/task-4/stack5137/node_modules/.pnpm/jiti@1.21.7/node_modules/jiti/dist/jiti.js:1:249841)
[error]     at /Users/zackjackson/Documents/Codex/2026-10-02/task-4/stack5137/node_modules/.pnpm/tailwindcss@3.4.13_ts-node@10.9.1_@swc+core@1.7.26_@swc+helpers@0.5.13__@types+node@20.19.5_typescript@6.0.3_/node_modules/tailwindcss/lib/lib/load-config.js:51:30
[error] apps/next-app-router/next-app-router-4000/app/streaming/_components/recommended-products.tsx: Error: Cannot find module '@tailwindcss/typography'
[error] Require stack:
[error] - /Users/zackjackson/Documents/Codex/2026-10-02/task-4/stack5137/apps/next-app-router/next-app-router-4000/tailwind.config.ts
[error]     at Module._resolveFilename (node:internal/modules/cjs/loader:1476:15)
[error]     at wrapResolveFilename (node:internal/modules/cjs/loader:1049:27)
[error]     at resolveForCJSWithHooks (node:internal/modules/cjs/loader:1094:12)
[error]     at require.resolve (node:internal/modules/helpers:171:31)
[error]     at _resolve (/Users/zackjackson/Documents/Codex/2026-10-02/task-4/stack5137/node_modules/.pnpm/jiti@1.21.7/node_modules/jiti/dist/jiti.js:1:246378)
[error]     at jiti (/Users/zackjackson/Documents/Codex/2026-10-02/task-4/stack5137/node_modules/.pnpm/jiti@1.21.7/node_modules/jiti/dist/jiti.js:1:249092)
[error]     at /Users/zackjackson/Documents/Codex/2026-10-02/task-4/stack5137/apps/next-app-router/next-app-router-4000/tailwind.config.ts:89:13
[error]     at evalModule (/Users/zackjackson/Documents/Codex/2026-10-02/task-4/stack5137/node_modules/.pnpm/jiti@1.21.7/node_modules/jiti/dist/jiti.js:1:251913)
[error]     at jiti (/Users/zackjackson/Documents/Codex/2026-10-02/task-4/stack5137/node_modules/.pnpm/jiti@1.21.7/node_modules/jiti/dist/jiti.js:1:249841)
[error]     at /Users/zackjackson/Documents/Codex/2026-10-02/task-4/stack5137/node_modules/.pnpm/tailwindcss@3.4.13_ts-node@10.9.1_@swc+core@1.7.26_@swc+helpers@0.5.13__@types+node@20.19.5_typescript@6.0.3_/node_modules/tailwindcss/lib/lib/load-config.js:51:30
[error] apps/next-app-router/next-app-router-4000/app/streaming/_components/reviews.tsx: Error: Cannot find module '@tailwindcss/typography'
[error] Require stack:
[error] - /Users/zackjackson/Documents/Codex/2026-10-02/task-4/stack5137/apps/next-app-router/next-app-router-4000/tailwind.config.ts
[error]     at Module._resolveFilename (node:internal/modules/cjs/loader:1476:15)
[error]     at wrapResolveFilename (node:internal/modules/cjs/loader:1049:27)
[error]     at resolveForCJSWithHooks (node:internal/modules/cjs/loader:1094:12)
[error]     at require.resolve (node:internal/modules/helpers:171:31)
[error]     at _resolve (/Users/zackjackson/Documents/Codex/2026-10-02/task-4/stack5137/node_modules/.pnpm/jiti@1.21.7/node_modules/jiti/dist/jiti.js:1:246378)
[error]     at jiti (/Users/zackjackson/Documents/Codex/2026-10-02/task-4/stack5137/node_modules/.pnpm/jiti@1.21.7/node_modules/jiti/dist/jiti.js:1:249092)
[error]     at /Users/zackjackson/Documents/Codex/2026-10-02/task-4/stack5137/apps/next-app-router/next-app-router-4000/tailwind.config.ts:89:13
[error]     at evalModule (/Users/zackjackson/Documents/Codex/2026-10-02/task-4/stack5137/node_modules/.pnpm/jiti@1.21.7/node_modules/jiti/dist/jiti.js:1:251913)
[error]     at jiti (/Users/zackjackson/Documents/Codex/2026-10-02/task-4/stack5137/node_modules/.pnpm/jiti@1.21.7/node_modules/jiti/dist/jiti.js:1:249841)
[error]     at /Users/zackjackson/Documents/Codex/2026-10-02/task-4/stack5137/node_modules/.pnpm/tailwindcss@3.4.13_ts-node@10.9.1_@swc+core@1.7.26_@swc+helpers@0.5.13__@types+node@20.19.5_typescript@6.0.3_/node_modules/tailwindcss/lib/lib/load-config.js:51:30
[error] apps/next-app-router/next-app-router-4000/app/streaming/_components/single-product.tsx: Error: Cannot find module '@tailwindcss/typography'
[error] Require stack:
[error] - /Users/zackjackson/Documents/Codex/2026-10-02/task-4/stack5137/apps/next-app-router/next-app-router-4000/tailwind.config.ts
[error]     at Module._resolveFilename (node:internal/modules/cjs/loader:1476:15)
[error]     at wrapResolveFilename (node:internal/modules/cjs/loader:1049:27)
[error]     at resolveForCJSWithHooks (node:internal/modules/cjs/loader:1094:12)
[error]     at require.resolve (node:internal/modules/helpers:171:31)
[error]     at _resolve (/Users/zackjackson/Documents/Codex/2026-10-02/task-4/stack5137/node_modules/.pnpm/jiti@1.21.7/node_modules/jiti/dist/jiti.js:1:246378)
[error]     at jiti (/Users/zackjackson/Documents/Codex/2026-10-02/task-4/stack5137/node_modules/.pnpm/jiti@1.21.7/node_modules/jiti/dist/jiti.js:1:249092)
[error]     at /Users/zackjackson/Documents/Codex/2026-10-02/task-4/stack5137/apps/next-app-router/next-app-router-4000/tailwind.config.ts:89:13
[error]     at evalModule (/Users/zackjackson/Documents/Codex/2026-10-02/task-4/stack5137/node_modules/.pnpm/jiti@1.21.7/node_modules/jiti/dist/jiti.js:1:251913)
[error]     at jiti (/Users/zackjackson/Documents/Codex/2026-10-02/task-4/stack5137/node_modules/.pnpm/jiti@1.21.7/node_modules/jiti/dist/jiti.js:1:249841)
[error]     at /Users/zackjackson/Documents/Codex/2026-10-02/task-4/stack5137/node_modules/.pnpm/tailwindcss@3.4.13_ts-node@10.9.1_@swc+core@1.7.26_@swc+helpers@0.5.13__@types+node@20.19.5_typescript@6.0.3_/node_modules/tailwindcss/lib/lib/load-config.js:51:30
[error] apps/next-app-router/next-app-router-4000/app/streaming/edge/layout.tsx: Error: Cannot find module '@tailwindcss/typography'
[error] Require stack:
[error] - /Users/zackjackson/Documents/Codex/2026-10-02/task-4/stack5137/apps/next-app-router/next-app-router-4000/tailwind.config.ts
[error]     at Module._resolveFilename (node:internal/modules/cjs/loader:1476:15)
[error]     at wrapResolveFilename (node:internal/modules/cjs/loader:1049:27)
[error]     at resolveForCJSWithHooks (node:internal/modules/cjs/loader:1094:12)
[error]     at require.resolve (node:internal/modules/helpers:171:31)
[error]     at _resolve (/Users/zackjackson/Documents/Codex/2026-10-02/task-4/stack5137/node_modules/.pnpm/jiti@1.21.7/node_modules/jiti/dist/jiti.js:1:246378)
[error]     at jiti (/Users/zackjackson/Documents/Codex/2026-10-02/task-4/stack5137/node_modules/.pnpm/jiti@1.21.7/node_modules/jiti/dist/jiti.js:1:249092)
[error]     at /Users/zackjackson/Documents/Codex/2026-10-02/task-4/stack5137/apps/next-app-router/next-app-router-4000/tailwind.config.ts:89:13
[error]     at evalModule (/Users/zackjackson/Documents/Codex/2026-10-02/task-4/stack5137/node_modules/.pnpm/jiti@1.21.7/node_modules/jiti/dist/jiti.js:1:251913)
[error]     at jiti (/Users/zackjackson/Documents/Codex/2026-10-02/task-4/stack5137/node_modules/.pnpm/jiti@1.21.7/node_modules/jiti/dist/jiti.js:1:249841)
[error]     at /Users/zackjackson/Documents/Codex/2026-10-02/task-4/stack5137/node_modules/.pnpm/tailwindcss@3.4.13_ts-node@10.9.1_@swc+core@1.7.26_@swc+helpers@0.5.13__@types+node@20.19.5_typescript@6.0.3_/node_modules/tailwindcss/lib/lib/load-config.js:51:30
[error] apps/next-app-router/next-app-router-4000/app/streaming/edge/product/[id]/page.tsx: Error: Cannot find module '@tailwindcss/typography'
[error] Require stack:
[error] - /Users/zackjackson/Documents/Codex/2026-10-02/task-4/stack5137/apps/next-app-router/next-app-router-4000/tailwind.config.ts
[error]     at Module._resolveFilename (node:internal/modules/cjs/loader:1476:15)
[error]     at wrapResolveFilename (node:internal/modules/cjs/loader:1049:27)
[error]     at resolveForCJSWithHooks (node:internal/modules/cjs/loader:1094:12)
[error]     at require.resolve (node:internal/modules/helpers:171:31)
[error]     at _resolve (/Users/zackjackson/Documents/Codex/2026-10-02/task-4/stack5137/node_modules/.pnpm/jiti@1.21.7/node_modules/jiti/dist/jiti.js:1:246378)
[error]     at jiti (/Users/zackjackson/Documents/Codex/2026-10-02/task-4/stack5137/node_modules/.pnpm/jiti@1.21.7/node_modules/jiti/dist/jiti.js:1:249092)
[error]     at /Users/zackjackson/Documents/Codex/2026-10-02/task-4/stack5137/apps/next-app-router/next-app-router-4000/tailwind.config.ts:89:13
[error]     at evalModule (/Users/zackjackson/Documents/Codex/2026-10-02/task-4/stack5137/node_modules/.pnpm/jiti@1.21.7/node_modules/jiti/dist/jiti.js:1:251913)
[error]     at jiti (/Users/zackjackson/Documents/Codex/2026-10-02/task-4/stack5137/node_modules/.pnpm/jiti@1.21.7/node_modules/jiti/dist/jiti.js:1:249841)
[error]     at /Users/zackjackson/Documents/Codex/2026-10-02/task-4/stack5137/node_modules/.pnpm/tailwindcss@3.4.13_ts-node@10.9.1_@swc+core@1.7.26_@swc+helpers@0.5.13__@types+node@20.19.5_typescript@6.0.3_/node_modules/tailwindcss/lib/lib/load-config.js:51:30
[error] apps/next-app-router/next-app-router-4000/app/streaming/layout.tsx: Error: Cannot find module '@tailwindcss/typography'
[error] Require stack:
[error] - /Users/zackjackson/Documents/Codex/2026-10-02/task-4/stack5137/apps/next-app-router/next-app-router-4000/tailwind.config.ts
[error]     at Module._resolveFilename (node:internal/modules/cjs/loader:1476:15)
[error]     at wrapResolveFilename (node:internal/modules/cjs/loader:1049:27)
[error]     at resolveForCJSWithHooks (node:internal/modules/cjs/loader:1094:12)
[error]     at require.resolve (node:internal/modules/helpers:171:31)
[error]     at _resolve (/Users/zackjackson/Documents/Codex/2026-10-02/task-4/stack5137/node_modules/.pnpm/jiti@1.21.7/node_modules/jiti/dist/jiti.js:1:246378)
[error]     at jiti (/Users/zackjackson/Documents/Codex/2026-10-02/task-4/stack5137/node_modules/.pnpm/jiti@1.21.7/node_modules/jiti/dist/jiti.js:1:249092)
[error]     at /Users/zackjackson/Documents/Codex/2026-10-02/task-4/stack5137/apps/next-app-router/next-app-router-4000/tailwind.config.ts:89:13
[error]     at evalModule (/Users/zackjackson/Documents/Codex/2026-10-02/task-4/stack5137/node_modules/.pnpm/jiti@1.21.7/node_modules/jiti/dist/jiti.js:1:251913)
[error]     at jiti (/Users/zackjackson/Documents/Codex/2026-10-02/task-4/stack5137/node_modules/.pnpm/jiti@1.21.7/node_modules/jiti/dist/jiti.js:1:249841)
[error]     at /Users/zackjackson/Documents/Codex/2026-10-02/task-4/stack5137/node_modules/.pnpm/tailwindcss@3.4.13_ts-node@10.9.1_@swc+core@1.7.26_@swc+helpers@0.5.13__@types+node@20.19.5_typescript@6.0.3_/node_modules/tailwindcss/lib/lib/load-config.js:51:30
[error] apps/next-app-router/next-app-router-4000/app/streaming/node/layout.tsx: Error: Cannot find module '@tailwindcss/typography'
[error] Require stack:
[error] - /Users/zackjackson/Documents/Codex/2026-10-02/task-4/stack5137/apps/next-app-router/next-app-router-4000/tailwind.config.ts
[error]     at Module._resolveFilename (node:internal/modules/cjs/loader:1476:15)
[error]     at wrapResolveFilename (node:internal/modules/cjs/loader:1049:27)
[error]     at resolveForCJSWithHooks (node:internal/modules/cjs/loader:1094:12)
[error]     at require.resolve (node:internal/modules/helpers:171:31)
[error]     at _resolve (/Users/zackjackson/Documents/Codex/2026-10-02/task-4/stack5137/node_modules/.pnpm/jiti@1.21.7/node_modules/jiti/dist/jiti.js:1:246378)
[error]     at jiti (/Users/zackjackson/Documents/Codex/2026-10-02/task-4/stack5137/node_modules/.pnpm/jiti@1.21.7/node_modules/jiti/dist/jiti.js:1:249092)
[error]     at /Users/zackjackson/Documents/Codex/2026-10-02/task-4/stack5137/apps/next-app-router/next-app-router-4000/tailwind.config.ts:89:13
[error]     at evalModule (/Users/zackjackson/Documents/Codex/2026-10-02/task-4/stack5137/node_modules/.pnpm/jiti@1.21.7/node_modules/jiti/dist/jiti.js:1:251913)
[error]     at jiti (/Users/zackjackson/Documents/Codex/2026-10-02/task-4/stack5137/node_modules/.pnpm/jiti@1.21.7/node_modules/jiti/dist/jiti.js:1:249841)
[error]     at /Users/zackjackson/Documents/Codex/2026-10-02/task-4/stack5137/node_modules/.pnpm/tailwindcss@3.4.13_ts-node@10.9.1_@swc+core@1.7.26_@swc+helpers@0.5.13__@types+node@20.19.5_typescript@6.0.3_/node_modules/tailwindcss/lib/lib/load-config.js:51:30
[error] apps/next-app-router/next-app-router-4000/app/streaming/node/product/[id]/page.tsx: Error: Cannot find module '@tailwindcss/typography'
[error] Require stack:
[error] - /Users/zackjackson/Documents/Codex/2026-10-02/task-4/stack5137/apps/next-app-router/next-app-router-4000/tailwind.config.ts
[error]     at Module._resolveFilename (node:internal/modules/cjs/loader:1476:15)
[error]     at wrapResolveFilename (node:internal/modules/cjs/loader:1049:27)
[error]     at resolveForCJSWithHooks (node:internal/modules/cjs/loader:1094:12)
[error]     at require.resolve (node:internal/modules/helpers:171:31)
[error]     at _resolve (/Users/zackjackson/Documents/Codex/2026-10-02/task-4/stack5137/node_modules/.pnpm/jiti@1.21.7/node_modules/jiti/dist/jiti.js:1:246378)
[error]     at jiti (/Users/zackjackson/Documents/Codex/2026-10-02/task-4/stack5137/node_modules/.pnpm/jiti@1.21.7/node_modules/jiti/dist/jiti.js:1:249092)
[error]     at /Users/zackjackson/Documents/Codex/2026-10-02/task-4/stack5137/apps/next-app-router/next-app-router-4000/tailwind.config.ts:89:13
[error]     at evalModule (/Users/zackjackson/Documents/Codex/2026-10-02/task-4/stack5137/node_modules/.pnpm/jiti@1.21.7/node_modules/jiti/dist/jiti.js:1:251913)
[error]     at jiti (/Users/zackjackson/Documents/Codex/2026-10-02/task-4/stack5137/node_modules/.pnpm/jiti@1.21.7/node_modules/jiti/dist/jiti.js:1:249841)
[error]     at /Users/zackjackson/Documents/Codex/2026-10-02/task-4/stack5137/node_modules/.pnpm/tailwindcss@3.4.13_ts-node@10.9.1_@swc+core@1.7.26_@swc+helpers@0.5.13__@types+node@20.19.5_typescript@6.0.3_/node_modules/tailwindcss/lib/lib/load-config.js:51:30
[error] apps/next-app-router/next-app-router-4000/app/streaming/page.tsx: Error: Cannot find module '@tailwindcss/typography'
[error] Require stack:
[error] - /Users/zackjackson/Documents/Codex/2026-10-02/task-4/stack5137/apps/next-app-router/next-app-router-4000/tailwind.config.ts
[error]     at Module._resolveFilename (node:internal/modules/cjs/loader:1476:15)
[error]     at wrapResolveFilename (node:internal/modules/cjs/loader:1049:27)
[error]     at resolveForCJSWithHooks (node:internal/modules/cjs/loader:1094:12)
[error]     at require.resolve (node:internal/modules/helpers:171:31)
[error]     at _resolve (/Users/zackjackson/Documents/Codex/2026-10-02/task-4/stack5137/node_modules/.pnpm/jiti@1.21.7/node_modules/jiti/dist/jiti.js:1:246378)
[error]     at jiti (/Users/zackjackson/Documents/Codex/2026-10-02/task-4/stack5137/node_modules/.pnpm/jiti@1.21.7/node_modules/jiti/dist/jiti.js:1:249092)
[error]     at /Users/zackjackson/Documents/Codex/2026-10-02/task-4/stack5137/apps/next-app-router/next-app-router-4000/tailwind.config.ts:89:13
[error]     at evalModule (/Users/zackjackson/Documents/Codex/2026-10-02/task-4/stack5137/node_modules/.pnpm/jiti@1.21.7/node_modules/jiti/dist/jiti.js:1:251913)
[error]     at jiti (/Users/zackjackson/Documents/Codex/2026-10-02/task-4/stack5137/node_modules/.pnpm/jiti@1.21.7/node_modules/jiti/dist/jiti.js:1:249841)
[error]     at /Users/zackjackson/Documents/Codex/2026-10-02/task-4/stack5137/node_modules/.pnpm/tailwindcss@3.4.13_ts-node@10.9.1_@swc+core@1.7.26_@swc+helpers@0.5.13__@types+node@20.19.5_typescript@6.0.3_/node_modules/tailwindcss/lib/lib/load-config.js:51:30
[error] apps/next-app-router/next-app-router-4000/app/styling/css-modules/page.tsx: Error: Cannot find module '@tailwindcss/typography'
[error] Require stack:
[error] - /Users/zackjackson/Documents/Codex/2026-10-02/task-4/stack5137/apps/next-app-router/next-app-router-4000/tailwind.config.ts
[error]     at Module._resolveFilename (node:internal/modules/cjs/loader:1476:15)
[error]     at wrapResolveFilename (node:internal/modules/cjs/loader:1049:27)
[error]     at resolveForCJSWithHooks (node:internal/modules/cjs/loader:1094:12)
[error]     at require.resolve (node:internal/modules/helpers:171:31)
[error]     at _resolve (/Users/zackjackson/Documents/Codex/2026-10-02/task-4/stack5137/node_modules/.pnpm/jiti@1.21.7/node_modules/jiti/dist/jiti.js:1:246378)
[error]     at jiti (/Users/zackjackson/Documents/Codex/2026-10-02/task-4/stack5137/node_modules/.pnpm/jiti@1.21.7/node_modules/jiti/dist/jiti.js:1:249092)
[error]     at /Users/zackjackson/Documents/Codex/2026-10-02/task-4/stack5137/apps/next-app-router/next-app-router-4000/tailwind.config.ts:89:13
[error]     at evalModule (/Users/zackjackson/Documents/Codex/2026-10-02/task-4/stack5137/node_modules/.pnpm/jiti@1.21.7/node_modules/jiti/dist/jiti.js:1:251913)
[error]     at jiti (/Users/zackjackson/Documents/Codex/2026-10-02/task-4/stack5137/node_modules/.pnpm/jiti@1.21.7/node_modules/jiti/dist/jiti.js:1:249841)
[error]     at /Users/zackjackson/Documents/Codex/2026-10-02/task-4/stack5137/node_modules/.pnpm/tailwindcss@3.4.13_ts-node@10.9.1_@swc+core@1.7.26_@swc+helpers@0.5.13__@types+node@20.19.5_typescript@6.0.3_/node_modules/tailwindcss/lib/lib/load-config.js:51:30
[error] apps/next-app-router/next-app-router-4000/app/styling/css-modules/styles.module.css: Error: Cannot find module '@tailwindcss/typography'
[error] Require stack:
[error] - /Users/zackjackson/Documents/Codex/2026-10-02/task-4/stack5137/apps/next-app-router/next-app-router-4000/tailwind.config.ts
[error]     at Module._resolveFilename (node:internal/modules/cjs/loader:1476:15)
[error]     at wrapResolveFilename (node:internal/modules/cjs/loader:1049:27)
[error]     at resolveForCJSWithHooks (node:internal/modules/cjs/loader:1094:12)
[error]     at require.resolve (node:internal/modules/helpers:171:31)
[error]     at _resolve (/Users/zackjackson/Documents/Codex/2026-10-02/task-4/stack5137/node_modules/.pnpm/jiti@1.21.7/node_modules/jiti/dist/jiti.js:1:246378)
[error]     at jiti (/Users/zackjackson/Documents/Codex/2026-10-02/task-4/stack5137/node_modules/.pnpm/jiti@1.21.7/node_modules/jiti/dist/jiti.js:1:249092)
[error]     at /Users/zackjackson/Documents/Codex/2026-10-02/task-4/stack5137/apps/next-app-router/next-app-router-4000/tailwind.config.ts:89:13
[error]     at evalModule (/Users/zackjackson/Documents/Codex/2026-10-02/task-4/stack5137/node_modules/.pnpm/jiti@1.21.7/node_modules/jiti/dist/jiti.js:1:251913)
[error]     at jiti (/Users/zackjackson/Documents/Codex/2026-10-02/task-4/stack5137/node_modules/.pnpm/jiti@1.21.7/node_modules/jiti/dist/jiti.js:1:249841)
[error]     at /Users/zackjackson/Documents/Codex/2026-10-02/task-4/stack5137/node_modules/.pnpm/tailwindcss@3.4.13_ts-node@10.9.1_@swc+core@1.7.26_@swc+helpers@0.5.13__@types+node@20.19.5_typescript@6.0.3_/node_modules/tailwindcss/lib/lib/load-config.js:51:30
[error] apps/next-app-router/next-app-router-4000/app/styling/global-css/page.tsx: Error: Cannot find module '@tailwindcss/typography'
[error] Require stack:
[error] - /Users/zackjackson/Documents/Codex/2026-10-02/task-4/stack5137/apps/next-app-router/next-app-router-4000/tailwind.config.ts
[error]     at Module._resolveFilename (node:internal/modules/cjs/loader:1476:15)
[error]     at wrapResolveFilename (node:internal/modules/cjs/loader:1049:27)
[error]     at resolveForCJSWithHooks (node:internal/modules/cjs/loader:1094:12)
[error]     at require.resolve (node:internal/modules/helpers:171:31)
[error]     at _resolve (/Users/zackjackson/Documents/Codex/2026-10-02/task-4/stack5137/node_modules/.pnpm/jiti@1.21.7/node_modules/jiti/dist/jiti.js:1:246378)
[error]     at jiti (/Users/zackjackson/Documents/Codex/2026-10-02/task-4/stack5137/node_modules/.pnpm/jiti@1.21.7/node_modules/jiti/dist/jiti.js:1:249092)
[error]     at /Users/zackjackson/Documents/Codex/2026-10-02/task-4/stack5137/apps/next-app-router/next-app-router-4000/tailwind.config.ts:89:13
[error]     at evalModule (/Users/zackjackson/Documents/Codex/2026-10-02/task-4/stack5137/node_modules/.pnpm/jiti@1.21.7/node_modules/jiti/dist/jiti.js:1:251913)
[error]     at jiti (/Users/zackjackson/Documents/Codex/2026-10-02/task-4/stack5137/node_modules/.pnpm/jiti@1.21.7/node_modules/jiti/dist/jiti.js:1:249841)
[error]     at /Users/zackjackson/Documents/Codex/2026-10-02/task-4/stack5137/node_modules/.pnpm/tailwindcss@3.4.13_ts-node@10.9.1_@swc+core@1.7.26_@swc+helpers@0.5.13__@types+node@20.19.5_typescript@6.0.3_/node_modules/tailwindcss/lib/lib/load-config.js:51:30
[error] apps/next-app-router/next-app-router-4000/app/styling/global-css/styles.css: Error: Cannot find module '@tailwindcss/typography'
[error] Require stack:
[error] - /Users/zackjackson/Documents/Codex/2026-10-02/task-4/stack5137/apps/next-app-router/next-app-router-4000/tailwind.config.ts
[error]     at Module._resolveFilename (node:internal/modules/cjs/loader:1476:15)
[error]     at wrapResolveFilename (node:internal/modules/cjs/loader:1049:27)
[error]     at resolveForCJSWithHooks (node:internal/modules/cjs/loader:1094:12)
[error]     at require.resolve (node:internal/modules/helpers:171:31)
[error]     at _resolve (/Users/zackjackson/Documents/Codex/2026-10-02/task-4/stack5137/node_modules/.pnpm/jiti@1.21.7/node_modules/jiti/dist/jiti.js:1:246378)
[error]     at jiti (/Users/zackjackson/Documents/Codex/2026-10-02/task-4/stack5137/node_modules/.pnpm/jiti@1.21.7/node_modules/jiti/dist/jiti.js:1:249092)
[error]     at /Users/zackjackson/Documents/Codex/2026-10-02/task-4/stack5137/apps/next-app-router/next-app-router-4000/tailwind.config.ts:89:13
[error]     at evalModule (/Users/zackjackson/Documents/Codex/2026-10-02/task-4/stack5137/node_modules/.pnpm/jiti@1.21.7/node_modules/jiti/dist/jiti.js:1:251913)
[error]     at jiti (/Users/zackjackson/Documents/Codex/2026-10-02/task-4/stack5137/node_modules/.pnpm/jiti@1.21.7/node_modules/jiti/dist/jiti.js:1:249841)
[error]     at /Users/zackjackson/Documents/Codex/2026-10-02/task-4/stack5137/node_modules/.pnpm/tailwindcss@3.4.13_ts-node@10.9.1_@swc+core@1.7.26_@swc+helpers@0.5.13__@types+node@20.19.5_typescript@6.0.3_/node_modules/tailwindcss/lib/lib/load-config.js:51:30
[error] apps/next-app-router/next-app-router-4000/app/styling/layout.tsx: Error: Cannot find module '@tailwindcss/typography'
[error] Require stack:
[error] - /Users/zackjackson/Documents/Codex/2026-10-02/task-4/stack5137/apps/next-app-router/next-app-router-4000/tailwind.config.ts
[error]     at Module._resolveFilename (node:internal/modules/cjs/loader:1476:15)
[error]     at wrapResolveFilename (node:internal/modules/cjs/loader:1049:27)
[error]     at resolveForCJSWithHooks (node:internal/modules/cjs/loader:1094:12)
[error]     at require.resolve (node:internal/modules/helpers:171:31)
[error]     at _resolve (/Users/zackjackson/Documents/Codex/2026-10-02/task-4/stack5137/node_modules/.pnpm/jiti@1.21.7/node_modules/jiti/dist/jiti.js:1:246378)
[error]     at jiti (/Users/zackjackson/Documents/Codex/2026-10-02/task-4/stack5137/node_modules/.pnpm/jiti@1.21.7/node_modules/jiti/dist/jiti.js:1:249092)
[error]     at /Users/zackjackson/Documents/Codex/2026-10-02/task-4/stack5137/apps/next-app-router/next-app-router-4000/tailwind.config.ts:89:13
[error]     at evalModule (/Users/zackjackson/Documents/Codex/2026-10-02/task-4/stack5137/node_modules/.pnpm/jiti@1.21.7/node_modules/jiti/dist/jiti.js:1:251913)
[error]     at jiti (/Users/zackjackson/Documents/Codex/2026-10-02/task-4/stack5137/node_modules/.pnpm/jiti@1.21.7/node_modules/jiti/dist/jiti.js:1:249841)
[error]     at /Users/zackjackson/Documents/Codex/2026-10-02/task-4/stack5137/node_modules/.pnpm/tailwindcss@3.4.13_ts-node@10.9.1_@swc+core@1.7.26_@swc+helpers@0.5.13__@types+node@20.19.5_typescript@6.0.3_/node_modules/tailwindcss/lib/lib/load-config.js:51:30
[error] apps/next-app-router/next-app-router-4000/app/styling/page.tsx: Error: Cannot find module '@tailwindcss/typography'
[error] Require stack:
[error] - /Users/zackjackson/Documents/Codex/2026-10-02/task-4/stack5137/apps/next-app-router/next-app-router-4000/tailwind.config.ts
[error]     at Module._resolveFilename (node:internal/modules/cjs/loader:1476:15)
[error]     at wrapResolveFilename (node:internal/modules/cjs/loader:1049:27)
[error]     at resolveForCJSWithHooks (node:internal/modules/cjs/loader:1094:12)
[error]     at require.resolve (node:internal/modules/helpers:171:31)
[error]     at _resolve (/Users/zackjackson/Documents/Codex/2026-10-02/task-4/stack5137/node_modules/.pnpm/jiti@1.21.7/node_modules/jiti/dist/jiti.js:1:246378)
[error]     at jiti (/Users/zackjackson/Documents/Codex/2026-10-02/task-4/stack5137/node_modules/.pnpm/jiti@1.21.7/node_modules/jiti/dist/jiti.js:1:249092)
[error]     at /Users/zackjackson/Documents/Codex/2026-10-02/task-4/stack5137/apps/next-app-router/next-app-router-4000/tailwind.config.ts:89:13
[error]     at evalModule (/Users/zackjackson/Documents/Codex/2026-10-02/task-4/stack5137/node_modules/.pnpm/jiti@1.21.7/node_modules/jiti/dist/jiti.js:1:251913)
[error]     at jiti (/Users/zackjackson/Documents/Codex/2026-10-02/task-4/stack5137/node_modules/.pnpm/jiti@1.21.7/node_modules/jiti/dist/jiti.js:1:249841)
[error]     at /Users/zackjackson/Documents/Codex/2026-10-02/task-4/stack5137/node_modules/.pnpm/tailwindcss@3.4.13_ts-node@10.9.1_@swc+core@1.7.26_@swc+helpers@0.5.13__@types+node@20.19.5_typescript@6.0.3_/node_modules/tailwindcss/lib/lib/load-config.js:51:30
[error] apps/next-app-router/next-app-router-4000/app/styling/styled-components/layout.tsx: Error: Cannot find module '@tailwindcss/typography'
[error] Require stack:
[error] - /Users/zackjackson/Documents/Codex/2026-10-02/task-4/stack5137/apps/next-app-router/next-app-router-4000/tailwind.config.ts
[error]     at Module._resolveFilename (node:internal/modules/cjs/loader:1476:15)
[error]     at wrapResolveFilename (node:internal/modules/cjs/loader:1049:27)
[error]     at resolveForCJSWithHooks (node:internal/modules/cjs/loader:1094:12)
[error]     at require.resolve (node:internal/modules/helpers:171:31)
[error]     at _resolve (/Users/zackjackson/Documents/Codex/2026-10-02/task-4/stack5137/node_modules/.pnpm/jiti@1.21.7/node_modules/jiti/dist/jiti.js:1:246378)
[error]     at jiti (/Users/zackjackson/Documents/Codex/2026-10-02/task-4/stack5137/node_modules/.pnpm/jiti@1.21.7/node_modules/jiti/dist/jiti.js:1:249092)
[error]     at /Users/zackjackson/Documents/Codex/2026-10-02/task-4/stack5137/apps/next-app-router/next-app-router-4000/tailwind.config.ts:89:13
[error]     at evalModule (/Users/zackjackson/Documents/Codex/2026-10-02/task-4/stack5137/node_modules/.pnpm/jiti@1.21.7/node_modules/jiti/dist/jiti.js:1:251913)
[error]     at jiti (/Users/zackjackson/Documents/Codex/2026-10-02/task-4/stack5137/node_modules/.pnpm/jiti@1.21.7/node_modules/jiti/dist/jiti.js:1:249841)
[error]     at /Users/zackjackson/Documents/Codex/2026-10-02/task-4/stack5137/node_modules/.pnpm/tailwindcss@3.4.13_ts-node@10.9.1_@swc+core@1.7.26_@swc+helpers@0.5.13__@types+node@20.19.5_typescript@6.0.3_/node_modules/tailwindcss/lib/lib/load-config.js:51:30
[error] apps/next-app-router/next-app-router-4000/app/styling/styled-components/page.tsx: Error: Cannot find module '@tailwindcss/typography'
[error] Require stack:
[error] - /Users/zackjackson/Documents/Codex/2026-10-02/task-4/stack5137/apps/next-app-router/next-app-router-4000/tailwind.config.ts
[error]     at Module._resolveFilename (node:internal/modules/cjs/loader:1476:15)
[error]     at wrapResolveFilename (node:internal/modules/cjs/loader:1049:27)
[error]     at resolveForCJSWithHooks (node:internal/modules/cjs/loader:1094:12)
[error]     at require.resolve (node:internal/modules/helpers:171:31)
[error]     at _resolve (/Users/zackjackson/Documents/Codex/2026-10-02/task-4/stack5137/node_modules/.pnpm/jiti@1.21.7/node_modules/jiti/dist/jiti.js:1:246378)
[error]     at jiti (/Users/zackjackson/Documents/Codex/2026-10-02/task-4/stack5137/node_modules/.pnpm/jiti@1.21.7/node_modules/jiti/dist/jiti.js:1:249092)
[error]     at /Users/zackjackson/Documents/Codex/2026-10-02/task-4/stack5137/apps/next-app-router/next-app-router-4000/tailwind.config.ts:89:13
[error]     at evalModule (/Users/zackjackson/Documents/Codex/2026-10-02/task-4/stack5137/node_modules/.pnpm/jiti@1.21.7/node_modules/jiti/dist/jiti.js:1:251913)
[error]     at jiti (/Users/zackjackson/Documents/Codex/2026-10-02/task-4/stack5137/node_modules/.pnpm/jiti@1.21.7/node_modules/jiti/dist/jiti.js:1:249841)
[error]     at /Users/zackjackson/Documents/Codex/2026-10-02/task-4/stack5137/node_modules/.pnpm/tailwindcss@3.4.13_ts-node@10.9.1_@swc+core@1.7.26_@swc+helpers@0.5.13__@types+node@20.19.5_typescript@6.0.3_/node_modules/tailwindcss/lib/lib/load-config.js:51:30
[error] apps/next-app-router/next-app-router-4000/app/styling/styled-components/registry.tsx: Error: Cannot find module '@tailwindcss/typography'
[error] Require stack:
[error] - /Users/zackjackson/Documents/Codex/2026-10-02/task-4/stack5137/apps/next-app-router/next-app-router-4000/tailwind.config.ts
[error]     at Module._resolveFilename (node:internal/modules/cjs/loader:1476:15)
[error]     at wrapResolveFilename (node:internal/modules/cjs/loader:1049:27)
[error]     at resolveForCJSWithHooks (node:internal/modules/cjs/loader:1094:12)
[error]     at require.resolve (node:internal/modules/helpers:171:31)
[error]     at _resolve (/Users/zackjackson/Documents/Codex/2026-10-02/task-4/stack5137/node_modules/.pnpm/jiti@1.21.7/node_modules/jiti/dist/jiti.js:1:246378)
[error]     at jiti (/Users/zackjackson/Documents/Codex/2026-10-02/task-4/stack5137/node_modules/.pnpm/jiti@1.21.7/node_modules/jiti/dist/jiti.js:1:249092)
[error]     at /Users/zackjackson/Documents/Codex/2026-10-02/task-4/stack5137/apps/next-app-router/next-app-router-4000/tailwind.config.ts:89:13
[error]     at evalModule (/Users/zackjackson/Documents/Codex/2026-10-02/task-4/stack5137/node_modules/.pnpm/jiti@1.21.7/node_modules/jiti/dist/jiti.js:1:251913)
[error]     at jiti (/Users/zackjackson/Documents/Codex/2026-10-02/task-4/stack5137/node_modules/.pnpm/jiti@1.21.7/node_modules/jiti/dist/jiti.js:1:249841)
[error]     at /Users/zackjackson/Documents/Codex/2026-10-02/task-4/stack5137/node_modules/.pnpm/tailwindcss@3.4.13_ts-node@10.9.1_@swc+core@1.7.26_@swc+helpers@0.5.13__@types+node@20.19.5_typescript@6.0.3_/node_modules/tailwindcss/lib/lib/load-config.js:51:30
[error] apps/next-app-router/next-app-router-4000/app/styling/styled-jsx/layout.tsx: Error: Cannot find module '@tailwindcss/typography'
[error] Require stack:
[error] - /Users/zackjackson/Documents/Codex/2026-10-02/task-4/stack5137/apps/next-app-router/next-app-router-4000/tailwind.config.ts
[error]     at Module._resolveFilename (node:internal/modules/cjs/loader:1476:15)
[error]     at wrapResolveFilename (node:internal/modules/cjs/loader:1049:27)
[error]     at resolveForCJSWithHooks (node:internal/modules/cjs/loader:1094:12)
[error]     at require.resolve (node:internal/modules/helpers:171:31)
[error]     at _resolve (/Users/zackjackson/Documents/Codex/2026-10-02/task-4/stack5137/node_modules/.pnpm/jiti@1.21.7/node_modules/jiti/dist/jiti.js:1:246378)
[error]     at jiti (/Users/zackjackson/Documents/Codex/2026-10-02/task-4/stack5137/node_modules/.pnpm/jiti@1.21.7/node_modules/jiti/dist/jiti.js:1:249092)
[error]     at /Users/zackjackson/Documents/Codex/2026-10-02/task-4/stack5137/apps/next-app-router/next-app-router-4000/tailwind.config.ts:89:13
[error]     at evalModule (/Users/zackjackson/Documents/Codex/2026-10-02/task-4/stack5137/node_modules/.pnpm/jiti@1.21.7/node_modules/jiti/dist/jiti.js:1:251913)
[error]     at jiti (/Users/zackjackson/Documents/Codex/2026-10-02/task-4/stack5137/node_modules/.pnpm/jiti@1.21.7/node_modules/jiti/dist/jiti.js:1:249841)
[error]     at /Users/zackjackson/Documents/Codex/2026-10-02/task-4/stack5137/node_modules/.pnpm/tailwindcss@3.4.13_ts-node@10.9.1_@swc+core@1.7.26_@swc+helpers@0.5.13__@types+node@20.19.5_typescript@6.0.3_/node_modules/tailwindcss/lib/lib/load-config.js:51:30
[error] apps/next-app-router/next-app-router-4000/app/styling/styled-jsx/page.tsx: Error: Cannot find module '@tailwindcss/typography'
[error] Require stack:
[error] - /Users/zackjackson/Documents/Codex/2026-10-02/task-4/stack5137/apps/next-app-router/next-app-router-4000/tailwind.config.ts
[error]     at Module._resolveFilename (node:internal/modules/cjs/loader:1476:15)
[error]     at wrapResolveFilename (node:internal/modules/cjs/loader:1049:27)
[error]     at resolveForCJSWithHooks (node:internal/modules/cjs/loader:1094:12)
[error]     at require.resolve (node:internal/modules/helpers:171:31)
[error]     at _resolve (/Users/zackjackson/Documents/Codex/2026-10-02/task-4/stack5137/node_modules/.pnpm/jiti@1.21.7/node_modules/jiti/dist/jiti.js:1:246378)
[error]     at jiti (/Users/zackjackson/Documents/Codex/2026-10-02/task-4/stack5137/node_modules/.pnpm/jiti@1.21.7/node_modules/jiti/dist/jiti.js:1:249092)
[error]     at /Users/zackjackson/Documents/Codex/2026-10-02/task-4/stack5137/apps/next-app-router/next-app-router-4000/tailwind.config.ts:89:13
[error]     at evalModule (/Users/zackjackson/Documents/Codex/2026-10-02/task-4/stack5137/node_modules/.pnpm/jiti@1.21.7/node_modules/jiti/dist/jiti.js:1:251913)
[error]     at jiti (/Users/zackjackson/Documents/Codex/2026-10-02/task-4/stack5137/node_modules/.pnpm/jiti@1.21.7/node_modules/jiti/dist/jiti.js:1:249841)
[error]     at /Users/zackjackson/Documents/Codex/2026-10-02/task-4/stack5137/node_modules/.pnpm/tailwindcss@3.4.13_ts-node@10.9.1_@swc+core@1.7.26_@swc+helpers@0.5.13__@types+node@20.19.5_typescript@6.0.3_/node_modules/tailwindcss/lib/lib/load-config.js:51:30
[error] apps/next-app-router/next-app-router-4000/app/styling/styled-jsx/registry.tsx: Error: Cannot find module '@tailwindcss/typography'
[error] Require stack:
[error] - /Users/zackjackson/Documents/Codex/2026-10-02/task-4/stack5137/apps/next-app-router/next-app-router-4000/tailwind.config.ts
[error]     at Module._resolveFilename (node:internal/modules/cjs/loader:1476:15)
[error]     at wrapResolveFilename (node:internal/modules/cjs/loader:1049:27)
[error]     at resolveForCJSWithHooks (node:internal/modules/cjs/loader:1094:12)
[error]     at require.resolve (node:internal/modules/helpers:171:31)
[error]     at _resolve (/Users/zackjackson/Documents/Codex/2026-10-02/task-4/stack5137/node_modules/.pnpm/jiti@1.21.7/node_modules/jiti/dist/jiti.js:1:246378)
[error]     at jiti (/Users/zackjackson/Documents/Codex/2026-10-02/task-4/stack5137/node_modules/.pnpm/jiti@1.21.7/node_modules/jiti/dist/jiti.js:1:249092)
[error]     at /Users/zackjackson/Documents/Codex/2026-10-02/task-4/stack5137/apps/next-app-router/next-app-router-4000/tailwind.config.ts:89:13
[error]     at evalModule (/Users/zackjackson/Documents/Codex/2026-10-02/task-4/stack5137/node_modules/.pnpm/jiti@1.21.7/node_modules/jiti/dist/jiti.js:1:251913)
[error]     at jiti (/Users/zackjackson/Documents/Codex/2026-10-02/task-4/stack5137/node_modules/.pnpm/jiti@1.21.7/node_modules/jiti/dist/jiti.js:1:249841)
[error]     at /Users/zackjackson/Documents/Codex/2026-10-02/task-4/stack5137/node_modules/.pnpm/tailwindcss@3.4.13_ts-node@10.9.1_@swc+core@1.7.26_@swc+helpers@0.5.13__@types+node@20.19.5_typescript@6.0.3_/node_modules/tailwindcss/lib/lib/load-config.js:51:30
[error] apps/next-app-router/next-app-router-4000/app/styling/tailwind/page.tsx: Error: Cannot find module '@tailwindcss/typography'
[error] Require stack:
[error] - /Users/zackjackson/Documents/Codex/2026-10-02/task-4/stack5137/apps/next-app-router/next-app-router-4000/tailwind.config.ts
[error]     at Module._resolveFilename (node:internal/modules/cjs/loader:1476:15)
[error]     at wrapResolveFilename (node:internal/modules/cjs/loader:1049:27)
[error]     at resolveForCJSWithHooks (node:internal/modules/cjs/loader:1094:12)
[error]     at require.resolve (node:internal/modules/helpers:171:31)
[error]     at _resolve (/Users/zackjackson/Documents/Codex/2026-10-02/task-4/stack5137/node_modules/.pnpm/jiti@1.21.7/node_modules/jiti/dist/jiti.js:1:246378)
[error]     at jiti (/Users/zackjackson/Documents/Codex/2026-10-02/task-4/stack5137/node_modules/.pnpm/jiti@1.21.7/node_modules/jiti/dist/jiti.js:1:249092)
[error]     at /Users/zackjackson/Documents/Codex/2026-10-02/task-4/stack5137/apps/next-app-router/next-app-router-4000/tailwind.config.ts:89:13
[error]     at evalModule (/Users/zackjackson/Documents/Codex/2026-10-02/task-4/stack5137/node_modules/.pnpm/jiti@1.21.7/node_modules/jiti/dist/jiti.js:1:251913)
[error]     at jiti (/Users/zackjackson/Documents/Codex/2026-10-02/task-4/stack5137/node_modules/.pnpm/jiti@1.21.7/node_modules/jiti/dist/jiti.js:1:249841)
[error]     at /Users/zackjackson/Documents/Codex/2026-10-02/task-4/stack5137/node_modules/.pnpm/tailwindcss@3.4.13_ts-node@10.9.1_@swc+core@1.7.26_@swc+helpers@0.5.13__@types+node@20.19.5_typescript@6.0.3_/node_modules/tailwindcss/lib/lib/load-config.js:51:30
[error] apps/next-app-router/next-app-router-4000/app/styling/template.tsx: Error: Cannot find module '@tailwindcss/typography'
[error] Require stack:
[error] - /Users/zackjackson/Documents/Codex/2026-10-02/task-4/stack5137/apps/next-app-router/next-app-router-4000/tailwind.config.ts
[error]     at Module._resolveFilename (node:internal/modules/cjs/loader:1476:15)
[error]     at wrapResolveFilename (node:internal/modules/cjs/loader:1049:27)
[error]     at resolveForCJSWithHooks (node:internal/modules/cjs/loader:1094:12)
[error]     at require.resolve (node:internal/modules/helpers:171:31)
[error]     at _resolve (/Users/zackjackson/Documents/Codex/2026-10-02/task-4/stack5137/node_modules/.pnpm/jiti@1.21.7/node_modules/jiti/dist/jiti.js:1:246378)
[error]     at jiti (/Users/zackjackson/Documents/Codex/2026-10-02/task-4/stack5137/node_modules/.pnpm/jiti@1.21.7/node_modules/jiti/dist/jiti.js:1:249092)
[error]     at /Users/zackjackson/Documents/Codex/2026-10-02/task-4/stack5137/apps/next-app-router/next-app-router-4000/tailwind.config.ts:89:13
[error]     at evalModule (/Users/zackjackson/Documents/Codex/2026-10-02/task-4/stack5137/node_modules/.pnpm/jiti@1.21.7/node_modules/jiti/dist/jiti.js:1:251913)
[error]     at jiti (/Users/zackjackson/Documents/Codex/2026-10-02/task-4/stack5137/node_modules/.pnpm/jiti@1.21.7/node_modules/jiti/dist/jiti.js:1:249841)
[error]     at /Users/zackjackson/Documents/Codex/2026-10-02/task-4/stack5137/node_modules/.pnpm/tailwindcss@3.4.13_ts-node@10.9.1_@swc+core@1.7.26_@swc+helpers@0.5.13__@types+node@20.19.5_typescript@6.0.3_/node_modules/tailwindcss/lib/lib/load-config.js:51:30
[error] apps/next-app-router/next-app-router-4000/cypress.config.ts: Error: Cannot find module '@tailwindcss/typography'
[error] Require stack:
[error] - /Users/zackjackson/Documents/Codex/2026-10-02/task-4/stack5137/apps/next-app-router/next-app-router-4000/tailwind.config.ts
[error]     at Module._resolveFilename (node:internal/modules/cjs/loader:1476:15)
[error]     at wrapResolveFilename (node:internal/modules/cjs/loader:1049:27)
[error]     at resolveForCJSWithHooks (node:internal/modules/cjs/loader:1094:12)
[error]     at require.resolve (node:internal/modules/helpers:171:31)
[error]     at _resolve (/Users/zackjackson/Documents/Codex/2026-10-02/task-4/stack5137/node_modules/.pnpm/jiti@1.21.7/node_modules/jiti/dist/jiti.js:1:246378)
[error]     at jiti (/Users/zackjackson/Documents/Codex/2026-10-02/task-4/stack5137/node_modules/.pnpm/jiti@1.21.7/node_modules/jiti/dist/jiti.js:1:249092)
[error]     at /Users/zackjackson/Documents/Codex/2026-10-02/task-4/stack5137/apps/next-app-router/next-app-router-4000/tailwind.config.ts:89:13
[error]     at evalModule (/Users/zackjackson/Documents/Codex/2026-10-02/task-4/stack5137/node_modules/.pnpm/jiti@1.21.7/node_modules/jiti/dist/jiti.js:1:251913)
[error]     at jiti (/Users/zackjackson/Documents/Codex/2026-10-02/task-4/stack5137/node_modules/.pnpm/jiti@1.21.7/node_modules/jiti/dist/jiti.js:1:249841)
[error]     at /Users/zackjackson/Documents/Codex/2026-10-02/task-4/stack5137/node_modules/.pnpm/tailwindcss@3.4.13_ts-node@10.9.1_@swc+core@1.7.26_@swc+helpers@0.5.13__@types+node@20.19.5_typescript@6.0.3_/node_modules/tailwindcss/lib/lib/load-config.js:51:30
[error] apps/next-app-router/next-app-router-4000/cypress/e2e/app.cy.ts: Error: Cannot find module '@tailwindcss/typography'
[error] Require stack:
[error] - /Users/zackjackson/Documents/Codex/2026-10-02/task-4/stack5137/apps/next-app-router/next-app-router-4000/tailwind.config.ts
[error]     at Module._resolveFilename (node:internal/modules/cjs/loader:1476:15)
[error]     at wrapResolveFilename (node:internal/modules/cjs/loader:1049:27)
[error]     at resolveForCJSWithHooks (node:internal/modules/cjs/loader:1094:12)
[error]     at require.resolve (node:internal/modules/helpers:171:31)
[error]     at _resolve (/Users/zackjackson/Documents/Codex/2026-10-02/task-4/stack5137/node_modules/.pnpm/jiti@1.21.7/node_modules/jiti/dist/jiti.js:1:246378)
[error]     at jiti (/Users/zackjackson/Documents/Codex/2026-10-02/task-4/stack5137/node_modules/.pnpm/jiti@1.21.7/node_modules/jiti/dist/jiti.js:1:249092)
[error]     at /Users/zackjackson/Documents/Codex/2026-10-02/task-4/stack5137/apps/next-app-router/next-app-router-4000/tailwind.config.ts:89:13
[error]     at evalModule (/Users/zackjackson/Documents/Codex/2026-10-02/task-4/stack5137/node_modules/.pnpm/jiti@1.21.7/node_modules/jiti/dist/jiti.js:1:251913)
[error]     at jiti (/Users/zackjackson/Documents/Codex/2026-10-02/task-4/stack5137/node_modules/.pnpm/jiti@1.21.7/node_modules/jiti/dist/jiti.js:1:249841)
[error]     at /Users/zackjackson/Documents/Codex/2026-10-02/task-4/stack5137/node_modules/.pnpm/tailwindcss@3.4.13_ts-node@10.9.1_@swc+core@1.7.26_@swc+helpers@0.5.13__@types+node@20.19.5_typescript@6.0.3_/node_modules/tailwindcss/lib/lib/load-config.js:51:30
[error] apps/next-app-router/next-app-router-4000/cypress/support/app.po.ts: Error: Cannot find module '@tailwindcss/typography'
[error] Require stack:
[error] - /Users/zackjackson/Documents/Codex/2026-10-02/task-4/stack5137/apps/next-app-router/next-app-router-4000/tailwind.config.ts
[error]     at Module._resolveFilename (node:internal/modules/cjs/loader:1476:15)
[error]     at wrapResolveFilename (node:internal/modules/cjs/loader:1049:27)
[error]     at resolveForCJSWithHooks (node:internal/modules/cjs/loader:1094:12)
[error]     at require.resolve (node:internal/modules/helpers:171:31)
[error]     at _resolve (/Users/zackjackson/Documents/Codex/2026-10-02/task-4/stack5137/node_modules/.pnpm/jiti@1.21.7/node_modules/jiti/dist/jiti.js:1:246378)
[error]     at jiti (/Users/zackjackson/Documents/Codex/2026-10-02/task-4/stack5137/node_modules/.pnpm/jiti@1.21.7/node_modules/jiti/dist/jiti.js:1:249092)
[error]     at /Users/zackjackson/Documents/Codex/2026-10-02/task-4/stack5137/apps/next-app-router/next-app-router-4000/tailwind.config.ts:89:13
[error]     at evalModule (/Users/zackjackson/Documents/Codex/2026-10-02/task-4/stack5137/node_modules/.pnpm/jiti@1.21.7/node_modules/jiti/dist/jiti.js:1:251913)
[error]     at jiti (/Users/zackjackson/Documents/Codex/2026-10-02/task-4/stack5137/node_modules/.pnpm/jiti@1.21.7/node_modules/jiti/dist/jiti.js:1:249841)
[error]     at /Users/zackjackson/Documents/Codex/2026-10-02/task-4/stack5137/node_modules/.pnpm/tailwindcss@3.4.13_ts-node@10.9.1_@swc+core@1.7.26_@swc+helpers@0.5.13__@types+node@20.19.5_typescript@6.0.3_/node_modules/tailwindcss/lib/lib/load-config.js:51:30
[error] apps/next-app-router/next-app-router-4000/cypress/support/commands.ts: Error: Cannot find module '@tailwindcss/typography'
[error] Require stack:
[error] - /Users/zackjackson/Documents/Codex/2026-10-02/task-4/stack5137/apps/next-app-router/next-app-router-4000/tailwind.config.ts
[error]     at Module._resolveFilename (node:internal/modules/cjs/loader:1476:15)
[error]     at wrapResolveFilename (node:internal/modules/cjs/loader:1049:27)
[error]     at resolveForCJSWithHooks (node:internal/modules/cjs/loader:1094:12)
[error]     at require.resolve (node:internal/modules/helpers:171:31)
[error]     at _resolve (/Users/zackjackson/Documents/Codex/2026-10-02/task-4/stack5137/node_modules/.pnpm/jiti@1.21.7/node_modules/jiti/dist/jiti.js:1:246378)
[error]     at jiti (/Users/zackjackson/Documents/Codex/2026-10-02/task-4/stack5137/node_modules/.pnpm/jiti@1.21.7/node_modules/jiti/dist/jiti.js:1:249092)
[error]     at /Users/zackjackson/Documents/Codex/2026-10-02/task-4/stack5137/apps/next-app-router/next-app-router-4000/tailwind.config.ts:89:13
[error]     at evalModule (/Users/zackjackson/Documents/Codex/2026-10-02/task-4/stack5137/node_modules/.pnpm/jiti@1.21.7/node_modules/jiti/dist/jiti.js:1:251913)
[error]     at jiti (/Users/zackjackson/Documents/Codex/2026-10-02/task-4/stack5137/node_modules/.pnpm/jiti@1.21.7/node_modules/jiti/dist/jiti.js:1:249841)
[error]     at /Users/zackjackson/Documents/Codex/2026-10-02/task-4/stack5137/node_modules/.pnpm/tailwindcss@3.4.13_ts-node@10.9.1_@swc+core@1.7.26_@swc+helpers@0.5.13__@types+node@20.19.5_typescript@6.0.3_/node_modules/tailwindcss/lib/lib/load-config.js:51:30
[error] apps/next-app-router/next-app-router-4000/cypress/support/e2e.ts: Error: Cannot find module '@tailwindcss/typography'
[error] Require stack:
[error] - /Users/zackjackson/Documents/Codex/2026-10-02/task-4/stack5137/apps/next-app-router/next-app-router-4000/tailwind.config.ts
[error]     at Module._resolveFilename (node:internal/modules/cjs/loader:1476:15)
[error]     at wrapResolveFilename (node:internal/modules/cjs/loader:1049:27)
[error]     at resolveForCJSWithHooks (node:internal/modules/cjs/loader:1094:12)
[error]     at require.resolve (node:internal/modules/helpers:171:31)
[error]     at _resolve (/Users/zackjackson/Documents/Codex/2026-10-02/task-4/stack5137/node_modules/.pnpm/jiti@1.21.7/node_modules/jiti/dist/jiti.js:1:246378)
[error]     at jiti (/Users/zackjackson/Documents/Codex/2026-10-02/task-4/stack5137/node_modules/.pnpm/jiti@1.21.7/node_modules/jiti/dist/jiti.js:1:249092)
[error]     at /Users/zackjackson/Documents/Codex/2026-10-02/task-4/stack5137/apps/next-app-router/next-app-router-4000/tailwind.config.ts:89:13
[error]     at evalModule (/Users/zackjackson/Documents/Codex/2026-10-02/task-4/stack5137/node_modules/.pnpm/jiti@1.21.7/node_modules/jiti/dist/jiti.js:1:251913)
[error]     at jiti (/Users/zackjackson/Documents/Codex/2026-10-02/task-4/stack5137/node_modules/.pnpm/jiti@1.21.7/node_modules/jiti/dist/jiti.js:1:249841)
[error]     at /Users/zackjackson/Documents/Codex/2026-10-02/task-4/stack5137/node_modules/.pnpm/tailwindcss@3.4.13_ts-node@10.9.1_@swc+core@1.7.26_@swc+helpers@0.5.13__@types+node@20.19.5_typescript@6.0.3_/node_modules/tailwindcss/lib/lib/load-config.js:51:30
[error] apps/next-app-router/next-app-router-4000/lib/demos.ts: Error: Cannot find module '@tailwindcss/typography'
[error] Require stack:
[error] - /Users/zackjackson/Documents/Codex/2026-10-02/task-4/stack5137/apps/next-app-router/next-app-router-4000/tailwind.config.ts
[error]     at Module._resolveFilename (node:internal/modules/cjs/loader:1476:15)
[error]     at wrapResolveFilename (node:internal/modules/cjs/loader:1049:27)
[error]     at resolveForCJSWithHooks (node:internal/modules/cjs/loader:1094:12)
[error]     at require.resolve (node:internal/modules/helpers:171:31)
[error]     at _resolve (/Users/zackjackson/Documents/Codex/2026-10-02/task-4/stack5137/node_modules/.pnpm/jiti@1.21.7/node_modules/jiti/dist/jiti.js:1:246378)
[error]     at jiti (/Users/zackjackson/Documents/Codex/2026-10-02/task-4/stack5137/node_modules/.pnpm/jiti@1.21.7/node_modules/jiti/dist/jiti.js:1:249092)
[error]     at /Users/zackjackson/Documents/Codex/2026-10-02/task-4/stack5137/apps/next-app-router/next-app-router-4000/tailwind.config.ts:89:13
[error]     at evalModule (/Users/zackjackson/Documents/Codex/2026-10-02/task-4/stack5137/node_modules/.pnpm/jiti@1.21.7/node_modules/jiti/dist/jiti.js:1:251913)
[error]     at jiti (/Users/zackjackson/Documents/Codex/2026-10-02/task-4/stack5137/node_modules/.pnpm/jiti@1.21.7/node_modules/jiti/dist/jiti.js:1:249841)
[error]     at /Users/zackjackson/Documents/Codex/2026-10-02/task-4/stack5137/node_modules/.pnpm/tailwindcss@3.4.13_ts-node@10.9.1_@swc+core@1.7.26_@swc+helpers@0.5.13__@types+node@20.19.5_typescript@6.0.3_/node_modules/tailwindcss/lib/lib/load-config.js:51:30
[error] apps/next-app-router/next-app-router-4000/next-env.d.ts: Error: Cannot find module '@tailwindcss/typography'
[error] Require stack:
[error] - /Users/zackjackson/Documents/Codex/2026-10-02/task-4/stack5137/apps/next-app-router/next-app-router-4000/tailwind.config.ts
[error]     at Module._resolveFilename (node:internal/modules/cjs/loader:1476:15)
[error]     at wrapResolveFilename (node:internal/modules/cjs/loader:1049:27)
[error]     at resolveForCJSWithHooks (node:internal/modules/cjs/loader:1094:12)
[error]     at require.resolve (node:internal/modules/helpers:171:31)
[error]     at _resolve (/Users/zackjackson/Documents/Codex/2026-10-02/task-4/stack5137/node_modules/.pnpm/jiti@1.21.7/node_modules/jiti/dist/jiti.js:1:246378)
[error]     at jiti (/Users/zackjackson/Documents/Codex/2026-10-02/task-4/stack5137/node_modules/.pnpm/jiti@1.21.7/node_modules/jiti/dist/jiti.js:1:249092)
[error]     at /Users/zackjackson/Documents/Codex/2026-10-02/task-4/stack5137/apps/next-app-router/next-app-router-4000/tailwind.config.ts:89:13
[error]     at evalModule (/Users/zackjackson/Documents/Codex/2026-10-02/task-4/stack5137/node_modules/.pnpm/jiti@1.21.7/node_modules/jiti/dist/jiti.js:1:251913)
[error]     at jiti (/Users/zackjackson/Documents/Codex/2026-10-02/task-4/stack5137/node_modules/.pnpm/jiti@1.21.7/node_modules/jiti/dist/jiti.js:1:249841)
[error]     at /Users/zackjackson/Documents/Codex/2026-10-02/task-4/stack5137/node_modules/.pnpm/tailwindcss@3.4.13_ts-node@10.9.1_@swc+core@1.7.26_@swc+helpers@0.5.13__@types+node@20.19.5_typescript@6.0.3_/node_modules/tailwindcss/lib/lib/load-config.js:51:30
[error] apps/next-app-router/next-app-router-4000/next.config.js: Error: Cannot find module '@tailwindcss/typography'
[error] Require stack:
[error] - /Users/zackjackson/Documents/Codex/2026-10-02/task-4/stack5137/apps/next-app-router/next-app-router-4000/tailwind.config.ts
[error]     at Module._resolveFilename (node:internal/modules/cjs/loader:1476:15)
[error]     at wrapResolveFilename (node:internal/modules/cjs/loader:1049:27)
[error]     at resolveForCJSWithHooks (node:internal/modules/cjs/loader:1094:12)
[error]     at require.resolve (node:internal/modules/helpers:171:31)
[error]     at _resolve (/Users/zackjackson/Documents/Codex/2026-10-02/task-4/stack5137/node_modules/.pnpm/jiti@1.21.7/node_modules/jiti/dist/jiti.js:1:246378)
[error]     at jiti (/Users/zackjackson/Documents/Codex/2026-10-02/task-4/stack5137/node_modules/.pnpm/jiti@1.21.7/node_modules/jiti/dist/jiti.js:1:249092)
[error]     at /Users/zackjackson/Documents/Codex/2026-10-02/task-4/stack5137/apps/next-app-router/next-app-router-4000/tailwind.config.ts:89:13
[error]     at evalModule (/Users/zackjackson/Documents/Codex/2026-10-02/task-4/stack5137/node_modules/.pnpm/jiti@1.21.7/node_modules/jiti/dist/jiti.js:1:251913)
[error]     at jiti (/Users/zackjackson/Documents/Codex/2026-10-02/task-4/stack5137/node_modules/.pnpm/jiti@1.21.7/node_modules/jiti/dist/jiti.js:1:249841)
[error]     at /Users/zackjackson/Documents/Codex/2026-10-02/task-4/stack5137/node_modules/.pnpm/tailwindcss@3.4.13_ts-node@10.9.1_@swc+core@1.7.26_@swc+helpers@0.5.13__@types+node@20.19.5_typescript@6.0.3_/node_modules/tailwindcss/lib/lib/load-config.js:51:30
[error] apps/next-app-router/next-app-router-4000/postcss.config.js: Error: Cannot find module '@tailwindcss/typography'
[error] Require stack:
[error] - /Users/zackjackson/Documents/Codex/2026-10-02/task-4/stack5137/apps/next-app-router/next-app-router-4000/tailwind.config.ts
[error]     at Module._resolveFilename (node:internal/modules/cjs/loader:1476:15)
[error]     at wrapResolveFilename (node:internal/modules/cjs/loader:1049:27)
[error]     at resolveForCJSWithHooks (node:internal/modules/cjs/loader:1094:12)
[error]     at require.resolve (node:internal/modules/helpers:171:31)
[error]     at _resolve (/Users/zackjackson/Documents/Codex/2026-10-02/task-4/stack5137/node_modules/.pnpm/jiti@1.21.7/node_modules/jiti/dist/jiti.js:1:246378)
[error]     at jiti (/Users/zackjackson/Documents/Codex/2026-10-02/task-4/stack5137/node_modules/.pnpm/jiti@1.21.7/node_modules/jiti/dist/jiti.js:1:249092)
[error]     at /Users/zackjackson/Documents/Codex/2026-10-02/task-4/stack5137/apps/next-app-router/next-app-router-4000/tailwind.config.ts:89:13
[error]     at evalModule (/Users/zackjackson/Documents/Codex/2026-10-02/task-4/stack5137/node_modules/.pnpm/jiti@1.21.7/node_modules/jiti/dist/jiti.js:1:251913)
[error]     at jiti (/Users/zackjackson/Documents/Codex/2026-10-02/task-4/stack5137/node_modules/.pnpm/jiti@1.21.7/node_modules/jiti/dist/jiti.js:1:249841)
[error]     at /Users/zackjackson/Documents/Codex/2026-10-02/task-4/stack5137/node_modules/.pnpm/tailwindcss@3.4.13_ts-node@10.9.1_@swc+core@1.7.26_@swc+helpers@0.5.13__@types+node@20.19.5_typescript@6.0.3_/node_modules/tailwindcss/lib/lib/load-config.js:51:30
[error] apps/next-app-router/next-app-router-4000/prettier.config.js: Error: Cannot find module '@tailwindcss/typography'
[error] Require stack:
[error] - /Users/zackjackson/Documents/Codex/2026-10-02/task-4/stack5137/apps/next-app-router/next-app-router-4000/tailwind.config.ts
[error]     at Module._resolveFilename (node:internal/modules/cjs/loader:1476:15)
[error]     at wrapResolveFilename (node:internal/modules/cjs/loader:1049:27)
[error]     at resolveForCJSWithHooks (node:internal/modules/cjs/loader:1094:12)
[error]     at require.resolve (node:internal/modules/helpers:171:31)
[error]     at _resolve (/Users/zackjackson/Documents/Codex/2026-10-02/task-4/stack5137/node_modules/.pnpm/jiti@1.21.7/node_modules/jiti/dist/jiti.js:1:246378)
[error]     at jiti (/Users/zackjackson/Documents/Codex/2026-10-02/task-4/stack5137/node_modules/.pnpm/jiti@1.21.7/node_modules/jiti/dist/jiti.js:1:249092)
[error]     at /Users/zackjackson/Documents/Codex/2026-10-02/task-4/stack5137/apps/next-app-router/next-app-router-4000/tailwind.config.ts:89:13
[error]     at evalModule (/Users/zackjackson/Documents/Codex/2026-10-02/task-4/stack5137/node_modules/.pnpm/jiti@1.21.7/node_modules/jiti/dist/jiti.js:1:251913)
[error]     at jiti (/Users/zackjackson/Documents/Codex/2026-10-02/task-4/stack5137/node_modules/.pnpm/jiti@1.21.7/node_modules/jiti/dist/jiti.js:1:249841)
[error]     at /Users/zackjackson/Documents/Codex/2026-10-02/task-4/stack5137/node_modules/.pnpm/tailwindcss@3.4.13_ts-node@10.9.1_@swc+core@1.7.26_@swc+helpers@0.5.13__@types+node@20.19.5_typescript@6.0.3_/node_modules/tailwindcss/lib/lib/load-config.js:51:30
[error] apps/next-app-router/next-app-router-4000/styles/globals.css: Error: Cannot find module '@tailwindcss/typography'
[error] Require stack:
[error] - /Users/zackjackson/Documents/Codex/2026-10-02/task-4/stack5137/apps/next-app-router/next-app-router-4000/tailwind.config.ts
[error]     at Module._resolveFilename (node:internal/modules/cjs/loader:1476:15)
[error]     at wrapResolveFilename (node:internal/modules/cjs/loader:1049:27)
[error]     at resolveForCJSWithHooks (node:internal/modules/cjs/loader:1094:12)
[error]     at require.resolve (node:internal/modules/helpers:171:31)
[error]     at _resolve (/Users/zackjackson/Documents/Codex/2026-10-02/task-4/stack5137/node_modules/.pnpm/jiti@1.21.7/node_modules/jiti/dist/jiti.js:1:246378)
[error]     at jiti (/Users/zackjackson/Documents/Codex/2026-10-02/task-4/stack5137/node_modules/.pnpm/jiti@1.21.7/node_modules/jiti/dist/jiti.js:1:249092)
[error]     at /Users/zackjackson/Documents/Codex/2026-10-02/task-4/stack5137/apps/next-app-router/next-app-router-4000/tailwind.config.ts:89:13
[error]     at evalModule (/Users/zackjackson/Documents/Codex/2026-10-02/task-4/stack5137/node_modules/.pnpm/jiti@1.21.7/node_modules/jiti/dist/jiti.js:1:251913)
[error]     at jiti (/Users/zackjackson/Documents/Codex/2026-10-02/task-4/stack5137/node_modules/.pnpm/jiti@1.21.7/node_modules/jiti/dist/jiti.js:1:249841)
[error]     at /Users/zackjackson/Documents/Codex/2026-10-02/task-4/stack5137/node_modules/.pnpm/tailwindcss@3.4.13_ts-node@10.9.1_@swc+core@1.7.26_@swc+helpers@0.5.13__@types+node@20.19.5_typescript@6.0.3_/node_modules/tailwindcss/lib/lib/load-config.js:51:30
[error] apps/next-app-router/next-app-router-4000/tailwind.config.ts: Error: Cannot find module '@tailwindcss/typography'
[error] Require stack:
[error] - /Users/zackjackson/Documents/Codex/2026-10-02/task-4/stack5137/apps/next-app-router/next-app-router-4000/tailwind.config.ts
[error]     at Module._resolveFilename (node:internal/modules/cjs/loader:1476:15)
[error]     at wrapResolveFilename (node:internal/modules/cjs/loader:1049:27)
[error]     at resolveForCJSWithHooks (node:internal/modules/cjs/loader:1094:12)
[error]     at require.resolve (node:internal/modules/helpers:171:31)
[error]     at _resolve (/Users/zackjackson/Documents/Codex/2026-10-02/task-4/stack5137/node_modules/.pnpm/jiti@1.21.7/node_modules/jiti/dist/jiti.js:1:246378)
[error]     at jiti (/Users/zackjackson/Documents/Codex/2026-10-02/task-4/stack5137/node_modules/.pnpm/jiti@1.21.7/node_modules/jiti/dist/jiti.js:1:249092)
[error]     at /Users/zackjackson/Documents/Codex/2026-10-02/task-4/stack5137/apps/next-app-router/next-app-router-4000/tailwind.config.ts:89:13
[error]     at evalModule (/Users/zackjackson/Documents/Codex/2026-10-02/task-4/stack5137/node_modules/.pnpm/jiti@1.21.7/node_modules/jiti/dist/jiti.js:1:251913)
[error]     at jiti (/Users/zackjackson/Documents/Codex/2026-10-02/task-4/stack5137/node_modules/.pnpm/jiti@1.21.7/node_modules/jiti/dist/jiti.js:1:249841)
[error]     at /Users/zackjackson/Documents/Codex/2026-10-02/task-4/stack5137/node_modules/.pnpm/tailwindcss@3.4.13_ts-node@10.9.1_@swc+core@1.7.26_@swc+helpers@0.5.13__@types+node@20.19.5_typescript@6.0.3_/node_modules/tailwindcss/lib/lib/load-config.js:51:30
[error] apps/next-app-router/next-app-router-4000/ui/address-bar.tsx: Error: Cannot find module '@tailwindcss/typography'
[error] Require stack:
[error] - /Users/zackjackson/Documents/Codex/2026-10-02/task-4/stack5137/apps/next-app-router/next-app-router-4000/tailwind.config.ts
[error]     at Module._resolveFilename (node:internal/modules/cjs/loader:1476:15)
[error]     at wrapResolveFilename (node:internal/modules/cjs/loader:1049:27)
[error]     at resolveForCJSWithHooks (node:internal/modules/cjs/loader:1094:12)
[error]     at require.resolve (node:internal/modules/helpers:171:31)
[error]     at _resolve (/Users/zackjackson/Documents/Codex/2026-10-02/task-4/stack5137/node_modules/.pnpm/jiti@1.21.7/node_modules/jiti/dist/jiti.js:1:246378)
[error]     at jiti (/Users/zackjackson/Documents/Codex/2026-10-02/task-4/stack5137/node_modules/.pnpm/jiti@1.21.7/node_modules/jiti/dist/jiti.js:1:249092)
[error]     at /Users/zackjackson/Documents/Codex/2026-10-02/task-4/stack5137/apps/next-app-router/next-app-router-4000/tailwind.config.ts:89:13
[error]     at evalModule (/Users/zackjackson/Documents/Codex/2026-10-02/task-4/stack5137/node_modules/.pnpm/jiti@1.21.7/node_modules/jiti/dist/jiti.js:1:251913)
[error]     at jiti (/Users/zackjackson/Documents/Codex/2026-10-02/task-4/stack5137/node_modules/.pnpm/jiti@1.21.7/node_modules/jiti/dist/jiti.js:1:249841)
[error]     at /Users/zackjackson/Documents/Codex/2026-10-02/task-4/stack5137/node_modules/.pnpm/tailwindcss@3.4.13_ts-node@10.9.1_@swc+core@1.7.26_@swc+helpers@0.5.13__@types+node@20.19.5_typescript@6.0.3_/node_modules/tailwindcss/lib/lib/load-config.js:51:30
[error] apps/next-app-router/next-app-router-4000/ui/boundary.tsx: Error: Cannot find module '@tailwindcss/typography'
[error] Require stack:
[error] - /Users/zackjackson/Documents/Codex/2026-10-02/task-4/stack5137/apps/next-app-router/next-app-router-4000/tailwind.config.ts
[error]     at Module._resolveFilename (node:internal/modules/cjs/loader:1476:15)
[error]     at wrapResolveFilename (node:internal/modules/cjs/loader:1049:27)
[error]     at resolveForCJSWithHooks (node:internal/modules/cjs/loader:1094:12)
[error]     at require.resolve (node:internal/modules/helpers:171:31)
[error]     at _resolve (/Users/zackjackson/Documents/Codex/2026-10-02/task-4/stack5137/node_modules/.pnpm/jiti@1.21.7/node_modules/jiti/dist/jiti.js:1:246378)
[error]     at jiti (/Users/zackjackson/Documents/Codex/2026-10-02/task-4/stack5137/node_modules/.pnpm/jiti@1.21.7/node_modules/jiti/dist/jiti.js:1:249092)
[error]     at /Users/zackjackson/Documents/Codex/2026-10-02/task-4/stack5137/apps/next-app-router/next-app-router-4000/tailwind.config.ts:89:13
[error]     at evalModule (/Users/zackjackson/Documents/Codex/2026-10-02/task-4/stack5137/node_modules/.pnpm/jiti@1.21.7/node_modules/jiti/dist/jiti.js:1:251913)
[error]     at jiti (/Users/zackjackson/Documents/Codex/2026-10-02/task-4/stack5137/node_modules/.pnpm/jiti@1.21.7/node_modules/jiti/dist/jiti.js:1:249841)
[error]     at /Users/zackjackson/Documents/Codex/2026-10-02/task-4/stack5137/node_modules/.pnpm/tailwindcss@3.4.13_ts-node@10.9.1_@swc+core@1.7.26_@swc+helpers@0.5.13__@types+node@20.19.5_typescript@6.0.3_/node_modules/tailwindcss/lib/lib/load-config.js:51:30
[error] apps/next-app-router/next-app-router-4000/ui/buggy-button.tsx: Error: Cannot find module '@tailwindcss/typography'
[error] Require stack:
[error] - /Users/zackjackson/Documents/Codex/2026-10-02/task-4/stack5137/apps/next-app-router/next-app-router-4000/tailwind.config.ts
[error]     at Module._resolveFilename (node:internal/modules/cjs/loader:1476:15)
[error]     at wrapResolveFilename (node:internal/modules/cjs/loader:1049:27)
[error]     at resolveForCJSWithHooks (node:internal/modules/cjs/loader:1094:12)
[error]     at require.resolve (node:internal/modules/helpers:171:31)
[error]     at _resolve (/Users/zackjackson/Documents/Codex/2026-10-02/task-4/stack5137/node_modules/.pnpm/jiti@1.21.7/node_modules/jiti/dist/jiti.js:1:246378)
[error]     at jiti (/Users/zackjackson/Documents/Codex/2026-10-02/task-4/stack5137/node_modules/.pnpm/jiti@1.21.7/node_modules/jiti/dist/jiti.js:1:249092)
[error]     at /Users/zackjackson/Documents/Codex/2026-10-02/task-4/stack5137/apps/next-app-router/next-app-router-4000/tailwind.config.ts:89:13
[error]     at evalModule (/Users/zackjackson/Documents/Codex/2026-10-02/task-4/stack5137/node_modules/.pnpm/jiti@1.21.7/node_modules/jiti/dist/jiti.js:1:251913)
[error]     at jiti (/Users/zackjackson/Documents/Codex/2026-10-02/task-4/stack5137/node_modules/.pnpm/jiti@1.21.7/node_modules/jiti/dist/jiti.js:1:249841)
[error]     at /Users/zackjackson/Documents/Codex/2026-10-02/task-4/stack5137/node_modules/.pnpm/tailwindcss@3.4.13_ts-node@10.9.1_@swc+core@1.7.26_@swc+helpers@0.5.13__@types+node@20.19.5_typescript@6.0.3_/node_modules/tailwindcss/lib/lib/load-config.js:51:30
[error] apps/next-app-router/next-app-router-4000/ui/button.tsx: Error: Cannot find module '@tailwindcss/typography'
[error] Require stack:
[error] - /Users/zackjackson/Documents/Codex/2026-10-02/task-4/stack5137/apps/next-app-router/next-app-router-4000/tailwind.config.ts
[error]     at Module._resolveFilename (node:internal/modules/cjs/loader:1476:15)
[error]     at wrapResolveFilename (node:internal/modules/cjs/loader:1049:27)
[error]     at resolveForCJSWithHooks (node:internal/modules/cjs/loader:1094:12)
[error]     at require.resolve (node:internal/modules/helpers:171:31)
[error]     at _resolve (/Users/zackjackson/Documents/Codex/2026-10-02/task-4/stack5137/node_modules/.pnpm/jiti@1.21.7/node_modules/jiti/dist/jiti.js:1:246378)
[error]     at jiti (/Users/zackjackson/Documents/Codex/2026-10-02/task-4/stack5137/node_modules/.pnpm/jiti@1.21.7/node_modules/jiti/dist/jiti.js:1:249092)
[error]     at /Users/zackjackson/Documents/Codex/2026-10-02/task-4/stack5137/apps/next-app-router/next-app-router-4000/tailwind.config.ts:89:13
[error]     at evalModule (/Users/zackjackson/Documents/Codex/2026-10-02/task-4/stack5137/node_modules/.pnpm/jiti@1.21.7/node_modules/jiti/dist/jiti.js:1:251913)
[error]     at jiti (/Users/zackjackson/Documents/Codex/2026-10-02/task-4/stack5137/node_modules/.pnpm/jiti@1.21.7/node_modules/jiti/dist/jiti.js:1:249841)
[error]     at /Users/zackjackson/Documents/Codex/2026-10-02/task-4/stack5137/node_modules/.pnpm/tailwindcss@3.4.13_ts-node@10.9.1_@swc+core@1.7.26_@swc+helpers@0.5.13__@types+node@20.19.5_typescript@6.0.3_/node_modules/tailwindcss/lib/lib/load-config.js:51:30
[error] apps/next-app-router/next-app-router-4000/ui/byline.tsx: Error: Cannot find module '@tailwindcss/typography'
[error] Require stack:
[error] - /Users/zackjackson/Documents/Codex/2026-10-02/task-4/stack5137/apps/next-app-router/next-app-router-4000/tailwind.config.ts
[error]     at Module._resolveFilename (node:internal/modules/cjs/loader:1476:15)
[error]     at wrapResolveFilename (node:internal/modules/cjs/loader:1049:27)
[error]     at resolveForCJSWithHooks (node:internal/modules/cjs/loader:1094:12)
[error]     at require.resolve (node:internal/modules/helpers:171:31)
[error]     at _resolve (/Users/zackjackson/Documents/Codex/2026-10-02/task-4/stack5137/node_modules/.pnpm/jiti@1.21.7/node_modules/jiti/dist/jiti.js:1:246378)
[error]     at jiti (/Users/zackjackson/Documents/Codex/2026-10-02/task-4/stack5137/node_modules/.pnpm/jiti@1.21.7/node_modules/jiti/dist/jiti.js:1:249092)
[error]     at /Users/zackjackson/Documents/Codex/2026-10-02/task-4/stack5137/apps/next-app-router/next-app-router-4000/tailwind.config.ts:89:13
[error]     at evalModule (/Users/zackjackson/Documents/Codex/2026-10-02/task-4/stack5137/node_modules/.pnpm/jiti@1.21.7/node_modules/jiti/dist/jiti.js:1:251913)
[error]     at jiti (/Users/zackjackson/Documents/Codex/2026-10-02/task-4/stack5137/node_modules/.pnpm/jiti@1.21.7/node_modules/jiti/dist/jiti.js:1:249841)
[error]     at /Users/zackjackson/Documents/Codex/2026-10-02/task-4/stack5137/node_modules/.pnpm/tailwindcss@3.4.13_ts-node@10.9.1_@swc+core@1.7.26_@swc+helpers@0.5.13__@types+node@20.19.5_typescript@6.0.3_/node_modules/tailwindcss/lib/lib/load-config.js:51:30
[error] apps/next-app-router/next-app-router-4000/ui/click-counter.tsx: Error: Cannot find module '@tailwindcss/typography'
[error] Require stack:
[error] - /Users/zackjackson/Documents/Codex/2026-10-02/task-4/stack5137/apps/next-app-router/next-app-router-4000/tailwind.config.ts
[error]     at Module._resolveFilename (node:internal/modules/cjs/loader:1476:15)
[error]     at wrapResolveFilename (node:internal/modules/cjs/loader:1049:27)
[error]     at resolveForCJSWithHooks (node:internal/modules/cjs/loader:1094:12)
[error]     at require.resolve (node:internal/modules/helpers:171:31)
[error]     at _resolve (/Users/zackjackson/Documents/Codex/2026-10-02/task-4/stack5137/node_modules/.pnpm/jiti@1.21.7/node_modules/jiti/dist/jiti.js:1:246378)
[error]     at jiti (/Users/zackjackson/Documents/Codex/2026-10-02/task-4/stack5137/node_modules/.pnpm/jiti@1.21.7/node_modules/jiti/dist/jiti.js:1:249092)
[error]     at /Users/zackjackson/Documents/Codex/2026-10-02/task-4/stack5137/apps/next-app-router/next-app-router-4000/tailwind.config.ts:89:13
[error]     at evalModule (/Users/zackjackson/Documents/Codex/2026-10-02/task-4/stack5137/node_modules/.pnpm/jiti@1.21.7/node_modules/jiti/dist/jiti.js:1:251913)
[error]     at jiti (/Users/zackjackson/Documents/Codex/2026-10-02/task-4/stack5137/node_modules/.pnpm/jiti@1.21.7/node_modules/jiti/dist/jiti.js:1:249841)
[error]     at /Users/zackjackson/Documents/Codex/2026-10-02/task-4/stack5137/node_modules/.pnpm/tailwindcss@3.4.13_ts-node@10.9.1_@swc+core@1.7.26_@swc+helpers@0.5.13__@types+node@20.19.5_typescript@6.0.3_/node_modules/tailwindcss/lib/lib/load-config.js:51:30
[error] apps/next-app-router/next-app-router-4000/ui/component-tree.tsx: Error: Cannot find module '@tailwindcss/typography'
[error] Require stack:
[error] - /Users/zackjackson/Documents/Codex/2026-10-02/task-4/stack5137/apps/next-app-router/next-app-router-4000/tailwind.config.ts
[error]     at Module._resolveFilename (node:internal/modules/cjs/loader:1476:15)
[error]     at wrapResolveFilename (node:internal/modules/cjs/loader:1049:27)
[error]     at resolveForCJSWithHooks (node:internal/modules/cjs/loader:1094:12)
[error]     at require.resolve (node:internal/modules/helpers:171:31)
[error]     at _resolve (/Users/zackjackson/Documents/Codex/2026-10-02/task-4/stack5137/node_modules/.pnpm/jiti@1.21.7/node_modules/jiti/dist/jiti.js:1:246378)
[error]     at jiti (/Users/zackjackson/Documents/Codex/2026-10-02/task-4/stack5137/node_modules/.pnpm/jiti@1.21.7/node_modules/jiti/dist/jiti.js:1:249092)
[error]     at /Users/zackjackson/Documents/Codex/2026-10-02/task-4/stack5137/apps/next-app-router/next-app-router-4000/tailwind.config.ts:89:13
[error]     at evalModule (/Users/zackjackson/Documents/Codex/2026-10-02/task-4/stack5137/node_modules/.pnpm/jiti@1.21.7/node_modules/jiti/dist/jiti.js:1:251913)
[error]     at jiti (/Users/zackjackson/Documents/Codex/2026-10-02/task-4/stack5137/node_modules/.pnpm/jiti@1.21.7/node_modules/jiti/dist/jiti.js:1:249841)
[error]     at /Users/zackjackson/Documents/Codex/2026-10-02/task-4/stack5137/node_modules/.pnpm/tailwindcss@3.4.13_ts-node@10.9.1_@swc+core@1.7.26_@swc+helpers@0.5.13__@types+node@20.19.5_typescript@6.0.3_/node_modules/tailwindcss/lib/lib/load-config.js:51:30
[error] apps/next-app-router/next-app-router-4000/ui/count-up.tsx: Error: Cannot find module '@tailwindcss/typography'
[error] Require stack:
[error] - /Users/zackjackson/Documents/Codex/2026-10-02/task-4/stack5137/apps/next-app-router/next-app-router-4000/tailwind.config.ts
[error]     at Module._resolveFilename (node:internal/modules/cjs/loader:1476:15)
[error]     at wrapResolveFilename (node:internal/modules/cjs/loader:1049:27)
[error]     at resolveForCJSWithHooks (node:internal/modules/cjs/loader:1094:12)
[error]     at require.resolve (node:internal/modules/helpers:171:31)
[error]     at _resolve (/Users/zackjackson/Documents/Codex/2026-10-02/task-4/stack5137/node_modules/.pnpm/jiti@1.21.7/node_modules/jiti/dist/jiti.js:1:246378)
[error]     at jiti (/Users/zackjackson/Documents/Codex/2026-10-02/task-4/stack5137/node_modules/.pnpm/jiti@1.21.7/node_modules/jiti/dist/jiti.js:1:249092)
[error]     at /Users/zackjackson/Documents/Codex/2026-10-02/task-4/stack5137/apps/next-app-router/next-app-router-4000/tailwind.config.ts:89:13
[error]     at evalModule (/Users/zackjackson/Documents/Codex/2026-10-02/task-4/stack5137/node_modules/.pnpm/jiti@1.21.7/node_modules/jiti/dist/jiti.js:1:251913)
[error]     at jiti (/Users/zackjackson/Documents/Codex/2026-10-02/task-4/stack5137/node_modules/.pnpm/jiti@1.21.7/node_modules/jiti/dist/jiti.js:1:249841)
[error]     at /Users/zackjackson/Documents/Codex/2026-10-02/task-4/stack5137/node_modules/.pnpm/tailwindcss@3.4.13_ts-node@10.9.1_@swc+core@1.7.26_@swc+helpers@0.5.13__@types+node@20.19.5_typescript@6.0.3_/node_modules/tailwindcss/lib/lib/load-config.js:51:30
[error] apps/next-app-router/next-app-router-4000/ui/external-link.tsx: Error: Cannot find module '@tailwindcss/typography'
[error] Require stack:
[error] - /Users/zackjackson/Documents/Codex/2026-10-02/task-4/stack5137/apps/next-app-router/next-app-router-4000/tailwind.config.ts
[error]     at Module._resolveFilename (node:internal/modules/cjs/loader:1476:15)
[error]     at wrapResolveFilename (node:internal/modules/cjs/loader:1049:27)
[error]     at resolveForCJSWithHooks (node:internal/modules/cjs/loader:1094:12)
[error]     at require.resolve (node:internal/modules/helpers:171:31)
[error]     at _resolve (/Users/zackjackson/Documents/Codex/2026-10-02/task-4/stack5137/node_modules/.pnpm/jiti@1.21.7/node_modules/jiti/dist/jiti.js:1:246378)
[error]     at jiti (/Users/zackjackson/Documents/Codex/2026-10-02/task-4/stack5137/node_modules/.pnpm/jiti@1.21.7/node_modules/jiti/dist/jiti.js:1:249092)
[error]     at /Users/zackjackson/Documents/Codex/2026-10-02/task-4/stack5137/apps/next-app-router/next-app-router-4000/tailwind.config.ts:89:13
[error]     at evalModule (/Users/zackjackson/Documents/Codex/2026-10-02/task-4/stack5137/node_modules/.pnpm/jiti@1.21.7/node_modules/jiti/dist/jiti.js:1:251913)
[error]     at jiti (/Users/zackjackson/Documents/Codex/2026-10-02/task-4/stack5137/node_modules/.pnpm/jiti@1.21.7/node_modules/jiti/dist/jiti.js:1:249841)
[error]     at /Users/zackjackson/Documents/Codex/2026-10-02/task-4/stack5137/node_modules/.pnpm/tailwindcss@3.4.13_ts-node@10.9.1_@swc+core@1.7.26_@swc+helpers@0.5.13__@types+node@20.19.5_typescript@6.0.3_/node_modules/tailwindcss/lib/lib/load-config.js:51:30
[error] apps/next-app-router/next-app-router-4000/ui/footer.tsx: Error: Cannot find module '@tailwindcss/typography'
[error] Require stack:
[error] - /Users/zackjackson/Documents/Codex/2026-10-02/task-4/stack5137/apps/next-app-router/next-app-router-4000/tailwind.config.ts
[error]     at Module._resolveFilename (node:internal/modules/cjs/loader:1476:15)
[error]     at wrapResolveFilename (node:internal/modules/cjs/loader:1049:27)
[error]     at resolveForCJSWithHooks (node:internal/modules/cjs/loader:1094:12)
[error]     at require.resolve (node:internal/modules/helpers:171:31)
[error]     at _resolve (/Users/zackjackson/Documents/Codex/2026-10-02/task-4/stack5137/node_modules/.pnpm/jiti@1.21.7/node_modules/jiti/dist/jiti.js:1:246378)
[error]     at jiti (/Users/zackjackson/Documents/Codex/2026-10-02/task-4/stack5137/node_modules/.pnpm/jiti@1.21.7/node_modules/jiti/dist/jiti.js:1:249092)
[error]     at /Users/zackjackson/Documents/Codex/2026-10-02/task-4/stack5137/apps/next-app-router/next-app-router-4000/tailwind.config.ts:89:13
[error]     at evalModule (/Users/zackjackson/Documents/Codex/2026-10-02/task-4/stack5137/node_modules/.pnpm/jiti@1.21.7/node_modules/jiti/dist/jiti.js:1:251913)
[error]     at jiti (/Users/zackjackson/Documents/Codex/2026-10-02/task-4/stack5137/node_modules/.pnpm/jiti@1.21.7/node_modules/jiti/dist/jiti.js:1:249841)
[error]     at /Users/zackjackson/Documents/Codex/2026-10-02/task-4/stack5137/node_modules/.pnpm/tailwindcss@3.4.13_ts-node@10.9.1_@swc+core@1.7.26_@swc+helpers@0.5.13__@types+node@20.19.5_typescript@6.0.3_/node_modules/tailwindcss/lib/lib/load-config.js:51:30
[error] apps/next-app-router/next-app-router-4000/ui/global-nav.tsx: Error: Cannot find module '@tailwindcss/typography'
[error] Require stack:
[error] - /Users/zackjackson/Documents/Codex/2026-10-02/task-4/stack5137/apps/next-app-router/next-app-router-4000/tailwind.config.ts
[error]     at Module._resolveFilename (node:internal/modules/cjs/loader:1476:15)
[error]     at wrapResolveFilename (node:internal/modules/cjs/loader:1049:27)
[error]     at resolveForCJSWithHooks (node:internal/modules/cjs/loader:1094:12)
[error]     at require.resolve (node:internal/modules/helpers:171:31)
[error]     at _resolve (/Users/zackjackson/Documents/Codex/2026-10-02/task-4/stack5137/node_modules/.pnpm/jiti@1.21.7/node_modules/jiti/dist/jiti.js:1:246378)
[error]     at jiti (/Users/zackjackson/Documents/Codex/2026-10-02/task-4/stack5137/node_modules/.pnpm/jiti@1.21.7/node_modules/jiti/dist/jiti.js:1:249092)
[error]     at /Users/zackjackson/Documents/Codex/2026-10-02/task-4/stack5137/apps/next-app-router/next-app-router-4000/tailwind.config.ts:89:13
[error]     at evalModule (/Users/zackjackson/Documents/Codex/2026-10-02/task-4/stack5137/node_modules/.pnpm/jiti@1.21.7/node_modules/jiti/dist/jiti.js:1:251913)
[error]     at jiti (/Users/zackjackson/Documents/Codex/2026-10-02/task-4/stack5137/node_modules/.pnpm/jiti@1.21.7/node_modules/jiti/dist/jiti.js:1:249841)
[error]     at /Users/zackjackson/Documents/Codex/2026-10-02/task-4/stack5137/node_modules/.pnpm/tailwindcss@3.4.13_ts-node@10.9.1_@swc+core@1.7.26_@swc+helpers@0.5.13__@types+node@20.19.5_typescript@6.0.3_/node_modules/tailwindcss/lib/lib/load-config.js:51:30
[error] apps/next-app-router/next-app-router-4000/ui/header.tsx: Error: Cannot find module '@tailwindcss/typography'
[error] Require stack:
[error] - /Users/zackjackson/Documents/Codex/2026-10-02/task-4/stack5137/apps/next-app-router/next-app-router-4000/tailwind.config.ts
[error]     at Module._resolveFilename (node:internal/modules/cjs/loader:1476:15)
[error]     at wrapResolveFilename (node:internal/modules/cjs/loader:1049:27)
[error]     at resolveForCJSWithHooks (node:internal/modules/cjs/loader:1094:12)
[error]     at require.resolve (node:internal/modules/helpers:171:31)
[error]     at _resolve (/Users/zackjackson/Documents/Codex/2026-10-02/task-4/stack5137/node_modules/.pnpm/jiti@1.21.7/node_modules/jiti/dist/jiti.js:1:246378)
[error]     at jiti (/Users/zackjackson/Documents/Codex/2026-10-02/task-4/stack5137/node_modules/.pnpm/jiti@1.21.7/node_modules/jiti/dist/jiti.js:1:249092)
[error]     at /Users/zackjackson/Documents/Codex/2026-10-02/task-4/stack5137/apps/next-app-router/next-app-router-4000/tailwind.config.ts:89:13
[error]     at evalModule (/Users/zackjackson/Documents/Codex/2026-10-02/task-4/stack5137/node_modules/.pnpm/jiti@1.21.7/node_modules/jiti/dist/jiti.js:1:251913)
[error]     at jiti (/Users/zackjackson/Documents/Codex/2026-10-02/task-4/stack5137/node_modules/.pnpm/jiti@1.21.7/node_modules/jiti/dist/jiti.js:1:249841)
[error]     at /Users/zackjackson/Documents/Codex/2026-10-02/task-4/stack5137/node_modules/.pnpm/tailwindcss@3.4.13_ts-node@10.9.1_@swc+core@1.7.26_@swc+helpers@0.5.13__@types+node@20.19.5_typescript@6.0.3_/node_modules/tailwindcss/lib/lib/load-config.js:51:30
[error] apps/next-app-router/next-app-router-4000/ui/mobile-nav-toggle.tsx: Error: Cannot find module '@tailwindcss/typography'
[error] Require stack:
[error] - /Users/zackjackson/Documents/Codex/2026-10-02/task-4/stack5137/apps/next-app-router/next-app-router-4000/tailwind.config.ts
[error]     at Module._resolveFilename (node:internal/modules/cjs/loader:1476:15)
[error]     at wrapResolveFilename (node:internal/modules/cjs/loader:1049:27)
[error]     at resolveForCJSWithHooks (node:internal/modules/cjs/loader:1094:12)
[error]     at require.resolve (node:internal/modules/helpers:171:31)
[error]     at _resolve (/Users/zackjackson/Documents/Codex/2026-10-02/task-4/stack5137/node_modules/.pnpm/jiti@1.21.7/node_modules/jiti/dist/jiti.js:1:246378)
[error]     at jiti (/Users/zackjackson/Documents/Codex/2026-10-02/task-4/stack5137/node_modules/.pnpm/jiti@1.21.7/node_modules/jiti/dist/jiti.js:1:249092)
[error]     at /Users/zackjackson/Documents/Codex/2026-10-02/task-4/stack5137/apps/next-app-router/next-app-router-4000/tailwind.config.ts:89:13
[error]     at evalModule (/Users/zackjackson/Documents/Codex/2026-10-02/task-4/stack5137/node_modules/.pnpm/jiti@1.21.7/node_modules/jiti/dist/jiti.js:1:251913)
[error]     at jiti (/Users/zackjackson/Documents/Codex/2026-10-02/task-4/stack5137/node_modules/.pnpm/jiti@1.21.7/node_modules/jiti/dist/jiti.js:1:249841)
[error]     at /Users/zackjackson/Documents/Codex/2026-10-02/task-4/stack5137/node_modules/.pnpm/tailwindcss@3.4.13_ts-node@10.9.1_@swc+core@1.7.26_@swc+helpers@0.5.13__@types+node@20.19.5_typescript@6.0.3_/node_modules/tailwindcss/lib/lib/load-config.js:51:30
[error] apps/next-app-router/next-app-router-4000/ui/next-logo.tsx: Error: Cannot find module '@tailwindcss/typography'
[error] Require stack:
[error] - /Users/zackjackson/Documents/Codex/2026-10-02/task-4/stack5137/apps/next-app-router/next-app-router-4000/tailwind.config.ts
[error]     at Module._resolveFilename (node:internal/modules/cjs/loader:1476:15)
[error]     at wrapResolveFilename (node:internal/modules/cjs/loader:1049:27)
[error]     at resolveForCJSWithHooks (node:internal/modules/cjs/loader:1094:12)
[error]     at require.resolve (node:internal/modules/helpers:171:31)
[error]     at _resolve (/Users/zackjackson/Documents/Codex/2026-10-02/task-4/stack5137/node_modules/.pnpm/jiti@1.21.7/node_modules/jiti/dist/jiti.js:1:246378)
[error]     at jiti (/Users/zackjackson/Documents/Codex/2026-10-02/task-4/stack5137/node_modules/.pnpm/jiti@1.21.7/node_modules/jiti/dist/jiti.js:1:249092)
[error]     at /Users/zackjackson/Documents/Codex/2026-10-02/task-4/stack5137/apps/next-app-router/next-app-router-4000/tailwind.config.ts:89:13
[error]     at evalModule (/Users/zackjackson/Documents/Codex/2026-10-02/task-4/stack5137/node_modules/.pnpm/jiti@1.21.7/node_modules/jiti/dist/jiti.js:1:251913)
[error]     at jiti (/Users/zackjackson/Documents/Codex/2026-10-02/task-4/stack5137/node_modules/.pnpm/jiti@1.21.7/node_modules/jiti/dist/jiti.js:1:249841)
[error]     at /Users/zackjackson/Documents/Codex/2026-10-02/task-4/stack5137/node_modules/.pnpm/tailwindcss@3.4.13_ts-node@10.9.1_@swc+core@1.7.26_@swc+helpers@0.5.13__@types+node@20.19.5_typescript@6.0.3_/node_modules/tailwindcss/lib/lib/load-config.js:51:30
[error] apps/next-app-router/next-app-router-4000/ui/ping.tsx: Error: Cannot find module '@tailwindcss/typography'
[error] Require stack:
[error] - /Users/zackjackson/Documents/Codex/2026-10-02/task-4/stack5137/apps/next-app-router/next-app-router-4000/tailwind.config.ts
[error]     at Module._resolveFilename (node:internal/modules/cjs/loader:1476:15)
[error]     at wrapResolveFilename (node:internal/modules/cjs/loader:1049:27)
[error]     at resolveForCJSWithHooks (node:internal/modules/cjs/loader:1094:12)
[error]     at require.resolve (node:internal/modules/helpers:171:31)
[error]     at _resolve (/Users/zackjackson/Documents/Codex/2026-10-02/task-4/stack5137/node_modules/.pnpm/jiti@1.21.7/node_modules/jiti/dist/jiti.js:1:246378)
[error]     at jiti (/Users/zackjackson/Documents/Codex/2026-10-02/task-4/stack5137/node_modules/.pnpm/jiti@1.21.7/node_modules/jiti/dist/jiti.js:1:249092)
[error]     at /Users/zackjackson/Documents/Codex/2026-10-02/task-4/stack5137/apps/next-app-router/next-app-router-4000/tailwind.config.ts:89:13
[error]     at evalModule (/Users/zackjackson/Documents/Codex/2026-10-02/task-4/stack5137/node_modules/.pnpm/jiti@1.21.7/node_modules/jiti/dist/jiti.js:1:251913)
[error]     at jiti (/Users/zackjackson/Documents/Codex/2026-10-02/task-4/stack5137/node_modules/.pnpm/jiti@1.21.7/node_modules/jiti/dist/jiti.js:1:249841)
[error]     at /Users/zackjackson/Documents/Codex/2026-10-02/task-4/stack5137/node_modules/.pnpm/tailwindcss@3.4.13_ts-node@10.9.1_@swc+core@1.7.26_@swc+helpers@0.5.13__@types+node@20.19.5_typescript@6.0.3_/node_modules/tailwindcss/lib/lib/load-config.js:51:30
[error] apps/next-app-router/next-app-router-4000/ui/product-best-seller.tsx: Error: Cannot find module '@tailwindcss/typography'
[error] Require stack:
[error] - /Users/zackjackson/Documents/Codex/2026-10-02/task-4/stack5137/apps/next-app-router/next-app-router-4000/tailwind.config.ts
[error]     at Module._resolveFilename (node:internal/modules/cjs/loader:1476:15)
[error]     at wrapResolveFilename (node:internal/modules/cjs/loader:1049:27)
[error]     at resolveForCJSWithHooks (node:internal/modules/cjs/loader:1094:12)
[error]     at require.resolve (node:internal/modules/helpers:171:31)
[error]     at _resolve (/Users/zackjackson/Documents/Codex/2026-10-02/task-4/stack5137/node_modules/.pnpm/jiti@1.21.7/node_modules/jiti/dist/jiti.js:1:246378)
[error]     at jiti (/Users/zackjackson/Documents/Codex/2026-10-02/task-4/stack5137/node_modules/.pnpm/jiti@1.21.7/node_modules/jiti/dist/jiti.js:1:249092)
[error]     at /Users/zackjackson/Documents/Codex/2026-10-02/task-4/stack5137/apps/next-app-router/next-app-router-4000/tailwind.config.ts:89:13
[error]     at evalModule (/Users/zackjackson/Documents/Codex/2026-10-02/task-4/stack5137/node_modules/.pnpm/jiti@1.21.7/node_modules/jiti/dist/jiti.js:1:251913)
[error]     at jiti (/Users/zackjackson/Documents/Codex/2026-10-02/task-4/stack5137/node_modules/.pnpm/jiti@1.21.7/node_modules/jiti/dist/jiti.js:1:249841)
[error]     at /Users/zackjackson/Documents/Codex/2026-10-02/task-4/stack5137/node_modules/.pnpm/tailwindcss@3.4.13_ts-node@10.9.1_@swc+core@1.7.26_@swc+helpers@0.5.13__@types+node@20.19.5_typescript@6.0.3_/node_modules/tailwindcss/lib/lib/load-config.js:51:30
[error] apps/next-app-router/next-app-router-4000/ui/product-card.tsx: Error: Cannot find module '@tailwindcss/typography'
[error] Require stack:
[error] - /Users/zackjackson/Documents/Codex/2026-10-02/task-4/stack5137/apps/next-app-router/next-app-router-4000/tailwind.config.ts
[error]     at Module._resolveFilename (node:internal/modules/cjs/loader:1476:15)
[error]     at wrapResolveFilename (node:internal/modules/cjs/loader:1049:27)
[error]     at resolveForCJSWithHooks (node:internal/modules/cjs/loader:1094:12)
[error]     at require.resolve (node:internal/modules/helpers:171:31)
[error]     at _resolve (/Users/zackjackson/Documents/Codex/2026-10-02/task-4/stack5137/node_modules/.pnpm/jiti@1.21.7/node_modules/jiti/dist/jiti.js:1:246378)
[error]     at jiti (/Users/zackjackson/Documents/Codex/2026-10-02/task-4/stack5137/node_modules/.pnpm/jiti@1.21.7/node_modules/jiti/dist/jiti.js:1:249092)
[error]     at /Users/zackjackson/Documents/Codex/2026-10-02/task-4/stack5137/apps/next-app-router/next-app-router-4000/tailwind.config.ts:89:13
[error]     at evalModule (/Users/zackjackson/Documents/Codex/2026-10-02/task-4/stack5137/node_modules/.pnpm/jiti@1.21.7/node_modules/jiti/dist/jiti.js:1:251913)
[error]     at jiti (/Users/zackjackson/Documents/Codex/2026-10-02/task-4/stack5137/node_modules/.pnpm/jiti@1.21.7/node_modules/jiti/dist/jiti.js:1:249841)
[error]     at /Users/zackjackson/Documents/Codex/2026-10-02/task-4/stack5137/node_modules/.pnpm/tailwindcss@3.4.13_ts-node@10.9.1_@swc+core@1.7.26_@swc+helpers@0.5.13__@types+node@20.19.5_typescript@6.0.3_/node_modules/tailwindcss/lib/lib/load-config.js:51:30
[error] apps/next-app-router/next-app-router-4000/ui/product-currency-symbol.tsx: Error: Cannot find module '@tailwindcss/typography'
[error] Require stack:
[error] - /Users/zackjackson/Documents/Codex/2026-10-02/task-4/stack5137/apps/next-app-router/next-app-router-4000/tailwind.config.ts
[error]     at Module._resolveFilename (node:internal/modules/cjs/loader:1476:15)
[error]     at wrapResolveFilename (node:internal/modules/cjs/loader:1049:27)
[error]     at resolveForCJSWithHooks (node:internal/modules/cjs/loader:1094:12)
[error]     at require.resolve (node:internal/modules/helpers:171:31)
[error]     at _resolve (/Users/zackjackson/Documents/Codex/2026-10-02/task-4/stack5137/node_modules/.pnpm/jiti@1.21.7/node_modules/jiti/dist/jiti.js:1:246378)
[error]     at jiti (/Users/zackjackson/Documents/Codex/2026-10-02/task-4/stack5137/node_modules/.pnpm/jiti@1.21.7/node_modules/jiti/dist/jiti.js:1:249092)
[error]     at /Users/zackjackson/Documents/Codex/2026-10-02/task-4/stack5137/apps/next-app-router/next-app-router-4000/tailwind.config.ts:89:13
[error]     at evalModule (/Users/zackjackson/Documents/Codex/2026-10-02/task-4/stack5137/node_modules/.pnpm/jiti@1.21.7/node_modules/jiti/dist/jiti.js:1:251913)
[error]     at jiti (/Users/zackjackson/Documents/Codex/2026-10-02/task-4/stack5137/node_modules/.pnpm/jiti@1.21.7/node_modules/jiti/dist/jiti.js:1:249841)
[error]     at /Users/zackjackson/Documents/Codex/2026-10-02/task-4/stack5137/node_modules/.pnpm/tailwindcss@3.4.13_ts-node@10.9.1_@swc+core@1.7.26_@swc+helpers@0.5.13__@types+node@20.19.5_typescript@6.0.3_/node_modules/tailwindcss/lib/lib/load-config.js:51:30
[error] apps/next-app-router/next-app-router-4000/ui/product-deal.tsx: Error: Cannot find module '@tailwindcss/typography'
[error] Require stack:
[error] - /Users/zackjackson/Documents/Codex/2026-10-02/task-4/stack5137/apps/next-app-router/next-app-router-4000/tailwind.config.ts
[error]     at Module._resolveFilename (node:internal/modules/cjs/loader:1476:15)
[error]     at wrapResolveFilename (node:internal/modules/cjs/loader:1049:27)
[error]     at resolveForCJSWithHooks (node:internal/modules/cjs/loader:1094:12)
[error]     at require.resolve (node:internal/modules/helpers:171:31)
[error]     at _resolve (/Users/zackjackson/Documents/Codex/2026-10-02/task-4/stack5137/node_modules/.pnpm/jiti@1.21.7/node_modules/jiti/dist/jiti.js:1:246378)
[error]     at jiti (/Users/zackjackson/Documents/Codex/2026-10-02/task-4/stack5137/node_modules/.pnpm/jiti@1.21.7/node_modules/jiti/dist/jiti.js:1:249092)
[error]     at /Users/zackjackson/Documents/Codex/2026-10-02/task-4/stack5137/apps/next-app-router/next-app-router-4000/tailwind.config.ts:89:13
[error]     at evalModule (/Users/zackjackson/Documents/Codex/2026-10-02/task-4/stack5137/node_modules/.pnpm/jiti@1.21.7/node_modules/jiti/dist/jiti.js:1:251913)
[error]     at jiti (/Users/zackjackson/Documents/Codex/2026-10-02/task-4/stack5137/node_modules/.pnpm/jiti@1.21.7/node_modules/jiti/dist/jiti.js:1:249841)
[error]     at /Users/zackjackson/Documents/Codex/2026-10-02/task-4/stack5137/node_modules/.pnpm/tailwindcss@3.4.13_ts-node@10.9.1_@swc+core@1.7.26_@swc+helpers@0.5.13__@types+node@20.19.5_typescript@6.0.3_/node_modules/tailwindcss/lib/lib/load-config.js:51:30
[error] apps/next-app-router/next-app-router-4000/ui/product-estimated-arrival.tsx: Error: Cannot find module '@tailwindcss/typography'
[error] Require stack:
[error] - /Users/zackjackson/Documents/Codex/2026-10-02/task-4/stack5137/apps/next-app-router/next-app-router-4000/tailwind.config.ts
[error]     at Module._resolveFilename (node:internal/modules/cjs/loader:1476:15)
[error]     at wrapResolveFilename (node:internal/modules/cjs/loader:1049:27)
[error]     at resolveForCJSWithHooks (node:internal/modules/cjs/loader:1094:12)
[error]     at require.resolve (node:internal/modules/helpers:171:31)
[error]     at _resolve (/Users/zackjackson/Documents/Codex/2026-10-02/task-4/stack5137/node_modules/.pnpm/jiti@1.21.7/node_modules/jiti/dist/jiti.js:1:246378)
[error]     at jiti (/Users/zackjackson/Documents/Codex/2026-10-02/task-4/stack5137/node_modules/.pnpm/jiti@1.21.7/node_modules/jiti/dist/jiti.js:1:249092)
[error]     at /Users/zackjackson/Documents/Codex/2026-10-02/task-4/stack5137/apps/next-app-router/next-app-router-4000/tailwind.config.ts:89:13
[error]     at evalModule (/Users/zackjackson/Documents/Codex/2026-10-02/task-4/stack5137/node_modules/.pnpm/jiti@1.21.7/node_modules/jiti/dist/jiti.js:1:251913)
[error]     at jiti (/Users/zackjackson/Documents/Codex/2026-10-02/task-4/stack5137/node_modules/.pnpm/jiti@1.21.7/node_modules/jiti/dist/jiti.js:1:249841)
[error]     at /Users/zackjackson/Documents/Codex/2026-10-02/task-4/stack5137/node_modules/.pnpm/tailwindcss@3.4.13_ts-node@10.9.1_@swc+core@1.7.26_@swc+helpers@0.5.13__@types+node@20.19.5_typescript@6.0.3_/node_modules/tailwindcss/lib/lib/load-config.js:51:30
[error] apps/next-app-router/next-app-router-4000/ui/product-lightening-deal.tsx: Error: Cannot find module '@tailwindcss/typography'
[error] Require stack:
[error] - /Users/zackjackson/Documents/Codex/2026-10-02/task-4/stack5137/apps/next-app-router/next-app-router-4000/tailwind.config.ts
[error]     at Module._resolveFilename (node:internal/modules/cjs/loader:1476:15)
[error]     at wrapResolveFilename (node:internal/modules/cjs/loader:1049:27)
[error]     at resolveForCJSWithHooks (node:internal/modules/cjs/loader:1094:12)
[error]     at require.resolve (node:internal/modules/helpers:171:31)
[error]     at _resolve (/Users/zackjackson/Documents/Codex/2026-10-02/task-4/stack5137/node_modules/.pnpm/jiti@1.21.7/node_modules/jiti/dist/jiti.js:1:246378)
[error]     at jiti (/Users/zackjackson/Documents/Codex/2026-10-02/task-4/stack5137/node_modules/.pnpm/jiti@1.21.7/node_modules/jiti/dist/jiti.js:1:249092)
[error]     at /Users/zackjackson/Documents/Codex/2026-10-02/task-4/stack5137/apps/next-app-router/next-app-router-4000/tailwind.config.ts:89:13
[error]     at evalModule (/Users/zackjackson/Documents/Codex/2026-10-02/task-4/stack5137/node_modules/.pnpm/jiti@1.21.7/node_modules/jiti/dist/jiti.js:1:251913)
[error]     at jiti (/Users/zackjackson/Documents/Codex/2026-10-02/task-4/stack5137/node_modules/.pnpm/jiti@1.21.7/node_modules/jiti/dist/jiti.js:1:249841)
[error]     at /Users/zackjackson/Documents/Codex/2026-10-02/task-4/stack5137/node_modules/.pnpm/tailwindcss@3.4.13_ts-node@10.9.1_@swc+core@1.7.26_@swc+helpers@0.5.13__@types+node@20.19.5_typescript@6.0.3_/node_modules/tailwindcss/lib/lib/load-config.js:51:30
[error] apps/next-app-router/next-app-router-4000/ui/product-low-stock-warning.tsx: Error: Cannot find module '@tailwindcss/typography'
[error] Require stack:
[error] - /Users/zackjackson/Documents/Codex/2026-10-02/task-4/stack5137/apps/next-app-router/next-app-router-4000/tailwind.config.ts
[error]     at Module._resolveFilename (node:internal/modules/cjs/loader:1476:15)
[error]     at wrapResolveFilename (node:internal/modules/cjs/loader:1049:27)
[error]     at resolveForCJSWithHooks (node:internal/modules/cjs/loader:1094:12)
[error]     at require.resolve (node:internal/modules/helpers:171:31)
[error]     at _resolve (/Users/zackjackson/Documents/Codex/2026-10-02/task-4/stack5137/node_modules/.pnpm/jiti@1.21.7/node_modules/jiti/dist/jiti.js:1:246378)
[error]     at jiti (/Users/zackjackson/Documents/Codex/2026-10-02/task-4/stack5137/node_modules/.pnpm/jiti@1.21.7/node_modules/jiti/dist/jiti.js:1:249092)
[error]     at /Users/zackjackson/Documents/Codex/2026-10-02/task-4/stack5137/apps/next-app-router/next-app-router-4000/tailwind.config.ts:89:13
[error]     at evalModule (/Users/zackjackson/Documents/Codex/2026-10-02/task-4/stack5137/node_modules/.pnpm/jiti@1.21.7/node_modules/jiti/dist/jiti.js:1:251913)
[error]     at jiti (/Users/zackjackson/Documents/Codex/2026-10-02/task-4/stack5137/node_modules/.pnpm/jiti@1.21.7/node_modules/jiti/dist/jiti.js:1:249841)
[error]     at /Users/zackjackson/Documents/Codex/2026-10-02/task-4/stack5137/node_modules/.pnpm/tailwindcss@3.4.13_ts-node@10.9.1_@swc+core@1.7.26_@swc+helpers@0.5.13__@types+node@20.19.5_typescript@6.0.3_/node_modules/tailwindcss/lib/lib/load-config.js:51:30
[error] apps/next-app-router/next-app-router-4000/ui/product-price.tsx: Error: Cannot find module '@tailwindcss/typography'
[error] Require stack:
[error] - /Users/zackjackson/Documents/Codex/2026-10-02/task-4/stack5137/apps/next-app-router/next-app-router-4000/tailwind.config.ts
[error]     at Module._resolveFilename (node:internal/modules/cjs/loader:1476:15)
[error]     at wrapResolveFilename (node:internal/modules/cjs/loader:1049:27)
[error]     at resolveForCJSWithHooks (node:internal/modules/cjs/loader:1094:12)
[error]     at require.resolve (node:internal/modules/helpers:171:31)
[error]     at _resolve (/Users/zackjackson/Documents/Codex/2026-10-02/task-4/stack5137/node_modules/.pnpm/jiti@1.21.7/node_modules/jiti/dist/jiti.js:1:246378)
[error]     at jiti (/Users/zackjackson/Documents/Codex/2026-10-02/task-4/stack5137/node_modules/.pnpm/jiti@1.21.7/node_modules/jiti/dist/jiti.js:1:249092)
[error]     at /Users/zackjackson/Documents/Codex/2026-10-02/task-4/stack5137/apps/next-app-router/next-app-router-4000/tailwind.config.ts:89:13
[error]     at evalModule (/Users/zackjackson/Documents/Codex/2026-10-02/task-4/stack5137/node_modules/.pnpm/jiti@1.21.7/node_modules/jiti/dist/jiti.js:1:251913)
[error]     at jiti (/Users/zackjackson/Documents/Codex/2026-10-02/task-4/stack5137/node_modules/.pnpm/jiti@1.21.7/node_modules/jiti/dist/jiti.js:1:249841)
[error]     at /Users/zackjackson/Documents/Codex/2026-10-02/task-4/stack5137/node_modules/.pnpm/tailwindcss@3.4.13_ts-node@10.9.1_@swc+core@1.7.26_@swc+helpers@0.5.13__@types+node@20.19.5_typescript@6.0.3_/node_modules/tailwindcss/lib/lib/load-config.js:51:30
[error] apps/next-app-router/next-app-router-4000/ui/product-rating.tsx: Error: Cannot find module '@tailwindcss/typography'
[error] Require stack:
[error] - /Users/zackjackson/Documents/Codex/2026-10-02/task-4/stack5137/apps/next-app-router/next-app-router-4000/tailwind.config.ts
[error]     at Module._resolveFilename (node:internal/modules/cjs/loader:1476:15)
[error]     at wrapResolveFilename (node:internal/modules/cjs/loader:1049:27)
[error]     at resolveForCJSWithHooks (node:internal/modules/cjs/loader:1094:12)
[error]     at require.resolve (node:internal/modules/helpers:171:31)
[error]     at _resolve (/Users/zackjackson/Documents/Codex/2026-10-02/task-4/stack5137/node_modules/.pnpm/jiti@1.21.7/node_modules/jiti/dist/jiti.js:1:246378)
[error]     at jiti (/Users/zackjackson/Documents/Codex/2026-10-02/task-4/stack5137/node_modules/.pnpm/jiti@1.21.7/node_modules/jiti/dist/jiti.js:1:249092)
[error]     at /Users/zackjackson/Documents/Codex/2026-10-02/task-4/stack5137/apps/next-app-router/next-app-router-4000/tailwind.config.ts:89:13
[error]     at evalModule (/Users/zackjackson/Documents/Codex/2026-10-02/task-4/stack5137/node_modules/.pnpm/jiti@1.21.7/node_modules/jiti/dist/jiti.js:1:251913)
[error]     at jiti (/Users/zackjackson/Documents/Codex/2026-10-02/task-4/stack5137/node_modules/.pnpm/jiti@1.21.7/node_modules/jiti/dist/jiti.js:1:249841)
[error]     at /Users/zackjackson/Documents/Codex/2026-10-02/task-4/stack5137/node_modules/.pnpm/tailwindcss@3.4.13_ts-node@10.9.1_@swc+core@1.7.26_@swc+helpers@0.5.13__@types+node@20.19.5_typescript@6.0.3_/node_modules/tailwindcss/lib/lib/load-config.js:51:30
[error] apps/next-app-router/next-app-router-4000/ui/product-review-card.tsx: Error: Cannot find module '@tailwindcss/typography'
[error] Require stack:
[error] - /Users/zackjackson/Documents/Codex/2026-10-02/task-4/stack5137/apps/next-app-router/next-app-router-4000/tailwind.config.ts
[error]     at Module._resolveFilename (node:internal/modules/cjs/loader:1476:15)
[error]     at wrapResolveFilename (node:internal/modules/cjs/loader:1049:27)
[error]     at resolveForCJSWithHooks (node:internal/modules/cjs/loader:1094:12)
[error]     at require.resolve (node:internal/modules/helpers:171:31)
[error]     at _resolve (/Users/zackjackson/Documents/Codex/2026-10-02/task-4/stack5137/node_modules/.pnpm/jiti@1.21.7/node_modules/jiti/dist/jiti.js:1:246378)
[error]     at jiti (/Users/zackjackson/Documents/Codex/2026-10-02/task-4/stack5137/node_modules/.pnpm/jiti@1.21.7/node_modules/jiti/dist/jiti.js:1:249092)
[error]     at /Users/zackjackson/Documents/Codex/2026-10-02/task-4/stack5137/apps/next-app-router/next-app-router-4000/tailwind.config.ts:89:13
[error]     at evalModule (/Users/zackjackson/Documents/Codex/2026-10-02/task-4/stack5137/node_modules/.pnpm/jiti@1.21.7/node_modules/jiti/dist/jiti.js:1:251913)
[error]     at jiti (/Users/zackjackson/Documents/Codex/2026-10-02/task-4/stack5137/node_modules/.pnpm/jiti@1.21.7/node_modules/jiti/dist/jiti.js:1:249841)
[error]     at /Users/zackjackson/Documents/Codex/2026-10-02/task-4/stack5137/node_modules/.pnpm/tailwindcss@3.4.13_ts-node@10.9.1_@swc+core@1.7.26_@swc+helpers@0.5.13__@types+node@20.19.5_typescript@6.0.3_/node_modules/tailwindcss/lib/lib/load-config.js:51:30
[error] apps/next-app-router/next-app-router-4000/ui/product-split-payments.tsx: Error: Cannot find module '@tailwindcss/typography'
[error] Require stack:
[error] - /Users/zackjackson/Documents/Codex/2026-10-02/task-4/stack5137/apps/next-app-router/next-app-router-4000/tailwind.config.ts
[error]     at Module._resolveFilename (node:internal/modules/cjs/loader:1476:15)
[error]     at wrapResolveFilename (node:internal/modules/cjs/loader:1049:27)
[error]     at resolveForCJSWithHooks (node:internal/modules/cjs/loader:1094:12)
[error]     at require.resolve (node:internal/modules/helpers:171:31)
[error]     at _resolve (/Users/zackjackson/Documents/Codex/2026-10-02/task-4/stack5137/node_modules/.pnpm/jiti@1.21.7/node_modules/jiti/dist/jiti.js:1:246378)
[error]     at jiti (/Users/zackjackson/Documents/Codex/2026-10-02/task-4/stack5137/node_modules/.pnpm/jiti@1.21.7/node_modules/jiti/dist/jiti.js:1:249092)
[error]     at /Users/zackjackson/Documents/Codex/2026-10-02/task-4/stack5137/apps/next-app-router/next-app-router-4000/tailwind.config.ts:89:13
[error]     at evalModule (/Users/zackjackson/Documents/Codex/2026-10-02/task-4/stack5137/node_modules/.pnpm/jiti@1.21.7/node_modules/jiti/dist/jiti.js:1:251913)
[error]     at jiti (/Users/zackjackson/Documents/Codex/2026-10-02/task-4/stack5137/node_modules/.pnpm/jiti@1.21.7/node_modules/jiti/dist/jiti.js:1:249841)
[error]     at /Users/zackjackson/Documents/Codex/2026-10-02/task-4/stack5137/node_modules/.pnpm/tailwindcss@3.4.13_ts-node@10.9.1_@swc+core@1.7.26_@swc+helpers@0.5.13__@types+node@20.19.5_typescript@6.0.3_/node_modules/tailwindcss/lib/lib/load-config.js:51:30
[error] apps/next-app-router/next-app-router-4000/ui/product-used-price.tsx: Error: Cannot find module '@tailwindcss/typography'
[error] Require stack:
[error] - /Users/zackjackson/Documents/Codex/2026-10-02/task-4/stack5137/apps/next-app-router/next-app-router-4000/tailwind.config.ts
[error]     at Module._resolveFilename (node:internal/modules/cjs/loader:1476:15)
[error]     at wrapResolveFilename (node:internal/modules/cjs/loader:1049:27)
[error]     at resolveForCJSWithHooks (node:internal/modules/cjs/loader:1094:12)
[error]     at require.resolve (node:internal/modules/helpers:171:31)
[error]     at _resolve (/Users/zackjackson/Documents/Codex/2026-10-02/task-4/stack5137/node_modules/.pnpm/jiti@1.21.7/node_modules/jiti/dist/jiti.js:1:246378)
[error]     at jiti (/Users/zackjackson/Documents/Codex/2026-10-02/task-4/stack5137/node_modules/.pnpm/jiti@1.21.7/node_modules/jiti/dist/jiti.js:1:249092)
[error]     at /Users/zackjackson/Documents/Codex/2026-10-02/task-4/stack5137/apps/next-app-router/next-app-router-4000/tailwind.config.ts:89:13
[error]     at evalModule (/Users/zackjackson/Documents/Codex/2026-10-02/task-4/stack5137/node_modules/.pnpm/jiti@1.21.7/node_modules/jiti/dist/jiti.js:1:251913)
[error]     at jiti (/Users/zackjackson/Documents/Codex/2026-10-02/task-4/stack5137/node_modules/.pnpm/jiti@1.21.7/node_modules/jiti/dist/jiti.js:1:249841)
[error]     at /Users/zackjackson/Documents/Codex/2026-10-02/task-4/stack5137/node_modules/.pnpm/tailwindcss@3.4.13_ts-node@10.9.1_@swc+core@1.7.26_@swc+helpers@0.5.13__@types+node@20.19.5_typescript@6.0.3_/node_modules/tailwindcss/lib/lib/load-config.js:51:30
[error] apps/next-app-router/next-app-router-4000/ui/rendered-time-ago.tsx: Error: Cannot find module '@tailwindcss/typography'
[error] Require stack:
[error] - /Users/zackjackson/Documents/Codex/2026-10-02/task-4/stack5137/apps/next-app-router/next-app-router-4000/tailwind.config.ts
[error]     at Module._resolveFilename (node:internal/modules/cjs/loader:1476:15)
[error]     at wrapResolveFilename (node:internal/modules/cjs/loader:1049:27)
[error]     at resolveForCJSWithHooks (node:internal/modules/cjs/loader:1094:12)
[error]     at require.resolve (node:internal/modules/helpers:171:31)
[error]     at _resolve (/Users/zackjackson/Documents/Codex/2026-10-02/task-4/stack5137/node_modules/.pnpm/jiti@1.21.7/node_modules/jiti/dist/jiti.js:1:246378)
[error]     at jiti (/Users/zackjackson/Documents/Codex/2026-10-02/task-4/stack5137/node_modules/.pnpm/jiti@1.21.7/node_modules/jiti/dist/jiti.js:1:249092)
[error]     at /Users/zackjackson/Documents/Codex/2026-10-02/task-4/stack5137/apps/next-app-router/next-app-router-4000/tailwind.config.ts:89:13
[error]     at evalModule (/Users/zackjackson/Documents/Codex/2026-10-02/task-4/stack5137/node_modules/.pnpm/jiti@1.21.7/node_modules/jiti/dist/jiti.js:1:251913)
[error]     at jiti (/Users/zackjackson/Documents/Codex/2026-10-02/task-4/stack5137/node_modules/.pnpm/jiti@1.21.7/node_modules/jiti/dist/jiti.js:1:249841)
[error]     at /Users/zackjackson/Documents/Codex/2026-10-02/task-4/stack5137/node_modules/.pnpm/tailwindcss@3.4.13_ts-node@10.9.1_@swc+core@1.7.26_@swc+helpers@0.5.13__@types+node@20.19.5_typescript@6.0.3_/node_modules/tailwindcss/lib/lib/load-config.js:51:30
[error] apps/next-app-router/next-app-router-4000/ui/rendering-info.tsx: Error: Cannot find module '@tailwindcss/typography'
[error] Require stack:
[error] - /Users/zackjackson/Documents/Codex/2026-10-02/task-4/stack5137/apps/next-app-router/next-app-router-4000/tailwind.config.ts
[error]     at Module._resolveFilename (node:internal/modules/cjs/loader:1476:15)
[error]     at wrapResolveFilename (node:internal/modules/cjs/loader:1049:27)
[error]     at resolveForCJSWithHooks (node:internal/modules/cjs/loader:1094:12)
[error]     at require.resolve (node:internal/modules/helpers:171:31)
[error]     at _resolve (/Users/zackjackson/Documents/Codex/2026-10-02/task-4/stack5137/node_modules/.pnpm/jiti@1.21.7/node_modules/jiti/dist/jiti.js:1:246378)
[error]     at jiti (/Users/zackjackson/Documents/Codex/2026-10-02/task-4/stack5137/node_modules/.pnpm/jiti@1.21.7/node_modules/jiti/dist/jiti.js:1:249092)
[error]     at /Users/zackjackson/Documents/Codex/2026-10-02/task-4/stack5137/apps/next-app-router/next-app-router-4000/tailwind.config.ts:89:13
[error]     at evalModule (/Users/zackjackson/Documents/Codex/2026-10-02/task-4/stack5137/node_modules/.pnpm/jiti@1.21.7/node_modules/jiti/dist/jiti.js:1:251913)
[error]     at jiti (/Users/zackjackson/Documents/Codex/2026-10-02/task-4/stack5137/node_modules/.pnpm/jiti@1.21.7/node_modules/jiti/dist/jiti.js:1:249841)
[error]     at /Users/zackjackson/Documents/Codex/2026-10-02/task-4/stack5137/node_modules/.pnpm/tailwindcss@3.4.13_ts-node@10.9.1_@swc+core@1.7.26_@swc+helpers@0.5.13__@types+node@20.19.5_typescript@6.0.3_/node_modules/tailwindcss/lib/lib/load-config.js:51:30
[error] apps/next-app-router/next-app-router-4000/ui/rendering-page-skeleton.tsx: Error: Cannot find module '@tailwindcss/typography'
[error] Require stack:
[error] - /Users/zackjackson/Documents/Codex/2026-10-02/task-4/stack5137/apps/next-app-router/next-app-router-4000/tailwind.config.ts
[error]     at Module._resolveFilename (node:internal/modules/cjs/loader:1476:15)
[error]     at wrapResolveFilename (node:internal/modules/cjs/loader:1049:27)
[error]     at resolveForCJSWithHooks (node:internal/modules/cjs/loader:1094:12)
[error]     at require.resolve (node:internal/modules/helpers:171:31)
[error]     at _resolve (/Users/zackjackson/Documents/Codex/2026-10-02/task-4/stack5137/node_modules/.pnpm/jiti@1.21.7/node_modules/jiti/dist/jiti.js:1:246378)
[error]     at jiti (/Users/zackjackson/Documents/Codex/2026-10-02/task-4/stack5137/node_modules/.pnpm/jiti@1.21.7/node_modules/jiti/dist/jiti.js:1:249092)
[error]     at /Users/zackjackson/Documents/Codex/2026-10-02/task-4/stack5137/apps/next-app-router/next-app-router-4000/tailwind.config.ts:89:13
[error]     at evalModule (/Users/zackjackson/Documents/Codex/2026-10-02/task-4/stack5137/node_modules/.pnpm/jiti@1.21.7/node_modules/jiti/dist/jiti.js:1:251913)
[error]     at jiti (/Users/zackjackson/Documents/Codex/2026-10-02/task-4/stack5137/node_modules/.pnpm/jiti@1.21.7/node_modules/jiti/dist/jiti.js:1:249841)
[error]     at /Users/zackjackson/Documents/Codex/2026-10-02/task-4/stack5137/node_modules/.pnpm/tailwindcss@3.4.13_ts-node@10.9.1_@swc+core@1.7.26_@swc+helpers@0.5.13__@types+node@20.19.5_typescript@6.0.3_/node_modules/tailwindcss/lib/lib/load-config.js:51:30
[error] apps/next-app-router/next-app-router-4000/ui/section-link.tsx: Error: Cannot find module '@tailwindcss/typography'
[error] Require stack:
[error] - /Users/zackjackson/Documents/Codex/2026-10-02/task-4/stack5137/apps/next-app-router/next-app-router-4000/tailwind.config.ts
[error]     at Module._resolveFilename (node:internal/modules/cjs/loader:1476:15)
[error]     at wrapResolveFilename (node:internal/modules/cjs/loader:1049:27)
[error]     at resolveForCJSWithHooks (node:internal/modules/cjs/loader:1094:12)
[error]     at require.resolve (node:internal/modules/helpers:171:31)
[error]     at _resolve (/Users/zackjackson/Documents/Codex/2026-10-02/task-4/stack5137/node_modules/.pnpm/jiti@1.21.7/node_modules/jiti/dist/jiti.js:1:246378)
[error]     at jiti (/Users/zackjackson/Documents/Codex/2026-10-02/task-4/stack5137/node_modules/.pnpm/jiti@1.21.7/node_modules/jiti/dist/jiti.js:1:249092)
[error]     at /Users/zackjackson/Documents/Codex/2026-10-02/task-4/stack5137/apps/next-app-router/next-app-router-4000/tailwind.config.ts:89:13
[error]     at evalModule (/Users/zackjackson/Documents/Codex/2026-10-02/task-4/stack5137/node_modules/.pnpm/jiti@1.21.7/node_modules/jiti/dist/jiti.js:1:251913)
[error]     at jiti (/Users/zackjackson/Documents/Codex/2026-10-02/task-4/stack5137/node_modules/.pnpm/jiti@1.21.7/node_modules/jiti/dist/jiti.js:1:249841)
[error]     at /Users/zackjackson/Documents/Codex/2026-10-02/task-4/stack5137/node_modules/.pnpm/tailwindcss@3.4.13_ts-node@10.9.1_@swc+core@1.7.26_@swc+helpers@0.5.13__@types+node@20.19.5_typescript@6.0.3_/node_modules/tailwindcss/lib/lib/load-config.js:51:30
[error] apps/next-app-router/next-app-router-4000/ui/skeleton-card.tsx: Error: Cannot find module '@tailwindcss/typography'
[error] Require stack:
[error] - /Users/zackjackson/Documents/Codex/2026-10-02/task-4/stack5137/apps/next-app-router/next-app-router-4000/tailwind.config.ts
[error]     at Module._resolveFilename (node:internal/modules/cjs/loader:1476:15)
[error]     at wrapResolveFilename (node:internal/modules/cjs/loader:1049:27)
[error]     at resolveForCJSWithHooks (node:internal/modules/cjs/loader:1094:12)
[error]     at require.resolve (node:internal/modules/helpers:171:31)
[error]     at _resolve (/Users/zackjackson/Documents/Codex/2026-10-02/task-4/stack5137/node_modules/.pnpm/jiti@1.21.7/node_modules/jiti/dist/jiti.js:1:246378)
[error]     at jiti (/Users/zackjackson/Documents/Codex/2026-10-02/task-4/stack5137/node_modules/.pnpm/jiti@1.21.7/node_modules/jiti/dist/jiti.js:1:249092)
[error]     at /Users/zackjackson/Documents/Codex/2026-10-02/task-4/stack5137/apps/next-app-router/next-app-router-4000/tailwind.config.ts:89:13
[error]     at evalModule (/Users/zackjackson/Documents/Codex/2026-10-02/task-4/stack5137/node_modules/.pnpm/jiti@1.21.7/node_modules/jiti/dist/jiti.js:1:251913)
[error]     at jiti (/Users/zackjackson/Documents/Codex/2026-10-02/task-4/stack5137/node_modules/.pnpm/jiti@1.21.7/node_modules/jiti/dist/jiti.js:1:249841)
[error]     at /Users/zackjackson/Documents/Codex/2026-10-02/task-4/stack5137/node_modules/.pnpm/tailwindcss@3.4.13_ts-node@10.9.1_@swc+core@1.7.26_@swc+helpers@0.5.13__@types+node@20.19.5_typescript@6.0.3_/node_modules/tailwindcss/lib/lib/load-config.js:51:30
[error] apps/next-app-router/next-app-router-4000/ui/tab-group.tsx: Error: Cannot find module '@tailwindcss/typography'
[error] Require stack:
[error] - /Users/zackjackson/Documents/Codex/2026-10-02/task-4/stack5137/apps/next-app-router/next-app-router-4000/tailwind.config.ts
[error]     at Module._resolveFilename (node:internal/modules/cjs/loader:1476:15)
[error]     at wrapResolveFilename (node:internal/modules/cjs/loader:1049:27)
[error]     at resolveForCJSWithHooks (node:internal/modules/cjs/loader:1094:12)
[error]     at require.resolve (node:internal/modules/helpers:171:31)
[error]     at _resolve (/Users/zackjackson/Documents/Codex/2026-10-02/task-4/stack5137/node_modules/.pnpm/jiti@1.21.7/node_modules/jiti/dist/jiti.js:1:246378)
[error]     at jiti (/Users/zackjackson/Documents/Codex/2026-10-02/task-4/stack5137/node_modules/.pnpm/jiti@1.21.7/node_modules/jiti/dist/jiti.js:1:249092)
[error]     at /Users/zackjackson/Documents/Codex/2026-10-02/task-4/stack5137/apps/next-app-router/next-app-router-4000/tailwind.config.ts:89:13
[error]     at evalModule (/Users/zackjackson/Documents/Codex/2026-10-02/task-4/stack5137/node_modules/.pnpm/jiti@1.21.7/node_modules/jiti/dist/jiti.js:1:251913)
[error]     at jiti (/Users/zackjackson/Documents/Codex/2026-10-02/task-4/stack5137/node_modules/.pnpm/jiti@1.21.7/node_modules/jiti/dist/jiti.js:1:249841)
[error]     at /Users/zackjackson/Documents/Codex/2026-10-02/task-4/stack5137/node_modules/.pnpm/tailwindcss@3.4.13_ts-node@10.9.1_@swc+core@1.7.26_@swc+helpers@0.5.13__@types+node@20.19.5_typescript@6.0.3_/node_modules/tailwindcss/lib/lib/load-config.js:51:30
[error] apps/next-app-router/next-app-router-4000/ui/tab-nav-item.tsx: Error: Cannot find module '@tailwindcss/typography'
[error] Require stack:
[error] - /Users/zackjackson/Documents/Codex/2026-10-02/task-4/stack5137/apps/next-app-router/next-app-router-4000/tailwind.config.ts
[error]     at Module._resolveFilename (node:internal/modules/cjs/loader:1476:15)
[error]     at wrapResolveFilename (node:internal/modules/cjs/loader:1049:27)
[error]     at resolveForCJSWithHooks (node:internal/modules/cjs/loader:1094:12)
[error]     at require.resolve (node:internal/modules/helpers:171:31)
[error]     at _resolve (/Users/zackjackson/Documents/Codex/2026-10-02/task-4/stack5137/node_modules/.pnpm/jiti@1.21.7/node_modules/jiti/dist/jiti.js:1:246378)
[error]     at jiti (/Users/zackjackson/Documents/Codex/2026-10-02/task-4/stack5137/node_modules/.pnpm/jiti@1.21.7/node_modules/jiti/dist/jiti.js:1:249092)
[error]     at /Users/zackjackson/Documents/Codex/2026-10-02/task-4/stack5137/apps/next-app-router/next-app-router-4000/tailwind.config.ts:89:13
[error]     at evalModule (/Users/zackjackson/Documents/Codex/2026-10-02/task-4/stack5137/node_modules/.pnpm/jiti@1.21.7/node_modules/jiti/dist/jiti.js:1:251913)
[error]     at jiti (/Users/zackjackson/Documents/Codex/2026-10-02/task-4/stack5137/node_modules/.pnpm/jiti@1.21.7/node_modules/jiti/dist/jiti.js:1:249841)
[error]     at /Users/zackjackson/Documents/Codex/2026-10-02/task-4/stack5137/node_modules/.pnpm/tailwindcss@3.4.13_ts-node@10.9.1_@swc+core@1.7.26_@swc+helpers@0.5.13__@types+node@20.19.5_typescript@6.0.3_/node_modules/tailwindcss/lib/lib/load-config.js:51:30
[error] apps/next-app-router/next-app-router-4000/ui/tab.tsx: Error: Cannot find module '@tailwindcss/typography'
[error] Require stack:
[error] - /Users/zackjackson/Documents/Codex/2026-10-02/task-4/stack5137/apps/next-app-router/next-app-router-4000/tailwind.config.ts
[error]     at Module._resolveFilename (node:internal/modules/cjs/loader:1476:15)
[error]     at wrapResolveFilename (node:internal/modules/cjs/loader:1049:27)
[error]     at resolveForCJSWithHooks (node:internal/modules/cjs/loader:1094:12)
[error]     at require.resolve (node:internal/modules/helpers:171:31)
[error]     at _resolve (/Users/zackjackson/Documents/Codex/2026-10-02/task-4/stack5137/node_modules/.pnpm/jiti@1.21.7/node_modules/jiti/dist/jiti.js:1:246378)
[error]     at jiti (/Users/zackjackson/Documents/Codex/2026-10-02/task-4/stack5137/node_modules/.pnpm/jiti@1.21.7/node_modules/jiti/dist/jiti.js:1:249092)
[error]     at /Users/zackjackson/Documents/Codex/2026-10-02/task-4/stack5137/apps/next-app-router/next-app-router-4000/tailwind.config.ts:89:13
[error]     at evalModule (/Users/zackjackson/Documents/Codex/2026-10-02/task-4/stack5137/node_modules/.pnpm/jiti@1.21.7/node_modules/jiti/dist/jiti.js:1:251913)
[error]     at jiti (/Users/zackjackson/Documents/Codex/2026-10-02/task-4/stack5137/node_modules/.pnpm/jiti@1.21.7/node_modules/jiti/dist/jiti.js:1:249841)
[error]     at /Users/zackjackson/Documents/Codex/2026-10-02/task-4/stack5137/node_modules/.pnpm/tailwindcss@3.4.13_ts-node@10.9.1_@swc+core@1.7.26_@swc+helpers@0.5.13__@types+node@20.19.5_typescript@6.0.3_/node_modules/tailwindcss/lib/lib/load-config.js:51:30
[error] apps/next-app-router/next-app-router-4000/ui/vercel-logo.tsx: Error: Cannot find module '@tailwindcss/typography'
[error] Require stack:
[error] - /Users/zackjackson/Documents/Codex/2026-10-02/task-4/stack5137/apps/next-app-router/next-app-router-4000/tailwind.config.ts
[error]     at Module._resolveFilename (node:internal/modules/cjs/loader:1476:15)
[error]     at wrapResolveFilename (node:internal/modules/cjs/loader:1049:27)
[error]     at resolveForCJSWithHooks (node:internal/modules/cjs/loader:1094:12)
[error]     at require.resolve (node:internal/modules/helpers:171:31)
[error]     at _resolve (/Users/zackjackson/Documents/Codex/2026-10-02/task-4/stack5137/node_modules/.pnpm/jiti@1.21.7/node_modules/jiti/dist/jiti.js:1:246378)
[error]     at jiti (/Users/zackjackson/Documents/Codex/2026-10-02/task-4/stack5137/node_modules/.pnpm/jiti@1.21.7/node_modules/jiti/dist/jiti.js:1:249092)
[error]     at /Users/zackjackson/Documents/Codex/2026-10-02/task-4/stack5137/apps/next-app-router/next-app-router-4000/tailwind.config.ts:89:13
[error]     at evalModule (/Users/zackjackson/Documents/Codex/2026-10-02/task-4/stack5137/node_modules/.pnpm/jiti@1.21.7/node_modules/jiti/dist/jiti.js:1:251913)
[error]     at jiti (/Users/zackjackson/Documents/Codex/2026-10-02/task-4/stack5137/node_modules/.pnpm/jiti@1.21.7/node_modules/jiti/dist/jiti.js:1:249841)
[error]     at /Users/zackjackson/Documents/Codex/2026-10-02/task-4/stack5137/node_modules/.pnpm/tailwindcss@3.4.13_ts-node@10.9.1_@swc+core@1.7.26_@swc+helpers@0.5.13__@types+node@20.19.5_typescript@6.0.3_/node_modules/tailwindcss/lib/lib/load-config.js:51:30
[error] apps/next-app-router/next-app-router-4001/app/api/categories/category.d.ts: Error: Cannot find module '@tailwindcss/typography'
[error] Require stack:
[error] - /Users/zackjackson/Documents/Codex/2026-10-02/task-4/stack5137/apps/next-app-router/next-app-router-4001/tailwind.config.ts
[error]     at Module._resolveFilename (node:internal/modules/cjs/loader:1476:15)
[error]     at wrapResolveFilename (node:internal/modules/cjs/loader:1049:27)
[error]     at resolveForCJSWithHooks (node:internal/modules/cjs/loader:1094:12)
[error]     at require.resolve (node:internal/modules/helpers:171:31)
[error]     at _resolve (/Users/zackjackson/Documents/Codex/2026-10-02/task-4/stack5137/node_modules/.pnpm/jiti@1.21.7/node_modules/jiti/dist/jiti.js:1:246378)
[error]     at jiti (/Users/zackjackson/Documents/Codex/2026-10-02/task-4/stack5137/node_modules/.pnpm/jiti@1.21.7/node_modules/jiti/dist/jiti.js:1:249092)
[error]     at /Users/zackjackson/Documents/Codex/2026-10-02/task-4/stack5137/apps/next-app-router/next-app-router-4001/tailwind.config.ts:89:13
[error]     at evalModule (/Users/zackjackson/Documents/Codex/2026-10-02/task-4/stack5137/node_modules/.pnpm/jiti@1.21.7/node_modules/jiti/dist/jiti.js:1:251913)
[error]     at jiti (/Users/zackjackson/Documents/Codex/2026-10-02/task-4/stack5137/node_modules/.pnpm/jiti@1.21.7/node_modules/jiti/dist/jiti.js:1:249841)
[error]     at /Users/zackjackson/Documents/Codex/2026-10-02/task-4/stack5137/node_modules/.pnpm/tailwindcss@3.4.13_ts-node@10.9.1_@swc+core@1.7.26_@swc+helpers@0.5.13__@types+node@20.19.5_typescript@6.0.3_/node_modules/tailwindcss/lib/lib/load-config.js:51:30
[error] apps/next-app-router/next-app-router-4001/app/api/categories/getCategories.ts: Error: Cannot find module '@tailwindcss/typography'
[error] Require stack:
[error] - /Users/zackjackson/Documents/Codex/2026-10-02/task-4/stack5137/apps/next-app-router/next-app-router-4001/tailwind.config.ts
[error]     at Module._resolveFilename (node:internal/modules/cjs/loader:1476:15)
[error]     at wrapResolveFilename (node:internal/modules/cjs/loader:1049:27)
[error]     at resolveForCJSWithHooks (node:internal/modules/cjs/loader:1094:12)
[error]     at require.resolve (node:internal/modules/helpers:171:31)
[error]     at _resolve (/Users/zackjackson/Documents/Codex/2026-10-02/task-4/stack5137/node_modules/.pnpm/jiti@1.21.7/node_modules/jiti/dist/jiti.js:1:246378)
[error]     at jiti (/Users/zackjackson/Documents/Codex/2026-10-02/task-4/stack5137/node_modules/.pnpm/jiti@1.21.7/node_modules/jiti/dist/jiti.js:1:249092)
[error]     at /Users/zackjackson/Documents/Codex/2026-10-02/task-4/stack5137/apps/next-app-router/next-app-router-4001/tailwind.config.ts:89:13
[error]     at evalModule (/Users/zackjackson/Documents/Codex/2026-10-02/task-4/stack5137/node_modules/.pnpm/jiti@1.21.7/node_modules/jiti/dist/jiti.js:1:251913)
[error]     at jiti (/Users/zackjackson/Documents/Codex/2026-10-02/task-4/stack5137/node_modules/.pnpm/jiti@1.21.7/node_modules/jiti/dist/jiti.js:1:249841)
[error]     at /Users/zackjackson/Documents/Codex/2026-10-02/task-4/stack5137/node_modules/.pnpm/tailwindcss@3.4.13_ts-node@10.9.1_@swc+core@1.7.26_@swc+helpers@0.5.13__@types+node@20.19.5_typescript@6.0.3_/node_modules/tailwindcss/lib/lib/load-config.js:51:30
[error] apps/next-app-router/next-app-router-4001/app/api/og/route.tsx: Error: Cannot find module '@tailwindcss/typography'
[error] Require stack:
[error] - /Users/zackjackson/Documents/Codex/2026-10-02/task-4/stack5137/apps/next-app-router/next-app-router-4001/tailwind.config.ts
[error]     at Module._resolveFilename (node:internal/modules/cjs/loader:1476:15)
[error]     at wrapResolveFilename (node:internal/modules/cjs/loader:1049:27)
[error]     at resolveForCJSWithHooks (node:internal/modules/cjs/loader:1094:12)
[error]     at require.resolve (node:internal/modules/helpers:171:31)
[error]     at _resolve (/Users/zackjackson/Documents/Codex/2026-10-02/task-4/stack5137/node_modules/.pnpm/jiti@1.21.7/node_modules/jiti/dist/jiti.js:1:246378)
[error]     at jiti (/Users/zackjackson/Documents/Codex/2026-10-02/task-4/stack5137/node_modules/.pnpm/jiti@1.21.7/node_modules/jiti/dist/jiti.js:1:249092)
[error]     at /Users/zackjackson/Documents/Codex/2026-10-02/task-4/stack5137/apps/next-app-router/next-app-router-4001/tailwind.config.ts:89:13
[error]     at evalModule (/Users/zackjackson/Documents/Codex/2026-10-02/task-4/stack5137/node_modules/.pnpm/jiti@1.21.7/node_modules/jiti/dist/jiti.js:1:251913)
[error]     at jiti (/Users/zackjackson/Documents/Codex/2026-10-02/task-4/stack5137/node_modules/.pnpm/jiti@1.21.7/node_modules/jiti/dist/jiti.js:1:249841)
[error]     at /Users/zackjackson/Documents/Codex/2026-10-02/task-4/stack5137/node_modules/.pnpm/tailwindcss@3.4.13_ts-node@10.9.1_@swc+core@1.7.26_@swc+helpers@0.5.13__@types+node@20.19.5_typescript@6.0.3_/node_modules/tailwindcss/lib/lib/load-config.js:51:30
[error] apps/next-app-router/next-app-router-4001/app/api/products/product.d.ts: Error: Cannot find module '@tailwindcss/typography'
[error] Require stack:
[error] - /Users/zackjackson/Documents/Codex/2026-10-02/task-4/stack5137/apps/next-app-router/next-app-router-4001/tailwind.config.ts
[error]     at Module._resolveFilename (node:internal/modules/cjs/loader:1476:15)
[error]     at wrapResolveFilename (node:internal/modules/cjs/loader:1049:27)
[error]     at resolveForCJSWithHooks (node:internal/modules/cjs/loader:1094:12)
[error]     at require.resolve (node:internal/modules/helpers:171:31)
[error]     at _resolve (/Users/zackjackson/Documents/Codex/2026-10-02/task-4/stack5137/node_modules/.pnpm/jiti@1.21.7/node_modules/jiti/dist/jiti.js:1:246378)
[error]     at jiti (/Users/zackjackson/Documents/Codex/2026-10-02/task-4/stack5137/node_modules/.pnpm/jiti@1.21.7/node_modules/jiti/dist/jiti.js:1:249092)
[error]     at /Users/zackjackson/Documents/Codex/2026-10-02/task-4/stack5137/apps/next-app-router/next-app-router-4001/tailwind.config.ts:89:13
[error]     at evalModule (/Users/zackjackson/Documents/Codex/2026-10-02/task-4/stack5137/node_modules/.pnpm/jiti@1.21.7/node_modules/jiti/dist/jiti.js:1:251913)
[error]     at jiti (/Users/zackjackson/Documents/Codex/2026-10-02/task-4/stack5137/node_modules/.pnpm/jiti@1.21.7/node_modules/jiti/dist/jiti.js:1:249841)
[error]     at /Users/zackjackson/Documents/Codex/2026-10-02/task-4/stack5137/node_modules/.pnpm/tailwindcss@3.4.13_ts-node@10.9.1_@swc+core@1.7.26_@swc+helpers@0.5.13__@types+node@20.19.5_typescript@6.0.3_/node_modules/tailwindcss/lib/lib/load-config.js:51:30
[error] apps/next-app-router/next-app-router-4001/app/api/revalidate/route.ts: Error: Cannot find module '@tailwindcss/typography'
[error] Require stack:
[error] - /Users/zackjackson/Documents/Codex/2026-10-02/task-4/stack5137/apps/next-app-router/next-app-router-4001/tailwind.config.ts
[error]     at Module._resolveFilename (node:internal/modules/cjs/loader:1476:15)
[error]     at wrapResolveFilename (node:internal/modules/cjs/loader:1049:27)
[error]     at resolveForCJSWithHooks (node:internal/modules/cjs/loader:1094:12)
[error]     at require.resolve (node:internal/modules/helpers:171:31)
[error]     at _resolve (/Users/zackjackson/Documents/Codex/2026-10-02/task-4/stack5137/node_modules/.pnpm/jiti@1.21.7/node_modules/jiti/dist/jiti.js:1:246378)
[error]     at jiti (/Users/zackjackson/Documents/Codex/2026-10-02/task-4/stack5137/node_modules/.pnpm/jiti@1.21.7/node_modules/jiti/dist/jiti.js:1:249092)
[error]     at /Users/zackjackson/Documents/Codex/2026-10-02/task-4/stack5137/apps/next-app-router/next-app-router-4001/tailwind.config.ts:89:13
[error]     at evalModule (/Users/zackjackson/Documents/Codex/2026-10-02/task-4/stack5137/node_modules/.pnpm/jiti@1.21.7/node_modules/jiti/dist/jiti.js:1:251913)
[error]     at jiti (/Users/zackjackson/Documents/Codex/2026-10-02/task-4/stack5137/node_modules/.pnpm/jiti@1.21.7/node_modules/jiti/dist/jiti.js:1:249841)
[error]     at /Users/zackjackson/Documents/Codex/2026-10-02/task-4/stack5137/node_modules/.pnpm/tailwindcss@3.4.13_ts-node@10.9.1_@swc+core@1.7.26_@swc+helpers@0.5.13__@types+node@20.19.5_typescript@6.0.3_/node_modules/tailwindcss/lib/lib/load-config.js:51:30
[error] apps/next-app-router/next-app-router-4001/app/api/reviews/getReviews.ts: Error: Cannot find module '@tailwindcss/typography'
[error] Require stack:
[error] - /Users/zackjackson/Documents/Codex/2026-10-02/task-4/stack5137/apps/next-app-router/next-app-router-4001/tailwind.config.ts
[error]     at Module._resolveFilename (node:internal/modules/cjs/loader:1476:15)
[error]     at wrapResolveFilename (node:internal/modules/cjs/loader:1049:27)
[error]     at resolveForCJSWithHooks (node:internal/modules/cjs/loader:1094:12)
[error]     at require.resolve (node:internal/modules/helpers:171:31)
[error]     at _resolve (/Users/zackjackson/Documents/Codex/2026-10-02/task-4/stack5137/node_modules/.pnpm/jiti@1.21.7/node_modules/jiti/dist/jiti.js:1:246378)
[error]     at jiti (/Users/zackjackson/Documents/Codex/2026-10-02/task-4/stack5137/node_modules/.pnpm/jiti@1.21.7/node_modules/jiti/dist/jiti.js:1:249092)
[error]     at /Users/zackjackson/Documents/Codex/2026-10-02/task-4/stack5137/apps/next-app-router/next-app-router-4001/tailwind.config.ts:89:13
[error]     at evalModule (/Users/zackjackson/Documents/Codex/2026-10-02/task-4/stack5137/node_modules/.pnpm/jiti@1.21.7/node_modules/jiti/dist/jiti.js:1:251913)
[error]     at jiti (/Users/zackjackson/Documents/Codex/2026-10-02/task-4/stack5137/node_modules/.pnpm/jiti@1.21.7/node_modules/jiti/dist/jiti.js:1:249841)
[error]     at /Users/zackjackson/Documents/Codex/2026-10-02/task-4/stack5137/node_modules/.pnpm/tailwindcss@3.4.13_ts-node@10.9.1_@swc+core@1.7.26_@swc+helpers@0.5.13__@types+node@20.19.5_typescript@6.0.3_/node_modules/tailwindcss/lib/lib/load-config.js:51:30
[error] apps/next-app-router/next-app-router-4001/app/api/reviews/review.d.ts: Error: Cannot find module '@tailwindcss/typography'
[error] Require stack:
[error] - /Users/zackjackson/Documents/Codex/2026-10-02/task-4/stack5137/apps/next-app-router/next-app-router-4001/tailwind.config.ts
[error]     at Module._resolveFilename (node:internal/modules/cjs/loader:1476:15)
[error]     at wrapResolveFilename (node:internal/modules/cjs/loader:1049:27)
[error]     at resolveForCJSWithHooks (node:internal/modules/cjs/loader:1094:12)
[error]     at require.resolve (node:internal/modules/helpers:171:31)
[error]     at _resolve (/Users/zackjackson/Documents/Codex/2026-10-02/task-4/stack5137/node_modules/.pnpm/jiti@1.21.7/node_modules/jiti/dist/jiti.js:1:246378)
[error]     at jiti (/Users/zackjackson/Documents/Codex/2026-10-02/task-4/stack5137/node_modules/.pnpm/jiti@1.21.7/node_modules/jiti/dist/jiti.js:1:249092)
[error]     at /Users/zackjackson/Documents/Codex/2026-10-02/task-4/stack5137/apps/next-app-router/next-app-router-4001/tailwind.config.ts:89:13
[error]     at evalModule (/Users/zackjackson/Documents/Codex/2026-10-02/task-4/stack5137/node_modules/.pnpm/jiti@1.21.7/node_modules/jiti/dist/jiti.js:1:251913)
[error]     at jiti (/Users/zackjackson/Documents/Codex/2026-10-02/task-4/stack5137/node_modules/.pnpm/jiti@1.21.7/node_modules/jiti/dist/jiti.js:1:249841)
[error]     at /Users/zackjackson/Documents/Codex/2026-10-02/task-4/stack5137/node_modules/.pnpm/tailwindcss@3.4.13_ts-node@10.9.1_@swc+core@1.7.26_@swc+helpers@0.5.13__@types+node@20.19.5_typescript@6.0.3_/node_modules/tailwindcss/lib/lib/load-config.js:51:30
[error] apps/next-app-router/next-app-router-4001/app/context/[categorySlug]/[subCategorySlug]/page.tsx: Error: Cannot find module '@tailwindcss/typography'
[error] Require stack:
[error] - /Users/zackjackson/Documents/Codex/2026-10-02/task-4/stack5137/apps/next-app-router/next-app-router-4001/tailwind.config.ts
[error]     at Module._resolveFilename (node:internal/modules/cjs/loader:1476:15)
[error]     at wrapResolveFilename (node:internal/modules/cjs/loader:1049:27)
[error]     at resolveForCJSWithHooks (node:internal/modules/cjs/loader:1094:12)
[error]     at require.resolve (node:internal/modules/helpers:171:31)
[error]     at _resolve (/Users/zackjackson/Documents/Codex/2026-10-02/task-4/stack5137/node_modules/.pnpm/jiti@1.21.7/node_modules/jiti/dist/jiti.js:1:246378)
[error]     at jiti (/Users/zackjackson/Documents/Codex/2026-10-02/task-4/stack5137/node_modules/.pnpm/jiti@1.21.7/node_modules/jiti/dist/jiti.js:1:249092)
[error]     at /Users/zackjackson/Documents/Codex/2026-10-02/task-4/stack5137/apps/next-app-router/next-app-router-4001/tailwind.config.ts:89:13
[error]     at evalModule (/Users/zackjackson/Documents/Codex/2026-10-02/task-4/stack5137/node_modules/.pnpm/jiti@1.21.7/node_modules/jiti/dist/jiti.js:1:251913)
[error]     at jiti (/Users/zackjackson/Documents/Codex/2026-10-02/task-4/stack5137/node_modules/.pnpm/jiti@1.21.7/node_modules/jiti/dist/jiti.js:1:249841)
[error]     at /Users/zackjackson/Documents/Codex/2026-10-02/task-4/stack5137/node_modules/.pnpm/tailwindcss@3.4.13_ts-node@10.9.1_@swc+core@1.7.26_@swc+helpers@0.5.13__@types+node@20.19.5_typescript@6.0.3_/node_modules/tailwindcss/lib/lib/load-config.js:51:30
[error] apps/next-app-router/next-app-router-4001/app/context/[categorySlug]/layout.tsx: Error: Cannot find module '@tailwindcss/typography'
[error] Require stack:
[error] - /Users/zackjackson/Documents/Codex/2026-10-02/task-4/stack5137/apps/next-app-router/next-app-router-4001/tailwind.config.ts
[error]     at Module._resolveFilename (node:internal/modules/cjs/loader:1476:15)
[error]     at wrapResolveFilename (node:internal/modules/cjs/loader:1049:27)
[error]     at resolveForCJSWithHooks (node:internal/modules/cjs/loader:1094:12)
[error]     at require.resolve (node:internal/modules/helpers:171:31)
[error]     at _resolve (/Users/zackjackson/Documents/Codex/2026-10-02/task-4/stack5137/node_modules/.pnpm/jiti@1.21.7/node_modules/jiti/dist/jiti.js:1:246378)
[error]     at jiti (/Users/zackjackson/Documents/Codex/2026-10-02/task-4/stack5137/node_modules/.pnpm/jiti@1.21.7/node_modules/jiti/dist/jiti.js:1:249092)
[error]     at /Users/zackjackson/Documents/Codex/2026-10-02/task-4/stack5137/apps/next-app-router/next-app-router-4001/tailwind.config.ts:89:13
[error]     at evalModule (/Users/zackjackson/Documents/Codex/2026-10-02/task-4/stack5137/node_modules/.pnpm/jiti@1.21.7/node_modules/jiti/dist/jiti.js:1:251913)
[error]     at jiti (/Users/zackjackson/Documents/Codex/2026-10-02/task-4/stack5137/node_modules/.pnpm/jiti@1.21.7/node_modules/jiti/dist/jiti.js:1:249841)
[error]     at /Users/zackjackson/Documents/Codex/2026-10-02/task-4/stack5137/node_modules/.pnpm/tailwindcss@3.4.13_ts-node@10.9.1_@swc+core@1.7.26_@swc+helpers@0.5.13__@types+node@20.19.5_typescript@6.0.3_/node_modules/tailwindcss/lib/lib/load-config.js:51:30
[error] apps/next-app-router/next-app-router-4001/app/context/[categorySlug]/page.tsx: Error: Cannot find module '@tailwindcss/typography'
[error] Require stack:
[error] - /Users/zackjackson/Documents/Codex/2026-10-02/task-4/stack5137/apps/next-app-router/next-app-router-4001/tailwind.config.ts
[error]     at Module._resolveFilename (node:internal/modules/cjs/loader:1476:15)
[error]     at wrapResolveFilename (node:internal/modules/cjs/loader:1049:27)
[error]     at resolveForCJSWithHooks (node:internal/modules/cjs/loader:1094:12)
[error]     at require.resolve (node:internal/modules/helpers:171:31)
[error]     at _resolve (/Users/zackjackson/Documents/Codex/2026-10-02/task-4/stack5137/node_modules/.pnpm/jiti@1.21.7/node_modules/jiti/dist/jiti.js:1:246378)
[error]     at jiti (/Users/zackjackson/Documents/Codex/2026-10-02/task-4/stack5137/node_modules/.pnpm/jiti@1.21.7/node_modules/jiti/dist/jiti.js:1:249092)
[error]     at /Users/zackjackson/Documents/Codex/2026-10-02/task-4/stack5137/apps/next-app-router/next-app-router-4001/tailwind.config.ts:89:13
[error]     at evalModule (/Users/zackjackson/Documents/Codex/2026-10-02/task-4/stack5137/node_modules/.pnpm/jiti@1.21.7/node_modules/jiti/dist/jiti.js:1:251913)
[error]     at jiti (/Users/zackjackson/Documents/Codex/2026-10-02/task-4/stack5137/node_modules/.pnpm/jiti@1.21.7/node_modules/jiti/dist/jiti.js:1:249841)
[error]     at /Users/zackjackson/Documents/Codex/2026-10-02/task-4/stack5137/node_modules/.pnpm/tailwindcss@3.4.13_ts-node@10.9.1_@swc+core@1.7.26_@swc+helpers@0.5.13__@types+node@20.19.5_typescript@6.0.3_/node_modules/tailwindcss/lib/lib/load-config.js:51:30
[error] apps/next-app-router/next-app-router-4001/app/context/context-click-counter.tsx: Error: Cannot find module '@tailwindcss/typography'
[error] Require stack:
[error] - /Users/zackjackson/Documents/Codex/2026-10-02/task-4/stack5137/apps/next-app-router/next-app-router-4001/tailwind.config.ts
[error]     at Module._resolveFilename (node:internal/modules/cjs/loader:1476:15)
[error]     at wrapResolveFilename (node:internal/modules/cjs/loader:1049:27)
[error]     at resolveForCJSWithHooks (node:internal/modules/cjs/loader:1094:12)
[error]     at require.resolve (node:internal/modules/helpers:171:31)
[error]     at _resolve (/Users/zackjackson/Documents/Codex/2026-10-02/task-4/stack5137/node_modules/.pnpm/jiti@1.21.7/node_modules/jiti/dist/jiti.js:1:246378)
[error]     at jiti (/Users/zackjackson/Documents/Codex/2026-10-02/task-4/stack5137/node_modules/.pnpm/jiti@1.21.7/node_modules/jiti/dist/jiti.js:1:249092)
[error]     at /Users/zackjackson/Documents/Codex/2026-10-02/task-4/stack5137/apps/next-app-router/next-app-router-4001/tailwind.config.ts:89:13
[error]     at evalModule (/Users/zackjackson/Documents/Codex/2026-10-02/task-4/stack5137/node_modules/.pnpm/jiti@1.21.7/node_modules/jiti/dist/jiti.js:1:251913)
[error]     at jiti (/Users/zackjackson/Documents/Codex/2026-10-02/task-4/stack5137/node_modules/.pnpm/jiti@1.21.7/node_modules/jiti/dist/jiti.js:1:249841)
[error]     at /Users/zackjackson/Documents/Codex/2026-10-02/task-4/stack5137/node_modules/.pnpm/tailwindcss@3.4.13_ts-node@10.9.1_@swc+core@1.7.26_@swc+helpers@0.5.13__@types+node@20.19.5_typescript@6.0.3_/node_modules/tailwindcss/lib/lib/load-config.js:51:30
[error] apps/next-app-router/next-app-router-4001/app/context/counter-context.tsx: Error: Cannot find module '@tailwindcss/typography'
[error] Require stack:
[error] - /Users/zackjackson/Documents/Codex/2026-10-02/task-4/stack5137/apps/next-app-router/next-app-router-4001/tailwind.config.ts
[error]     at Module._resolveFilename (node:internal/modules/cjs/loader:1476:15)
[error]     at wrapResolveFilename (node:internal/modules/cjs/loader:1049:27)
[error]     at resolveForCJSWithHooks (node:internal/modules/cjs/loader:1094:12)
[error]     at require.resolve (node:internal/modules/helpers:171:31)
[error]     at _resolve (/Users/zackjackson/Documents/Codex/2026-10-02/task-4/stack5137/node_modules/.pnpm/jiti@1.21.7/node_modules/jiti/dist/jiti.js:1:246378)
[error]     at jiti (/Users/zackjackson/Documents/Codex/2026-10-02/task-4/stack5137/node_modules/.pnpm/jiti@1.21.7/node_modules/jiti/dist/jiti.js:1:249092)
[error]     at /Users/zackjackson/Documents/Codex/2026-10-02/task-4/stack5137/apps/next-app-router/next-app-router-4001/tailwind.config.ts:89:13
[error]     at evalModule (/Users/zackjackson/Documents/Codex/2026-10-02/task-4/stack5137/node_modules/.pnpm/jiti@1.21.7/node_modules/jiti/dist/jiti.js:1:251913)
[error]     at jiti (/Users/zackjackson/Documents/Codex/2026-10-02/task-4/stack5137/node_modules/.pnpm/jiti@1.21.7/node_modules/jiti/dist/jiti.js:1:249841)
[error]     at /Users/zackjackson/Documents/Codex/2026-10-02/task-4/stack5137/node_modules/.pnpm/tailwindcss@3.4.13_ts-node@10.9.1_@swc+core@1.7.26_@swc+helpers@0.5.13__@types+node@20.19.5_typescript@6.0.3_/node_modules/tailwindcss/lib/lib/load-config.js:51:30
[error] apps/next-app-router/next-app-router-4001/app/context/layout.tsx: Error: Cannot find module '@tailwindcss/typography'
[error] Require stack:
[error] - /Users/zackjackson/Documents/Codex/2026-10-02/task-4/stack5137/apps/next-app-router/next-app-router-4001/tailwind.config.ts
[error]     at Module._resolveFilename (node:internal/modules/cjs/loader:1476:15)
[error]     at wrapResolveFilename (node:internal/modules/cjs/loader:1049:27)
[error]     at resolveForCJSWithHooks (node:internal/modules/cjs/loader:1094:12)
[error]     at require.resolve (node:internal/modules/helpers:171:31)
[error]     at _resolve (/Users/zackjackson/Documents/Codex/2026-10-02/task-4/stack5137/node_modules/.pnpm/jiti@1.21.7/node_modules/jiti/dist/jiti.js:1:246378)
[error]     at jiti (/Users/zackjackson/Documents/Codex/2026-10-02/task-4/stack5137/node_modules/.pnpm/jiti@1.21.7/node_modules/jiti/dist/jiti.js:1:249092)
[error]     at /Users/zackjackson/Documents/Codex/2026-10-02/task-4/stack5137/apps/next-app-router/next-app-router-4001/tailwind.config.ts:89:13
[error]     at evalModule (/Users/zackjackson/Documents/Codex/2026-10-02/task-4/stack5137/node_modules/.pnpm/jiti@1.21.7/node_modules/jiti/dist/jiti.js:1:251913)
[error]     at jiti (/Users/zackjackson/Documents/Codex/2026-10-02/task-4/stack5137/node_modules/.pnpm/jiti@1.21.7/node_modules/jiti/dist/jiti.js:1:249841)
[error]     at /Users/zackjackson/Documents/Codex/2026-10-02/task-4/stack5137/node_modules/.pnpm/tailwindcss@3.4.13_ts-node@10.9.1_@swc+core@1.7.26_@swc+helpers@0.5.13__@types+node@20.19.5_typescript@6.0.3_/node_modules/tailwindcss/lib/lib/load-config.js:51:30
[error] apps/next-app-router/next-app-router-4001/app/context/page.tsx: Error: Cannot find module '@tailwindcss/typography'
[error] Require stack:
[error] - /Users/zackjackson/Documents/Codex/2026-10-02/task-4/stack5137/apps/next-app-router/next-app-router-4001/tailwind.config.ts
[error]     at Module._resolveFilename (node:internal/modules/cjs/loader:1476:15)
[error]     at wrapResolveFilename (node:internal/modules/cjs/loader:1049:27)
[error]     at resolveForCJSWithHooks (node:internal/modules/cjs/loader:1094:12)
[error]     at require.resolve (node:internal/modules/helpers:171:31)
[error]     at _resolve (/Users/zackjackson/Documents/Codex/2026-10-02/task-4/stack5137/node_modules/.pnpm/jiti@1.21.7/node_modules/jiti/dist/jiti.js:1:246378)
[error]     at jiti (/Users/zackjackson/Documents/Codex/2026-10-02/task-4/stack5137/node_modules/.pnpm/jiti@1.21.7/node_modules/jiti/dist/jiti.js:1:249092)
[error]     at /Users/zackjackson/Documents/Codex/2026-10-02/task-4/stack5137/apps/next-app-router/next-app-router-4001/tailwind.config.ts:89:13
[error]     at evalModule (/Users/zackjackson/Documents/Codex/2026-10-02/task-4/stack5137/node_modules/.pnpm/jiti@1.21.7/node_modules/jiti/dist/jiti.js:1:251913)
[error]     at jiti (/Users/zackjackson/Documents/Codex/2026-10-02/task-4/stack5137/node_modules/.pnpm/jiti@1.21.7/node_modules/jiti/dist/jiti.js:1:249841)
[error]     at /Users/zackjackson/Documents/Codex/2026-10-02/task-4/stack5137/node_modules/.pnpm/tailwindcss@3.4.13_ts-node@10.9.1_@swc+core@1.7.26_@swc+helpers@0.5.13__@types+node@20.19.5_typescript@6.0.3_/node_modules/tailwindcss/lib/lib/load-config.js:51:30
[error] apps/next-app-router/next-app-router-4001/app/demo/page.tsx: Error: Cannot find module '@tailwindcss/typography'
[error] Require stack:
[error] - /Users/zackjackson/Documents/Codex/2026-10-02/task-4/stack5137/apps/next-app-router/next-app-router-4001/tailwind.config.ts
[error]     at Module._resolveFilename (node:internal/modules/cjs/loader:1476:15)
[error]     at wrapResolveFilename (node:internal/modules/cjs/loader:1049:27)
[error]     at resolveForCJSWithHooks (node:internal/modules/cjs/loader:1094:12)
[error]     at require.resolve (node:internal/modules/helpers:171:31)
[error]     at _resolve (/Users/zackjackson/Documents/Codex/2026-10-02/task-4/stack5137/node_modules/.pnpm/jiti@1.21.7/node_modules/jiti/dist/jiti.js:1:246378)
[error]     at jiti (/Users/zackjackson/Documents/Codex/2026-10-02/task-4/stack5137/node_modules/.pnpm/jiti@1.21.7/node_modules/jiti/dist/jiti.js:1:249092)
[error]     at /Users/zackjackson/Documents/Codex/2026-10-02/task-4/stack5137/apps/next-app-router/next-app-router-4001/tailwind.config.ts:89:13
[error]     at evalModule (/Users/zackjackson/Documents/Codex/2026-10-02/task-4/stack5137/node_modules/.pnpm/jiti@1.21.7/node_modules/jiti/dist/jiti.js:1:251913)
[error]     at jiti (/Users/zackjackson/Documents/Codex/2026-10-02/task-4/stack5137/node_modules/.pnpm/jiti@1.21.7/node_modules/jiti/dist/jiti.js:1:249841)
[error]     at /Users/zackjackson/Documents/Codex/2026-10-02/task-4/stack5137/node_modules/.pnpm/tailwindcss@3.4.13_ts-node@10.9.1_@swc+core@1.7.26_@swc+helpers@0.5.13__@types+node@20.19.5_typescript@6.0.3_/node_modules/tailwindcss/lib/lib/load-config.js:51:30
[error] apps/next-app-router/next-app-router-4001/app/error-handling/[categorySlug]/[subCategorySlug]/error.tsx: Error: Cannot find module '@tailwindcss/typography'
[error] Require stack:
[error] - /Users/zackjackson/Documents/Codex/2026-10-02/task-4/stack5137/apps/next-app-router/next-app-router-4001/tailwind.config.ts
[error]     at Module._resolveFilename (node:internal/modules/cjs/loader:1476:15)
[error]     at wrapResolveFilename (node:internal/modules/cjs/loader:1049:27)
[error]     at resolveForCJSWithHooks (node:internal/modules/cjs/loader:1094:12)
[error]     at require.resolve (node:internal/modules/helpers:171:31)
[error]     at _resolve (/Users/zackjackson/Documents/Codex/2026-10-02/task-4/stack5137/node_modules/.pnpm/jiti@1.21.7/node_modules/jiti/dist/jiti.js:1:246378)
[error]     at jiti (/Users/zackjackson/Documents/Codex/2026-10-02/task-4/stack5137/node_modules/.pnpm/jiti@1.21.7/node_modules/jiti/dist/jiti.js:1:249092)
[error]     at /Users/zackjackson/Documents/Codex/2026-10-02/task-4/stack5137/apps/next-app-router/next-app-router-4001/tailwind.config.ts:89:13
[error]     at evalModule (/Users/zackjackson/Documents/Codex/2026-10-02/task-4/stack5137/node_modules/.pnpm/jiti@1.21.7/node_modules/jiti/dist/jiti.js:1:251913)
[error]     at jiti (/Users/zackjackson/Documents/Codex/2026-10-02/task-4/stack5137/node_modules/.pnpm/jiti@1.21.7/node_modules/jiti/dist/jiti.js:1:249841)
[error]     at /Users/zackjackson/Documents/Codex/2026-10-02/task-4/stack5137/node_modules/.pnpm/tailwindcss@3.4.13_ts-node@10.9.1_@swc+core@1.7.26_@swc+helpers@0.5.13__@types+node@20.19.5_typescript@6.0.3_/node_modules/tailwindcss/lib/lib/load-config.js:51:30
[error] apps/next-app-router/next-app-router-4001/app/error-handling/[categorySlug]/[subCategorySlug]/page.tsx: Error: Cannot find module '@tailwindcss/typography'
[error] Require stack:
[error] - /Users/zackjackson/Documents/Codex/2026-10-02/task-4/stack5137/apps/next-app-router/next-app-router-4001/tailwind.config.ts
[error]     at Module._resolveFilename (node:internal/modules/cjs/loader:1476:15)
[error]     at wrapResolveFilename (node:internal/modules/cjs/loader:1049:27)
[error]     at resolveForCJSWithHooks (node:internal/modules/cjs/loader:1094:12)
[error]     at require.resolve (node:internal/modules/helpers:171:31)
[error]     at _resolve (/Users/zackjackson/Documents/Codex/2026-10-02/task-4/stack5137/node_modules/.pnpm/jiti@1.21.7/node_modules/jiti/dist/jiti.js:1:246378)
[error]     at jiti (/Users/zackjackson/Documents/Codex/2026-10-02/task-4/stack5137/node_modules/.pnpm/jiti@1.21.7/node_modules/jiti/dist/jiti.js:1:249092)
[error]     at /Users/zackjackson/Documents/Codex/2026-10-02/task-4/stack5137/apps/next-app-router/next-app-router-4001/tailwind.config.ts:89:13
[error]     at evalModule (/Users/zackjackson/Documents/Codex/2026-10-02/task-4/stack5137/node_modules/.pnpm/jiti@1.21.7/node_modules/jiti/dist/jiti.js:1:251913)
[error]     at jiti (/Users/zackjackson/Documents/Codex/2026-10-02/task-4/stack5137/node_modules/.pnpm/jiti@1.21.7/node_modules/jiti/dist/jiti.js:1:249841)
[error]     at /Users/zackjackson/Documents/Codex/2026-10-02/task-4/stack5137/node_modules/.pnpm/tailwindcss@3.4.13_ts-node@10.9.1_@swc+core@1.7.26_@swc+helpers@0.5.13__@types+node@20.19.5_typescript@6.0.3_/node_modules/tailwindcss/lib/lib/load-config.js:51:30
[error] apps/next-app-router/next-app-router-4001/app/error-handling/[categorySlug]/error.tsx: Error: Cannot find module '@tailwindcss/typography'
[error] Require stack:
[error] - /Users/zackjackson/Documents/Codex/2026-10-02/task-4/stack5137/apps/next-app-router/next-app-router-4001/tailwind.config.ts
[error]     at Module._resolveFilename (node:internal/modules/cjs/loader:1476:15)
[error]     at wrapResolveFilename (node:internal/modules/cjs/loader:1049:27)
[error]     at resolveForCJSWithHooks (node:internal/modules/cjs/loader:1094:12)
[error]     at require.resolve (node:internal/modules/helpers:171:31)
[error]     at _resolve (/Users/zackjackson/Documents/Codex/2026-10-02/task-4/stack5137/node_modules/.pnpm/jiti@1.21.7/node_modules/jiti/dist/jiti.js:1:246378)
[error]     at jiti (/Users/zackjackson/Documents/Codex/2026-10-02/task-4/stack5137/node_modules/.pnpm/jiti@1.21.7/node_modules/jiti/dist/jiti.js:1:249092)
[error]     at /Users/zackjackson/Documents/Codex/2026-10-02/task-4/stack5137/apps/next-app-router/next-app-router-4001/tailwind.config.ts:89:13
[error]     at evalModule (/Users/zackjackson/Documents/Codex/2026-10-02/task-4/stack5137/node_modules/.pnpm/jiti@1.21.7/node_modules/jiti/dist/jiti.js:1:251913)
[error]     at jiti (/Users/zackjackson/Documents/Codex/2026-10-02/task-4/stack5137/node_modules/.pnpm/jiti@1.21.7/node_modules/jiti/dist/jiti.js:1:249841)
[error]     at /Users/zackjackson/Documents/Codex/2026-10-02/task-4/stack5137/node_modules/.pnpm/tailwindcss@3.4.13_ts-node@10.9.1_@swc+core@1.7.26_@swc+helpers@0.5.13__@types+node@20.19.5_typescript@6.0.3_/node_modules/tailwindcss/lib/lib/load-config.js:51:30
[error] apps/next-app-router/next-app-router-4001/app/error-handling/[categorySlug]/layout.tsx: Error: Cannot find module '@tailwindcss/typography'
[error] Require stack:
[error] - /Users/zackjackson/Documents/Codex/2026-10-02/task-4/stack5137/apps/next-app-router/next-app-router-4001/tailwind.config.ts
[error]     at Module._resolveFilename (node:internal/modules/cjs/loader:1476:15)
[error]     at wrapResolveFilename (node:internal/modules/cjs/loader:1049:27)
[error]     at resolveForCJSWithHooks (node:internal/modules/cjs/loader:1094:12)
[error]     at require.resolve (node:internal/modules/helpers:171:31)
[error]     at _resolve (/Users/zackjackson/Documents/Codex/2026-10-02/task-4/stack5137/node_modules/.pnpm/jiti@1.21.7/node_modules/jiti/dist/jiti.js:1:246378)
[error]     at jiti (/Users/zackjackson/Documents/Codex/2026-10-02/task-4/stack5137/node_modules/.pnpm/jiti@1.21.7/node_modules/jiti/dist/jiti.js:1:249092)
[error]     at /Users/zackjackson/Documents/Codex/2026-10-02/task-4/stack5137/apps/next-app-router/next-app-router-4001/tailwind.config.ts:89:13
[error]     at evalModule (/Users/zackjackson/Documents/Codex/2026-10-02/task-4/stack5137/node_modules/.pnpm/jiti@1.21.7/node_modules/jiti/dist/jiti.js:1:251913)
[error]     at jiti (/Users/zackjackson/Documents/Codex/2026-10-02/task-4/stack5137/node_modules/.pnpm/jiti@1.21.7/node_modules/jiti/dist/jiti.js:1:249841)
[error]     at /Users/zackjackson/Documents/Codex/2026-10-02/task-4/stack5137/node_modules/.pnpm/tailwindcss@3.4.13_ts-node@10.9.1_@swc+core@1.7.26_@swc+helpers@0.5.13__@types+node@20.19.5_typescript@6.0.3_/node_modules/tailwindcss/lib/lib/load-config.js:51:30
[error] apps/next-app-router/next-app-router-4001/app/error-handling/[categorySlug]/page.tsx: Error: Cannot find module '@tailwindcss/typography'
[error] Require stack:
[error] - /Users/zackjackson/Documents/Codex/2026-10-02/task-4/stack5137/apps/next-app-router/next-app-router-4001/tailwind.config.ts
[error]     at Module._resolveFilename (node:internal/modules/cjs/loader:1476:15)
[error]     at wrapResolveFilename (node:internal/modules/cjs/loader:1049:27)
[error]     at resolveForCJSWithHooks (node:internal/modules/cjs/loader:1094:12)
[error]     at require.resolve (node:internal/modules/helpers:171:31)
[error]     at _resolve (/Users/zackjackson/Documents/Codex/2026-10-02/task-4/stack5137/node_modules/.pnpm/jiti@1.21.7/node_modules/jiti/dist/jiti.js:1:246378)
[error]     at jiti (/Users/zackjackson/Documents/Codex/2026-10-02/task-4/stack5137/node_modules/.pnpm/jiti@1.21.7/node_modules/jiti/dist/jiti.js:1:249092)
[error]     at /Users/zackjackson/Documents/Codex/2026-10-02/task-4/stack5137/apps/next-app-router/next-app-router-4001/tailwind.config.ts:89:13
[error]     at evalModule (/Users/zackjackson/Documents/Codex/2026-10-02/task-4/stack5137/node_modules/.pnpm/jiti@1.21.7/node_modules/jiti/dist/jiti.js:1:251913)
[error]     at jiti (/Users/zackjackson/Documents/Codex/2026-10-02/task-4/stack5137/node_modules/.pnpm/jiti@1.21.7/node_modules/jiti/dist/jiti.js:1:249841)
[error]     at /Users/zackjackson/Documents/Codex/2026-10-02/task-4/stack5137/node_modules/.pnpm/tailwindcss@3.4.13_ts-node@10.9.1_@swc+core@1.7.26_@swc+helpers@0.5.13__@types+node@20.19.5_typescript@6.0.3_/node_modules/tailwindcss/lib/lib/load-config.js:51:30
[error] apps/next-app-router/next-app-router-4001/app/error-handling/[categorySlug]/template.tsx: Error: Cannot find module '@tailwindcss/typography'
[error] Require stack:
[error] - /Users/zackjackson/Documents/Codex/2026-10-02/task-4/stack5137/apps/next-app-router/next-app-router-4001/tailwind.config.ts
[error]     at Module._resolveFilename (node:internal/modules/cjs/loader:1476:15)
[error]     at wrapResolveFilename (node:internal/modules/cjs/loader:1049:27)
[error]     at resolveForCJSWithHooks (node:internal/modules/cjs/loader:1094:12)
[error]     at require.resolve (node:internal/modules/helpers:171:31)
[error]     at _resolve (/Users/zackjackson/Documents/Codex/2026-10-02/task-4/stack5137/node_modules/.pnpm/jiti@1.21.7/node_modules/jiti/dist/jiti.js:1:246378)
[error]     at jiti (/Users/zackjackson/Documents/Codex/2026-10-02/task-4/stack5137/node_modules/.pnpm/jiti@1.21.7/node_modules/jiti/dist/jiti.js:1:249092)
[error]     at /Users/zackjackson/Documents/Codex/2026-10-02/task-4/stack5137/apps/next-app-router/next-app-router-4001/tailwind.config.ts:89:13
[error]     at evalModule (/Users/zackjackson/Documents/Codex/2026-10-02/task-4/stack5137/node_modules/.pnpm/jiti@1.21.7/node_modules/jiti/dist/jiti.js:1:251913)
[error]     at jiti (/Users/zackjackson/Documents/Codex/2026-10-02/task-4/stack5137/node_modules/.pnpm/jiti@1.21.7/node_modules/jiti/dist/jiti.js:1:249841)
[error]     at /Users/zackjackson/Documents/Codex/2026-10-02/task-4/stack5137/node_modules/.pnpm/tailwindcss@3.4.13_ts-node@10.9.1_@swc+core@1.7.26_@swc+helpers@0.5.13__@types+node@20.19.5_typescript@6.0.3_/node_modules/tailwindcss/lib/lib/load-config.js:51:30
[error] apps/next-app-router/next-app-router-4001/app/error-handling/error.tsx: Error: Cannot find module '@tailwindcss/typography'
[error] Require stack:
[error] - /Users/zackjackson/Documents/Codex/2026-10-02/task-4/stack5137/apps/next-app-router/next-app-router-4001/tailwind.config.ts
[error]     at Module._resolveFilename (node:internal/modules/cjs/loader:1476:15)
[error]     at wrapResolveFilename (node:internal/modules/cjs/loader:1049:27)
[error]     at resolveForCJSWithHooks (node:internal/modules/cjs/loader:1094:12)
[error]     at require.resolve (node:internal/modules/helpers:171:31)
[error]     at _resolve (/Users/zackjackson/Documents/Codex/2026-10-02/task-4/stack5137/node_modules/.pnpm/jiti@1.21.7/node_modules/jiti/dist/jiti.js:1:246378)
[error]     at jiti (/Users/zackjackson/Documents/Codex/2026-10-02/task-4/stack5137/node_modules/.pnpm/jiti@1.21.7/node_modules/jiti/dist/jiti.js:1:249092)
[error]     at /Users/zackjackson/Documents/Codex/2026-10-02/task-4/stack5137/apps/next-app-router/next-app-router-4001/tailwind.config.ts:89:13
[error]     at evalModule (/Users/zackjackson/Documents/Codex/2026-10-02/task-4/stack5137/node_modules/.pnpm/jiti@1.21.7/node_modules/jiti/dist/jiti.js:1:251913)
[error]     at jiti (/Users/zackjackson/Documents/Codex/2026-10-02/task-4/stack5137/node_modules/.pnpm/jiti@1.21.7/node_modules/jiti/dist/jiti.js:1:249841)
[error]     at /Users/zackjackson/Documents/Codex/2026-10-02/task-4/stack5137/node_modules/.pnpm/tailwindcss@3.4.13_ts-node@10.9.1_@swc+core@1.7.26_@swc+helpers@0.5.13__@types+node@20.19.5_typescript@6.0.3_/node_modules/tailwindcss/lib/lib/load-config.js:51:30
[error] apps/next-app-router/next-app-router-4001/app/error-handling/layout.tsx: Error: Cannot find module '@tailwindcss/typography'
[error] Require stack:
[error] - /Users/zackjackson/Documents/Codex/2026-10-02/task-4/stack5137/apps/next-app-router/next-app-router-4001/tailwind.config.ts
[error]     at Module._resolveFilename (node:internal/modules/cjs/loader:1476:15)
[error]     at wrapResolveFilename (node:internal/modules/cjs/loader:1049:27)
[error]     at resolveForCJSWithHooks (node:internal/modules/cjs/loader:1094:12)
[error]     at require.resolve (node:internal/modules/helpers:171:31)
[error]     at _resolve (/Users/zackjackson/Documents/Codex/2026-10-02/task-4/stack5137/node_modules/.pnpm/jiti@1.21.7/node_modules/jiti/dist/jiti.js:1:246378)
[error]     at jiti (/Users/zackjackson/Documents/Codex/2026-10-02/task-4/stack5137/node_modules/.pnpm/jiti@1.21.7/node_modules/jiti/dist/jiti.js:1:249092)
[error]     at /Users/zackjackson/Documents/Codex/2026-10-02/task-4/stack5137/apps/next-app-router/next-app-router-4001/tailwind.config.ts:89:13
[error]     at evalModule (/Users/zackjackson/Documents/Codex/2026-10-02/task-4/stack5137/node_modules/.pnpm/jiti@1.21.7/node_modules/jiti/dist/jiti.js:1:251913)
[error]     at jiti (/Users/zackjackson/Documents/Codex/2026-10-02/task-4/stack5137/node_modules/.pnpm/jiti@1.21.7/node_modules/jiti/dist/jiti.js:1:249841)
[error]     at /Users/zackjackson/Documents/Codex/2026-10-02/task-4/stack5137/node_modules/.pnpm/tailwindcss@3.4.13_ts-node@10.9.1_@swc+core@1.7.26_@swc+helpers@0.5.13__@types+node@20.19.5_typescript@6.0.3_/node_modules/tailwindcss/lib/lib/load-config.js:51:30
[error] apps/next-app-router/next-app-router-4001/app/error-handling/page.tsx: Error: Cannot find module '@tailwindcss/typography'
[error] Require stack:
[error] - /Users/zackjackson/Documents/Codex/2026-10-02/task-4/stack5137/apps/next-app-router/next-app-router-4001/tailwind.config.ts
[error]     at Module._resolveFilename (node:internal/modules/cjs/loader:1476:15)
[error]     at wrapResolveFilename (node:internal/modules/cjs/loader:1049:27)
[error]     at resolveForCJSWithHooks (node:internal/modules/cjs/loader:1094:12)
[error]     at require.resolve (node:internal/modules/helpers:171:31)
[error]     at _resolve (/Users/zackjackson/Documents/Codex/2026-10-02/task-4/stack5137/node_modules/.pnpm/jiti@1.21.7/node_modules/jiti/dist/jiti.js:1:246378)
[error]     at jiti (/Users/zackjackson/Documents/Codex/2026-10-02/task-4/stack5137/node_modules/.pnpm/jiti@1.21.7/node_modules/jiti/dist/jiti.js:1:249092)
[error]     at /Users/zackjackson/Documents/Codex/2026-10-02/task-4/stack5137/apps/next-app-router/next-app-router-4001/tailwind.config.ts:89:13
[error]     at evalModule (/Users/zackjackson/Documents/Codex/2026-10-02/task-4/stack5137/node_modules/.pnpm/jiti@1.21.7/node_modules/jiti/dist/jiti.js:1:251913)
[error]     at jiti (/Users/zackjackson/Documents/Codex/2026-10-02/task-4/stack5137/node_modules/.pnpm/jiti@1.21.7/node_modules/jiti/dist/jiti.js:1:249841)
[error]     at /Users/zackjackson/Documents/Codex/2026-10-02/task-4/stack5137/node_modules/.pnpm/tailwindcss@3.4.13_ts-node@10.9.1_@swc+core@1.7.26_@swc+helpers@0.5.13__@types+node@20.19.5_typescript@6.0.3_/node_modules/tailwindcss/lib/lib/load-config.js:51:30
[error] apps/next-app-router/next-app-router-4001/app/error-handling/template.tsx: Error: Cannot find module '@tailwindcss/typography'
[error] Require stack:
[error] - /Users/zackjackson/Documents/Codex/2026-10-02/task-4/stack5137/apps/next-app-router/next-app-router-4001/tailwind.config.ts
[error]     at Module._resolveFilename (node:internal/modules/cjs/loader:1476:15)
[error]     at wrapResolveFilename (node:internal/modules/cjs/loader:1049:27)
[error]     at resolveForCJSWithHooks (node:internal/modules/cjs/loader:1094:12)
[error]     at require.resolve (node:internal/modules/helpers:171:31)
[error]     at _resolve (/Users/zackjackson/Documents/Codex/2026-10-02/task-4/stack5137/node_modules/.pnpm/jiti@1.21.7/node_modules/jiti/dist/jiti.js:1:246378)
[error]     at jiti (/Users/zackjackson/Documents/Codex/2026-10-02/task-4/stack5137/node_modules/.pnpm/jiti@1.21.7/node_modules/jiti/dist/jiti.js:1:249092)
[error]     at /Users/zackjackson/Documents/Codex/2026-10-02/task-4/stack5137/apps/next-app-router/next-app-router-4001/tailwind.config.ts:89:13
[error]     at evalModule (/Users/zackjackson/Documents/Codex/2026-10-02/task-4/stack5137/node_modules/.pnpm/jiti@1.21.7/node_modules/jiti/dist/jiti.js:1:251913)
[error]     at jiti (/Users/zackjackson/Documents/Codex/2026-10-02/task-4/stack5137/node_modules/.pnpm/jiti@1.21.7/node_modules/jiti/dist/jiti.js:1:249841)
[error]     at /Users/zackjackson/Documents/Codex/2026-10-02/task-4/stack5137/node_modules/.pnpm/tailwindcss@3.4.13_ts-node@10.9.1_@swc+core@1.7.26_@swc+helpers@0.5.13__@types+node@20.19.5_typescript@6.0.3_/node_modules/tailwindcss/lib/lib/load-config.js:51:30
[error] apps/next-app-router/next-app-router-4001/app/hooks/_components/router-context-layout.tsx: Error: Cannot find module '@tailwindcss/typography'
[error] Require stack:
[error] - /Users/zackjackson/Documents/Codex/2026-10-02/task-4/stack5137/apps/next-app-router/next-app-router-4001/tailwind.config.ts
[error]     at Module._resolveFilename (node:internal/modules/cjs/loader:1476:15)
[error]     at wrapResolveFilename (node:internal/modules/cjs/loader:1049:27)
[error]     at resolveForCJSWithHooks (node:internal/modules/cjs/loader:1094:12)
[error]     at require.resolve (node:internal/modules/helpers:171:31)
[error]     at _resolve (/Users/zackjackson/Documents/Codex/2026-10-02/task-4/stack5137/node_modules/.pnpm/jiti@1.21.7/node_modules/jiti/dist/jiti.js:1:246378)
[error]     at jiti (/Users/zackjackson/Documents/Codex/2026-10-02/task-4/stack5137/node_modules/.pnpm/jiti@1.21.7/node_modules/jiti/dist/jiti.js:1:249092)
[error]     at /Users/zackjackson/Documents/Codex/2026-10-02/task-4/stack5137/apps/next-app-router/next-app-router-4001/tailwind.config.ts:89:13
[error]     at evalModule (/Users/zackjackson/Documents/Codex/2026-10-02/task-4/stack5137/node_modules/.pnpm/jiti@1.21.7/node_modules/jiti/dist/jiti.js:1:251913)
[error]     at jiti (/Users/zackjackson/Documents/Codex/2026-10-02/task-4/stack5137/node_modules/.pnpm/jiti@1.21.7/node_modules/jiti/dist/jiti.js:1:249841)
[error]     at /Users/zackjackson/Documents/Codex/2026-10-02/task-4/stack5137/node_modules/.pnpm/tailwindcss@3.4.13_ts-node@10.9.1_@swc+core@1.7.26_@swc+helpers@0.5.13__@types+node@20.19.5_typescript@6.0.3_/node_modules/tailwindcss/lib/lib/load-config.js:51:30
[error] apps/next-app-router/next-app-router-4001/app/hooks/_components/router-context.tsx: Error: Cannot find module '@tailwindcss/typography'
[error] Require stack:
[error] - /Users/zackjackson/Documents/Codex/2026-10-02/task-4/stack5137/apps/next-app-router/next-app-router-4001/tailwind.config.ts
[error]     at Module._resolveFilename (node:internal/modules/cjs/loader:1476:15)
[error]     at wrapResolveFilename (node:internal/modules/cjs/loader:1049:27)
[error]     at resolveForCJSWithHooks (node:internal/modules/cjs/loader:1094:12)
[error]     at require.resolve (node:internal/modules/helpers:171:31)
[error]     at _resolve (/Users/zackjackson/Documents/Codex/2026-10-02/task-4/stack5137/node_modules/.pnpm/jiti@1.21.7/node_modules/jiti/dist/jiti.js:1:246378)
[error]     at jiti (/Users/zackjackson/Documents/Codex/2026-10-02/task-4/stack5137/node_modules/.pnpm/jiti@1.21.7/node_modules/jiti/dist/jiti.js:1:249092)
[error]     at /Users/zackjackson/Documents/Codex/2026-10-02/task-4/stack5137/apps/next-app-router/next-app-router-4001/tailwind.config.ts:89:13
[error]     at evalModule (/Users/zackjackson/Documents/Codex/2026-10-02/task-4/stack5137/node_modules/.pnpm/jiti@1.21.7/node_modules/jiti/dist/jiti.js:1:251913)
[error]     at jiti (/Users/zackjackson/Documents/Codex/2026-10-02/task-4/stack5137/node_modules/.pnpm/jiti@1.21.7/node_modules/jiti/dist/jiti.js:1:249841)
[error]     at /Users/zackjackson/Documents/Codex/2026-10-02/task-4/stack5137/node_modules/.pnpm/tailwindcss@3.4.13_ts-node@10.9.1_@swc+core@1.7.26_@swc+helpers@0.5.13__@types+node@20.19.5_typescript@6.0.3_/node_modules/tailwindcss/lib/lib/load-config.js:51:30
[error] apps/next-app-router/next-app-router-4001/app/hooks/[categorySlug]/[subCategorySlug]/page.tsx: Error: Cannot find module '@tailwindcss/typography'
[error] Require stack:
[error] - /Users/zackjackson/Documents/Codex/2026-10-02/task-4/stack5137/apps/next-app-router/next-app-router-4001/tailwind.config.ts
[error]     at Module._resolveFilename (node:internal/modules/cjs/loader:1476:15)
[error]     at wrapResolveFilename (node:internal/modules/cjs/loader:1049:27)
[error]     at resolveForCJSWithHooks (node:internal/modules/cjs/loader:1094:12)
[error]     at require.resolve (node:internal/modules/helpers:171:31)
[error]     at _resolve (/Users/zackjackson/Documents/Codex/2026-10-02/task-4/stack5137/node_modules/.pnpm/jiti@1.21.7/node_modules/jiti/dist/jiti.js:1:246378)
[error]     at jiti (/Users/zackjackson/Documents/Codex/2026-10-02/task-4/stack5137/node_modules/.pnpm/jiti@1.21.7/node_modules/jiti/dist/jiti.js:1:249092)
[error]     at /Users/zackjackson/Documents/Codex/2026-10-02/task-4/stack5137/apps/next-app-router/next-app-router-4001/tailwind.config.ts:89:13
[error]     at evalModule (/Users/zackjackson/Documents/Codex/2026-10-02/task-4/stack5137/node_modules/.pnpm/jiti@1.21.7/node_modules/jiti/dist/jiti.js:1:251913)
[error]     at jiti (/Users/zackjackson/Documents/Codex/2026-10-02/task-4/stack5137/node_modules/.pnpm/jiti@1.21.7/node_modules/jiti/dist/jiti.js:1:249841)
[error]     at /Users/zackjackson/Documents/Codex/2026-10-02/task-4/stack5137/node_modules/.pnpm/tailwindcss@3.4.13_ts-node@10.9.1_@swc+core@1.7.26_@swc+helpers@0.5.13__@types+node@20.19.5_typescript@6.0.3_/node_modules/tailwindcss/lib/lib/load-config.js:51:30
[error] apps/next-app-router/next-app-router-4001/app/hooks/[categorySlug]/layout.tsx: Error: Cannot find module '@tailwindcss/typography'
[error] Require stack:
[error] - /Users/zackjackson/Documents/Codex/2026-10-02/task-4/stack5137/apps/next-app-router/next-app-router-4001/tailwind.config.ts
[error]     at Module._resolveFilename (node:internal/modules/cjs/loader:1476:15)
[error]     at wrapResolveFilename (node:internal/modules/cjs/loader:1049:27)
[error]     at resolveForCJSWithHooks (node:internal/modules/cjs/loader:1094:12)
[error]     at require.resolve (node:internal/modules/helpers:171:31)
[error]     at _resolve (/Users/zackjackson/Documents/Codex/2026-10-02/task-4/stack5137/node_modules/.pnpm/jiti@1.21.7/node_modules/jiti/dist/jiti.js:1:246378)
[error]     at jiti (/Users/zackjackson/Documents/Codex/2026-10-02/task-4/stack5137/node_modules/.pnpm/jiti@1.21.7/node_modules/jiti/dist/jiti.js:1:249092)
[error]     at /Users/zackjackson/Documents/Codex/2026-10-02/task-4/stack5137/apps/next-app-router/next-app-router-4001/tailwind.config.ts:89:13
[error]     at evalModule (/Users/zackjackson/Documents/Codex/2026-10-02/task-4/stack5137/node_modules/.pnpm/jiti@1.21.7/node_modules/jiti/dist/jiti.js:1:251913)
[error]     at jiti (/Users/zackjackson/Documents/Codex/2026-10-02/task-4/stack5137/node_modules/.pnpm/jiti@1.21.7/node_modules/jiti/dist/jiti.js:1:249841)
[error]     at /Users/zackjackson/Documents/Codex/2026-10-02/task-4/stack5137/node_modules/.pnpm/tailwindcss@3.4.13_ts-node@10.9.1_@swc+core@1.7.26_@swc+helpers@0.5.13__@types+node@20.19.5_typescript@6.0.3_/node_modules/tailwindcss/lib/lib/load-config.js:51:30
[error] apps/next-app-router/next-app-router-4001/app/hooks/[categorySlug]/page.tsx: Error: Cannot find module '@tailwindcss/typography'
[error] Require stack:
[error] - /Users/zackjackson/Documents/Codex/2026-10-02/task-4/stack5137/apps/next-app-router/next-app-router-4001/tailwind.config.ts
[error]     at Module._resolveFilename (node:internal/modules/cjs/loader:1476:15)
[error]     at wrapResolveFilename (node:internal/modules/cjs/loader:1049:27)
[error]     at resolveForCJSWithHooks (node:internal/modules/cjs/loader:1094:12)
[error]     at require.resolve (node:internal/modules/helpers:171:31)
[error]     at _resolve (/Users/zackjackson/Documents/Codex/2026-10-02/task-4/stack5137/node_modules/.pnpm/jiti@1.21.7/node_modules/jiti/dist/jiti.js:1:246378)
[error]     at jiti (/Users/zackjackson/Documents/Codex/2026-10-02/task-4/stack5137/node_modules/.pnpm/jiti@1.21.7/node_modules/jiti/dist/jiti.js:1:249092)
[error]     at /Users/zackjackson/Documents/Codex/2026-10-02/task-4/stack5137/apps/next-app-router/next-app-router-4001/tailwind.config.ts:89:13
[error]     at evalModule (/Users/zackjackson/Documents/Codex/2026-10-02/task-4/stack5137/node_modules/.pnpm/jiti@1.21.7/node_modules/jiti/dist/jiti.js:1:251913)
[error]     at jiti (/Users/zackjackson/Documents/Codex/2026-10-02/task-4/stack5137/node_modules/.pnpm/jiti@1.21.7/node_modules/jiti/dist/jiti.js:1:249841)
[error]     at /Users/zackjackson/Documents/Codex/2026-10-02/task-4/stack5137/node_modules/.pnpm/tailwindcss@3.4.13_ts-node@10.9.1_@swc+core@1.7.26_@swc+helpers@0.5.13__@types+node@20.19.5_typescript@6.0.3_/node_modules/tailwindcss/lib/lib/load-config.js:51:30
[error] apps/next-app-router/next-app-router-4001/app/hooks/[categorySlug]/template.tsx: Error: Cannot find module '@tailwindcss/typography'
[error] Require stack:
[error] - /Users/zackjackson/Documents/Codex/2026-10-02/task-4/stack5137/apps/next-app-router/next-app-router-4001/tailwind.config.ts
[error]     at Module._resolveFilename (node:internal/modules/cjs/loader:1476:15)
[error]     at wrapResolveFilename (node:internal/modules/cjs/loader:1049:27)
[error]     at resolveForCJSWithHooks (node:internal/modules/cjs/loader:1094:12)
[error]     at require.resolve (node:internal/modules/helpers:171:31)
[error]     at _resolve (/Users/zackjackson/Documents/Codex/2026-10-02/task-4/stack5137/node_modules/.pnpm/jiti@1.21.7/node_modules/jiti/dist/jiti.js:1:246378)
[error]     at jiti (/Users/zackjackson/Documents/Codex/2026-10-02/task-4/stack5137/node_modules/.pnpm/jiti@1.21.7/node_modules/jiti/dist/jiti.js:1:249092)
[error]     at /Users/zackjackson/Documents/Codex/2026-10-02/task-4/stack5137/apps/next-app-router/next-app-router-4001/tailwind.config.ts:89:13
[error]     at evalModule (/Users/zackjackson/Documents/Codex/2026-10-02/task-4/stack5137/node_modules/.pnpm/jiti@1.21.7/node_modules/jiti/dist/jiti.js:1:251913)
[error]     at jiti (/Users/zackjackson/Documents/Codex/2026-10-02/task-4/stack5137/node_modules/.pnpm/jiti@1.21.7/node_modules/jiti/dist/jiti.js:1:249841)
[error]     at /Users/zackjackson/Documents/Codex/2026-10-02/task-4/stack5137/node_modules/.pnpm/tailwindcss@3.4.13_ts-node@10.9.1_@swc+core@1.7.26_@swc+helpers@0.5.13__@types+node@20.19.5_typescript@6.0.3_/node_modules/tailwindcss/lib/lib/load-config.js:51:30
[error] apps/next-app-router/next-app-router-4001/app/hooks/layout.tsx: Error: Cannot find module '@tailwindcss/typography'
[error] Require stack:
[error] - /Users/zackjackson/Documents/Codex/2026-10-02/task-4/stack5137/apps/next-app-router/next-app-router-4001/tailwind.config.ts
[error]     at Module._resolveFilename (node:internal/modules/cjs/loader:1476:15)
[error]     at wrapResolveFilename (node:internal/modules/cjs/loader:1049:27)
[error]     at resolveForCJSWithHooks (node:internal/modules/cjs/loader:1094:12)
[error]     at require.resolve (node:internal/modules/helpers:171:31)
[error]     at _resolve (/Users/zackjackson/Documents/Codex/2026-10-02/task-4/stack5137/node_modules/.pnpm/jiti@1.21.7/node_modules/jiti/dist/jiti.js:1:246378)
[error]     at jiti (/Users/zackjackson/Documents/Codex/2026-10-02/task-4/stack5137/node_modules/.pnpm/jiti@1.21.7/node_modules/jiti/dist/jiti.js:1:249092)
[error]     at /Users/zackjackson/Documents/Codex/2026-10-02/task-4/stack5137/apps/next-app-router/next-app-router-4001/tailwind.config.ts:89:13
[error]     at evalModule (/Users/zackjackson/Documents/Codex/2026-10-02/task-4/stack5137/node_modules/.pnpm/jiti@1.21.7/node_modules/jiti/dist/jiti.js:1:251913)
[error]     at jiti (/Users/zackjackson/Documents/Codex/2026-10-02/task-4/stack5137/node_modules/.pnpm/jiti@1.21.7/node_modules/jiti/dist/jiti.js:1:249841)
[error]     at /Users/zackjackson/Documents/Codex/2026-10-02/task-4/stack5137/node_modules/.pnpm/tailwindcss@3.4.13_ts-node@10.9.1_@swc+core@1.7.26_@swc+helpers@0.5.13__@types+node@20.19.5_typescript@6.0.3_/node_modules/tailwindcss/lib/lib/load-config.js:51:30
[error] apps/next-app-router/next-app-router-4001/app/hooks/page.tsx: Error: Cannot find module '@tailwindcss/typography'
[error] Require stack:
[error] - /Users/zackjackson/Documents/Codex/2026-10-02/task-4/stack5137/apps/next-app-router/next-app-router-4001/tailwind.config.ts
[error]     at Module._resolveFilename (node:internal/modules/cjs/loader:1476:15)
[error]     at wrapResolveFilename (node:internal/modules/cjs/loader:1049:27)
[error]     at resolveForCJSWithHooks (node:internal/modules/cjs/loader:1094:12)
[error]     at require.resolve (node:internal/modules/helpers:171:31)
[error]     at _resolve (/Users/zackjackson/Documents/Codex/2026-10-02/task-4/stack5137/node_modules/.pnpm/jiti@1.21.7/node_modules/jiti/dist/jiti.js:1:246378)
[error]     at jiti (/Users/zackjackson/Documents/Codex/2026-10-02/task-4/stack5137/node_modules/.pnpm/jiti@1.21.7/node_modules/jiti/dist/jiti.js:1:249092)
[error]     at /Users/zackjackson/Documents/Codex/2026-10-02/task-4/stack5137/apps/next-app-router/next-app-router-4001/tailwind.config.ts:89:13
[error]     at evalModule (/Users/zackjackson/Documents/Codex/2026-10-02/task-4/stack5137/node_modules/.pnpm/jiti@1.21.7/node_modules/jiti/dist/jiti.js:1:251913)
[error]     at jiti (/Users/zackjackson/Documents/Codex/2026-10-02/task-4/stack5137/node_modules/.pnpm/jiti@1.21.7/node_modules/jiti/dist/jiti.js:1:249841)
[error]     at /Users/zackjackson/Documents/Codex/2026-10-02/task-4/stack5137/node_modules/.pnpm/tailwindcss@3.4.13_ts-node@10.9.1_@swc+core@1.7.26_@swc+helpers@0.5.13__@types+node@20.19.5_typescript@6.0.3_/node_modules/tailwindcss/lib/lib/load-config.js:51:30
[error] apps/next-app-router/next-app-router-4001/app/hooks/template.tsx: Error: Cannot find module '@tailwindcss/typography'
[error] Require stack:
[error] - /Users/zackjackson/Documents/Codex/2026-10-02/task-4/stack5137/apps/next-app-router/next-app-router-4001/tailwind.config.ts
[error]     at Module._resolveFilename (node:internal/modules/cjs/loader:1476:15)
[error]     at wrapResolveFilename (node:internal/modules/cjs/loader:1049:27)
[error]     at resolveForCJSWithHooks (node:internal/modules/cjs/loader:1094:12)
[error]     at require.resolve (node:internal/modules/helpers:171:31)
[error]     at _resolve (/Users/zackjackson/Documents/Codex/2026-10-02/task-4/stack5137/node_modules/.pnpm/jiti@1.21.7/node_modules/jiti/dist/jiti.js:1:246378)
[error]     at jiti (/Users/zackjackson/Documents/Codex/2026-10-02/task-4/stack5137/node_modules/.pnpm/jiti@1.21.7/node_modules/jiti/dist/jiti.js:1:249092)
[error]     at /Users/zackjackson/Documents/Codex/2026-10-02/task-4/stack5137/apps/next-app-router/next-app-router-4001/tailwind.config.ts:89:13
[error]     at evalModule (/Users/zackjackson/Documents/Codex/2026-10-02/task-4/stack5137/node_modules/.pnpm/jiti@1.21.7/node_modules/jiti/dist/jiti.js:1:251913)
[error]     at jiti (/Users/zackjackson/Documents/Codex/2026-10-02/task-4/stack5137/node_modules/.pnpm/jiti@1.21.7/node_modules/jiti/dist/jiti.js:1:249841)
[error]     at /Users/zackjackson/Documents/Codex/2026-10-02/task-4/stack5137/node_modules/.pnpm/tailwindcss@3.4.13_ts-node@10.9.1_@swc+core@1.7.26_@swc+helpers@0.5.13__@types+node@20.19.5_typescript@6.0.3_/node_modules/tailwindcss/lib/lib/load-config.js:51:30
[error] apps/next-app-router/next-app-router-4001/app/isr/[id]/page.tsx: Error: Cannot find module '@tailwindcss/typography'
[error] Require stack:
[error] - /Users/zackjackson/Documents/Codex/2026-10-02/task-4/stack5137/apps/next-app-router/next-app-router-4001/tailwind.config.ts
[error]     at Module._resolveFilename (node:internal/modules/cjs/loader:1476:15)
[error]     at wrapResolveFilename (node:internal/modules/cjs/loader:1049:27)
[error]     at resolveForCJSWithHooks (node:internal/modules/cjs/loader:1094:12)
[error]     at require.resolve (node:internal/modules/helpers:171:31)
[error]     at _resolve (/Users/zackjackson/Documents/Codex/2026-10-02/task-4/stack5137/node_modules/.pnpm/jiti@1.21.7/node_modules/jiti/dist/jiti.js:1:246378)
[error]     at jiti (/Users/zackjackson/Documents/Codex/2026-10-02/task-4/stack5137/node_modules/.pnpm/jiti@1.21.7/node_modules/jiti/dist/jiti.js:1:249092)
[error]     at /Users/zackjackson/Documents/Codex/2026-10-02/task-4/stack5137/apps/next-app-router/next-app-router-4001/tailwind.config.ts:89:13
[error]     at evalModule (/Users/zackjackson/Documents/Codex/2026-10-02/task-4/stack5137/node_modules/.pnpm/jiti@1.21.7/node_modules/jiti/dist/jiti.js:1:251913)
[error]     at jiti (/Users/zackjackson/Documents/Codex/2026-10-02/task-4/stack5137/node_modules/.pnpm/jiti@1.21.7/node_modules/jiti/dist/jiti.js:1:249841)
[error]     at /Users/zackjackson/Documents/Codex/2026-10-02/task-4/stack5137/node_modules/.pnpm/tailwindcss@3.4.13_ts-node@10.9.1_@swc+core@1.7.26_@swc+helpers@0.5.13__@types+node@20.19.5_typescript@6.0.3_/node_modules/tailwindcss/lib/lib/load-config.js:51:30
[error] apps/next-app-router/next-app-router-4001/app/isr/layout.tsx: Error: Cannot find module '@tailwindcss/typography'
[error] Require stack:
[error] - /Users/zackjackson/Documents/Codex/2026-10-02/task-4/stack5137/apps/next-app-router/next-app-router-4001/tailwind.config.ts
[error]     at Module._resolveFilename (node:internal/modules/cjs/loader:1476:15)
[error]     at wrapResolveFilename (node:internal/modules/cjs/loader:1049:27)
[error]     at resolveForCJSWithHooks (node:internal/modules/cjs/loader:1094:12)
[error]     at require.resolve (node:internal/modules/helpers:171:31)
[error]     at _resolve (/Users/zackjackson/Documents/Codex/2026-10-02/task-4/stack5137/node_modules/.pnpm/jiti@1.21.7/node_modules/jiti/dist/jiti.js:1:246378)
[error]     at jiti (/Users/zackjackson/Documents/Codex/2026-10-02/task-4/stack5137/node_modules/.pnpm/jiti@1.21.7/node_modules/jiti/dist/jiti.js:1:249092)
[error]     at /Users/zackjackson/Documents/Codex/2026-10-02/task-4/stack5137/apps/next-app-router/next-app-router-4001/tailwind.config.ts:89:13
[error]     at evalModule (/Users/zackjackson/Documents/Codex/2026-10-02/task-4/stack5137/node_modules/.pnpm/jiti@1.21.7/node_modules/jiti/dist/jiti.js:1:251913)
[error]     at jiti (/Users/zackjackson/Documents/Codex/2026-10-02/task-4/stack5137/node_modules/.pnpm/jiti@1.21.7/node_modules/jiti/dist/jiti.js:1:249841)
[error]     at /Users/zackjackson/Documents/Codex/2026-10-02/task-4/stack5137/node_modules/.pnpm/tailwindcss@3.4.13_ts-node@10.9.1_@swc+core@1.7.26_@swc+helpers@0.5.13__@types+node@20.19.5_typescript@6.0.3_/node_modules/tailwindcss/lib/lib/load-config.js:51:30
[error] apps/next-app-router/next-app-router-4001/app/isr/loading.tsx: Error: Cannot find module '@tailwindcss/typography'
[error] Require stack:
[error] - /Users/zackjackson/Documents/Codex/2026-10-02/task-4/stack5137/apps/next-app-router/next-app-router-4001/tailwind.config.ts
[error]     at Module._resolveFilename (node:internal/modules/cjs/loader:1476:15)
[error]     at wrapResolveFilename (node:internal/modules/cjs/loader:1049:27)
[error]     at resolveForCJSWithHooks (node:internal/modules/cjs/loader:1094:12)
[error]     at require.resolve (node:internal/modules/helpers:171:31)
[error]     at _resolve (/Users/zackjackson/Documents/Codex/2026-10-02/task-4/stack5137/node_modules/.pnpm/jiti@1.21.7/node_modules/jiti/dist/jiti.js:1:246378)
[error]     at jiti (/Users/zackjackson/Documents/Codex/2026-10-02/task-4/stack5137/node_modules/.pnpm/jiti@1.21.7/node_modules/jiti/dist/jiti.js:1:249092)
[error]     at /Users/zackjackson/Documents/Codex/2026-10-02/task-4/stack5137/apps/next-app-router/next-app-router-4001/tailwind.config.ts:89:13
[error]     at evalModule (/Users/zackjackson/Documents/Codex/2026-10-02/task-4/stack5137/node_modules/.pnpm/jiti@1.21.7/node_modules/jiti/dist/jiti.js:1:251913)
[error]     at jiti (/Users/zackjackson/Documents/Codex/2026-10-02/task-4/stack5137/node_modules/.pnpm/jiti@1.21.7/node_modules/jiti/dist/jiti.js:1:249841)
[error]     at /Users/zackjackson/Documents/Codex/2026-10-02/task-4/stack5137/node_modules/.pnpm/tailwindcss@3.4.13_ts-node@10.9.1_@swc+core@1.7.26_@swc+helpers@0.5.13__@types+node@20.19.5_typescript@6.0.3_/node_modules/tailwindcss/lib/lib/load-config.js:51:30
[error] apps/next-app-router/next-app-router-4001/app/isr/page.tsx: Error: Cannot find module '@tailwindcss/typography'
[error] Require stack:
[error] - /Users/zackjackson/Documents/Codex/2026-10-02/task-4/stack5137/apps/next-app-router/next-app-router-4001/tailwind.config.ts
[error]     at Module._resolveFilename (node:internal/modules/cjs/loader:1476:15)
[error]     at wrapResolveFilename (node:internal/modules/cjs/loader:1049:27)
[error]     at resolveForCJSWithHooks (node:internal/modules/cjs/loader:1094:12)
[error]     at require.resolve (node:internal/modules/helpers:171:31)
[error]     at _resolve (/Users/zackjackson/Documents/Codex/2026-10-02/task-4/stack5137/node_modules/.pnpm/jiti@1.21.7/node_modules/jiti/dist/jiti.js:1:246378)
[error]     at jiti (/Users/zackjackson/Documents/Codex/2026-10-02/task-4/stack5137/node_modules/.pnpm/jiti@1.21.7/node_modules/jiti/dist/jiti.js:1:249092)
[error]     at /Users/zackjackson/Documents/Codex/2026-10-02/task-4/stack5137/apps/next-app-router/next-app-router-4001/tailwind.config.ts:89:13
[error]     at evalModule (/Users/zackjackson/Documents/Codex/2026-10-02/task-4/stack5137/node_modules/.pnpm/jiti@1.21.7/node_modules/jiti/dist/jiti.js:1:251913)
[error]     at jiti (/Users/zackjackson/Documents/Codex/2026-10-02/task-4/stack5137/node_modules/.pnpm/jiti@1.21.7/node_modules/jiti/dist/jiti.js:1:249841)
[error]     at /Users/zackjackson/Documents/Codex/2026-10-02/task-4/stack5137/node_modules/.pnpm/tailwindcss@3.4.13_ts-node@10.9.1_@swc+core@1.7.26_@swc+helpers@0.5.13__@types+node@20.19.5_typescript@6.0.3_/node_modules/tailwindcss/lib/lib/load-config.js:51:30
[error] apps/next-app-router/next-app-router-4001/app/isr/template.tsx: Error: Cannot find module '@tailwindcss/typography'
[error] Require stack:
[error] - /Users/zackjackson/Documents/Codex/2026-10-02/task-4/stack5137/apps/next-app-router/next-app-router-4001/tailwind.config.ts
[error]     at Module._resolveFilename (node:internal/modules/cjs/loader:1476:15)
[error]     at wrapResolveFilename (node:internal/modules/cjs/loader:1049:27)
[error]     at resolveForCJSWithHooks (node:internal/modules/cjs/loader:1094:12)
[error]     at require.resolve (node:internal/modules/helpers:171:31)
[error]     at _resolve (/Users/zackjackson/Documents/Codex/2026-10-02/task-4/stack5137/node_modules/.pnpm/jiti@1.21.7/node_modules/jiti/dist/jiti.js:1:246378)
[error]     at jiti (/Users/zackjackson/Documents/Codex/2026-10-02/task-4/stack5137/node_modules/.pnpm/jiti@1.21.7/node_modules/jiti/dist/jiti.js:1:249092)
[error]     at /Users/zackjackson/Documents/Codex/2026-10-02/task-4/stack5137/apps/next-app-router/next-app-router-4001/tailwind.config.ts:89:13
[error]     at evalModule (/Users/zackjackson/Documents/Codex/2026-10-02/task-4/stack5137/node_modules/.pnpm/jiti@1.21.7/node_modules/jiti/dist/jiti.js:1:251913)
[error]     at jiti (/Users/zackjackson/Documents/Codex/2026-10-02/task-4/stack5137/node_modules/.pnpm/jiti@1.21.7/node_modules/jiti/dist/jiti.js:1:249841)
[error]     at /Users/zackjackson/Documents/Codex/2026-10-02/task-4/stack5137/node_modules/.pnpm/tailwindcss@3.4.13_ts-node@10.9.1_@swc+core@1.7.26_@swc+helpers@0.5.13__@types+node@20.19.5_typescript@6.0.3_/node_modules/tailwindcss/lib/lib/load-config.js:51:30
[error] apps/next-app-router/next-app-router-4001/app/layout.tsx: Error: Cannot find module '@tailwindcss/typography'
[error] Require stack:
[error] - /Users/zackjackson/Documents/Codex/2026-10-02/task-4/stack5137/apps/next-app-router/next-app-router-4001/tailwind.config.ts
[error]     at Module._resolveFilename (node:internal/modules/cjs/loader:1476:15)
[error]     at wrapResolveFilename (node:internal/modules/cjs/loader:1049:27)
[error]     at resolveForCJSWithHooks (node:internal/modules/cjs/loader:1094:12)
[error]     at require.resolve (node:internal/modules/helpers:171:31)
[error]     at _resolve (/Users/zackjackson/Documents/Codex/2026-10-02/task-4/stack5137/node_modules/.pnpm/jiti@1.21.7/node_modules/jiti/dist/jiti.js:1:246378)
[error]     at jiti (/Users/zackjackson/Documents/Codex/2026-10-02/task-4/stack5137/node_modules/.pnpm/jiti@1.21.7/node_modules/jiti/dist/jiti.js:1:249092)
[error]     at /Users/zackjackson/Documents/Codex/2026-10-02/task-4/stack5137/apps/next-app-router/next-app-router-4001/tailwind.config.ts:89:13
[error]     at evalModule (/Users/zackjackson/Documents/Codex/2026-10-02/task-4/stack5137/node_modules/.pnpm/jiti@1.21.7/node_modules/jiti/dist/jiti.js:1:251913)
[error]     at jiti (/Users/zackjackson/Documents/Codex/2026-10-02/task-4/stack5137/node_modules/.pnpm/jiti@1.21.7/node_modules/jiti/dist/jiti.js:1:249841)
[error]     at /Users/zackjackson/Documents/Codex/2026-10-02/task-4/stack5137/node_modules/.pnpm/tailwindcss@3.4.13_ts-node@10.9.1_@swc+core@1.7.26_@swc+helpers@0.5.13__@types+node@20.19.5_typescript@6.0.3_/node_modules/tailwindcss/lib/lib/load-config.js:51:30
[error] apps/next-app-router/next-app-router-4001/app/layouts/[categorySlug]/[subCategorySlug]/page.tsx: Error: Cannot find module '@tailwindcss/typography'
[error] Require stack:
[error] - /Users/zackjackson/Documents/Codex/2026-10-02/task-4/stack5137/apps/next-app-router/next-app-router-4001/tailwind.config.ts
[error]     at Module._resolveFilename (node:internal/modules/cjs/loader:1476:15)
[error]     at wrapResolveFilename (node:internal/modules/cjs/loader:1049:27)
[error]     at resolveForCJSWithHooks (node:internal/modules/cjs/loader:1094:12)
[error]     at require.resolve (node:internal/modules/helpers:171:31)
[error]     at _resolve (/Users/zackjackson/Documents/Codex/2026-10-02/task-4/stack5137/node_modules/.pnpm/jiti@1.21.7/node_modules/jiti/dist/jiti.js:1:246378)
[error]     at jiti (/Users/zackjackson/Documents/Codex/2026-10-02/task-4/stack5137/node_modules/.pnpm/jiti@1.21.7/node_modules/jiti/dist/jiti.js:1:249092)
[error]     at /Users/zackjackson/Documents/Codex/2026-10-02/task-4/stack5137/apps/next-app-router/next-app-router-4001/tailwind.config.ts:89:13
[error]     at evalModule (/Users/zackjackson/Documents/Codex/2026-10-02/task-4/stack5137/node_modules/.pnpm/jiti@1.21.7/node_modules/jiti/dist/jiti.js:1:251913)
[error]     at jiti (/Users/zackjackson/Documents/Codex/2026-10-02/task-4/stack5137/node_modules/.pnpm/jiti@1.21.7/node_modules/jiti/dist/jiti.js:1:249841)
[error]     at /Users/zackjackson/Documents/Codex/2026-10-02/task-4/stack5137/node_modules/.pnpm/tailwindcss@3.4.13_ts-node@10.9.1_@swc+core@1.7.26_@swc+helpers@0.5.13__@types+node@20.19.5_typescript@6.0.3_/node_modules/tailwindcss/lib/lib/load-config.js:51:30
[error] apps/next-app-router/next-app-router-4001/app/layouts/[categorySlug]/layout.tsx: Error: Cannot find module '@tailwindcss/typography'
[error] Require stack:
[error] - /Users/zackjackson/Documents/Codex/2026-10-02/task-4/stack5137/apps/next-app-router/next-app-router-4001/tailwind.config.ts
[error]     at Module._resolveFilename (node:internal/modules/cjs/loader:1476:15)
[error]     at wrapResolveFilename (node:internal/modules/cjs/loader:1049:27)
[error]     at resolveForCJSWithHooks (node:internal/modules/cjs/loader:1094:12)
[error]     at require.resolve (node:internal/modules/helpers:171:31)
[error]     at _resolve (/Users/zackjackson/Documents/Codex/2026-10-02/task-4/stack5137/node_modules/.pnpm/jiti@1.21.7/node_modules/jiti/dist/jiti.js:1:246378)
[error]     at jiti (/Users/zackjackson/Documents/Codex/2026-10-02/task-4/stack5137/node_modules/.pnpm/jiti@1.21.7/node_modules/jiti/dist/jiti.js:1:249092)
[error]     at /Users/zackjackson/Documents/Codex/2026-10-02/task-4/stack5137/apps/next-app-router/next-app-router-4001/tailwind.config.ts:89:13
[error]     at evalModule (/Users/zackjackson/Documents/Codex/2026-10-02/task-4/stack5137/node_modules/.pnpm/jiti@1.21.7/node_modules/jiti/dist/jiti.js:1:251913)
[error]     at jiti (/Users/zackjackson/Documents/Codex/2026-10-02/task-4/stack5137/node_modules/.pnpm/jiti@1.21.7/node_modules/jiti/dist/jiti.js:1:249841)
[error]     at /Users/zackjackson/Documents/Codex/2026-10-02/task-4/stack5137/node_modules/.pnpm/tailwindcss@3.4.13_ts-node@10.9.1_@swc+core@1.7.26_@swc+helpers@0.5.13__@types+node@20.19.5_typescript@6.0.3_/node_modules/tailwindcss/lib/lib/load-config.js:51:30
[error] apps/next-app-router/next-app-router-4001/app/layouts/[categorySlug]/page.tsx: Error: Cannot find module '@tailwindcss/typography'
[error] Require stack:
[error] - /Users/zackjackson/Documents/Codex/2026-10-02/task-4/stack5137/apps/next-app-router/next-app-router-4001/tailwind.config.ts
[error]     at Module._resolveFilename (node:internal/modules/cjs/loader:1476:15)
[error]     at wrapResolveFilename (node:internal/modules/cjs/loader:1049:27)
[error]     at resolveForCJSWithHooks (node:internal/modules/cjs/loader:1094:12)
[error]     at require.resolve (node:internal/modules/helpers:171:31)
[error]     at _resolve (/Users/zackjackson/Documents/Codex/2026-10-02/task-4/stack5137/node_modules/.pnpm/jiti@1.21.7/node_modules/jiti/dist/jiti.js:1:246378)
[error]     at jiti (/Users/zackjackson/Documents/Codex/2026-10-02/task-4/stack5137/node_modules/.pnpm/jiti@1.21.7/node_modules/jiti/dist/jiti.js:1:249092)
[error]     at /Users/zackjackson/Documents/Codex/2026-10-02/task-4/stack5137/apps/next-app-router/next-app-router-4001/tailwind.config.ts:89:13
[error]     at evalModule (/Users/zackjackson/Documents/Codex/2026-10-02/task-4/stack5137/node_modules/.pnpm/jiti@1.21.7/node_modules/jiti/dist/jiti.js:1:251913)
[error]     at jiti (/Users/zackjackson/Documents/Codex/2026-10-02/task-4/stack5137/node_modules/.pnpm/jiti@1.21.7/node_modules/jiti/dist/jiti.js:1:249841)
[error]     at /Users/zackjackson/Documents/Codex/2026-10-02/task-4/stack5137/node_modules/.pnpm/tailwindcss@3.4.13_ts-node@10.9.1_@swc+core@1.7.26_@swc+helpers@0.5.13__@types+node@20.19.5_typescript@6.0.3_/node_modules/tailwindcss/lib/lib/load-config.js:51:30
[error] apps/next-app-router/next-app-router-4001/app/layouts/[categorySlug]/template.tsx: Error: Cannot find module '@tailwindcss/typography'
[error] Require stack:
[error] - /Users/zackjackson/Documents/Codex/2026-10-02/task-4/stack5137/apps/next-app-router/next-app-router-4001/tailwind.config.ts
[error]     at Module._resolveFilename (node:internal/modules/cjs/loader:1476:15)
[error]     at wrapResolveFilename (node:internal/modules/cjs/loader:1049:27)
[error]     at resolveForCJSWithHooks (node:internal/modules/cjs/loader:1094:12)
[error]     at require.resolve (node:internal/modules/helpers:171:31)
[error]     at _resolve (/Users/zackjackson/Documents/Codex/2026-10-02/task-4/stack5137/node_modules/.pnpm/jiti@1.21.7/node_modules/jiti/dist/jiti.js:1:246378)
[error]     at jiti (/Users/zackjackson/Documents/Codex/2026-10-02/task-4/stack5137/node_modules/.pnpm/jiti@1.21.7/node_modules/jiti/dist/jiti.js:1:249092)
[error]     at /Users/zackjackson/Documents/Codex/2026-10-02/task-4/stack5137/apps/next-app-router/next-app-router-4001/tailwind.config.ts:89:13
[error]     at evalModule (/Users/zackjackson/Documents/Codex/2026-10-02/task-4/stack5137/node_modules/.pnpm/jiti@1.21.7/node_modules/jiti/dist/jiti.js:1:251913)
[error]     at jiti (/Users/zackjackson/Documents/Codex/2026-10-02/task-4/stack5137/node_modules/.pnpm/jiti@1.21.7/node_modules/jiti/dist/jiti.js:1:249841)
[error]     at /Users/zackjackson/Documents/Codex/2026-10-02/task-4/stack5137/node_modules/.pnpm/tailwindcss@3.4.13_ts-node@10.9.1_@swc+core@1.7.26_@swc+helpers@0.5.13__@types+node@20.19.5_typescript@6.0.3_/node_modules/tailwindcss/lib/lib/load-config.js:51:30
[error] apps/next-app-router/next-app-router-4001/app/layouts/layout.tsx: Error: Cannot find module '@tailwindcss/typography'
[error] Require stack:
[error] - /Users/zackjackson/Documents/Codex/2026-10-02/task-4/stack5137/apps/next-app-router/next-app-router-4001/tailwind.config.ts
[error]     at Module._resolveFilename (node:internal/modules/cjs/loader:1476:15)
[error]     at wrapResolveFilename (node:internal/modules/cjs/loader:1049:27)
[error]     at resolveForCJSWithHooks (node:internal/modules/cjs/loader:1094:12)
[error]     at require.resolve (node:internal/modules/helpers:171:31)
[error]     at _resolve (/Users/zackjackson/Documents/Codex/2026-10-02/task-4/stack5137/node_modules/.pnpm/jiti@1.21.7/node_modules/jiti/dist/jiti.js:1:246378)
[error]     at jiti (/Users/zackjackson/Documents/Codex/2026-10-02/task-4/stack5137/node_modules/.pnpm/jiti@1.21.7/node_modules/jiti/dist/jiti.js:1:249092)
[error]     at /Users/zackjackson/Documents/Codex/2026-10-02/task-4/stack5137/apps/next-app-router/next-app-router-4001/tailwind.config.ts:89:13
[error]     at evalModule (/Users/zackjackson/Documents/Codex/2026-10-02/task-4/stack5137/node_modules/.pnpm/jiti@1.21.7/node_modules/jiti/dist/jiti.js:1:251913)
[error]     at jiti (/Users/zackjackson/Documents/Codex/2026-10-02/task-4/stack5137/node_modules/.pnpm/jiti@1.21.7/node_modules/jiti/dist/jiti.js:1:249841)
[error]     at /Users/zackjackson/Documents/Codex/2026-10-02/task-4/stack5137/node_modules/.pnpm/tailwindcss@3.4.13_ts-node@10.9.1_@swc+core@1.7.26_@swc+helpers@0.5.13__@types+node@20.19.5_typescript@6.0.3_/node_modules/tailwindcss/lib/lib/load-config.js:51:30
[error] apps/next-app-router/next-app-router-4001/app/layouts/page.tsx: Error: Cannot find module '@tailwindcss/typography'
[error] Require stack:
[error] - /Users/zackjackson/Documents/Codex/2026-10-02/task-4/stack5137/apps/next-app-router/next-app-router-4001/tailwind.config.ts
[error]     at Module._resolveFilename (node:internal/modules/cjs/loader:1476:15)
[error]     at wrapResolveFilename (node:internal/modules/cjs/loader:1049:27)
[error]     at resolveForCJSWithHooks (node:internal/modules/cjs/loader:1094:12)
[error]     at require.resolve (node:internal/modules/helpers:171:31)
[error]     at _resolve (/Users/zackjackson/Documents/Codex/2026-10-02/task-4/stack5137/node_modules/.pnpm/jiti@1.21.7/node_modules/jiti/dist/jiti.js:1:246378)
[error]     at jiti (/Users/zackjackson/Documents/Codex/2026-10-02/task-4/stack5137/node_modules/.pnpm/jiti@1.21.7/node_modules/jiti/dist/jiti.js:1:249092)
[error]     at /Users/zackjackson/Documents/Codex/2026-10-02/task-4/stack5137/apps/next-app-router/next-app-router-4001/tailwind.config.ts:89:13
[error]     at evalModule (/Users/zackjackson/Documents/Codex/2026-10-02/task-4/stack5137/node_modules/.pnpm/jiti@1.21.7/node_modules/jiti/dist/jiti.js:1:251913)
[error]     at jiti (/Users/zackjackson/Documents/Codex/2026-10-02/task-4/stack5137/node_modules/.pnpm/jiti@1.21.7/node_modules/jiti/dist/jiti.js:1:249841)
[error]     at /Users/zackjackson/Documents/Codex/2026-10-02/task-4/stack5137/node_modules/.pnpm/tailwindcss@3.4.13_ts-node@10.9.1_@swc+core@1.7.26_@swc+helpers@0.5.13__@types+node@20.19.5_typescript@6.0.3_/node_modules/tailwindcss/lib/lib/load-config.js:51:30
[error] apps/next-app-router/next-app-router-4001/app/layouts/template.tsx: Error: Cannot find module '@tailwindcss/typography'
[error] Require stack:
[error] - /Users/zackjackson/Documents/Codex/2026-10-02/task-4/stack5137/apps/next-app-router/next-app-router-4001/tailwind.config.ts
[error]     at Module._resolveFilename (node:internal/modules/cjs/loader:1476:15)
[error]     at wrapResolveFilename (node:internal/modules/cjs/loader:1049:27)
[error]     at resolveForCJSWithHooks (node:internal/modules/cjs/loader:1094:12)
[error]     at require.resolve (node:internal/modules/helpers:171:31)
[error]     at _resolve (/Users/zackjackson/Documents/Codex/2026-10-02/task-4/stack5137/node_modules/.pnpm/jiti@1.21.7/node_modules/jiti/dist/jiti.js:1:246378)
[error]     at jiti (/Users/zackjackson/Documents/Codex/2026-10-02/task-4/stack5137/node_modules/.pnpm/jiti@1.21.7/node_modules/jiti/dist/jiti.js:1:249092)
[error]     at /Users/zackjackson/Documents/Codex/2026-10-02/task-4/stack5137/apps/next-app-router/next-app-router-4001/tailwind.config.ts:89:13
[error]     at evalModule (/Users/zackjackson/Documents/Codex/2026-10-02/task-4/stack5137/node_modules/.pnpm/jiti@1.21.7/node_modules/jiti/dist/jiti.js:1:251913)
[error]     at jiti (/Users/zackjackson/Documents/Codex/2026-10-02/task-4/stack5137/node_modules/.pnpm/jiti@1.21.7/node_modules/jiti/dist/jiti.js:1:249841)
[error]     at /Users/zackjackson/Documents/Codex/2026-10-02/task-4/stack5137/node_modules/.pnpm/tailwindcss@3.4.13_ts-node@10.9.1_@swc+core@1.7.26_@swc+helpers@0.5.13__@types+node@20.19.5_typescript@6.0.3_/node_modules/tailwindcss/lib/lib/load-config.js:51:30
[error] apps/next-app-router/next-app-router-4001/app/loading/[categorySlug]/page.tsx: Error: Cannot find module '@tailwindcss/typography'
[error] Require stack:
[error] - /Users/zackjackson/Documents/Codex/2026-10-02/task-4/stack5137/apps/next-app-router/next-app-router-4001/tailwind.config.ts
[error]     at Module._resolveFilename (node:internal/modules/cjs/loader:1476:15)
[error]     at wrapResolveFilename (node:internal/modules/cjs/loader:1049:27)
[error]     at resolveForCJSWithHooks (node:internal/modules/cjs/loader:1094:12)
[error]     at require.resolve (node:internal/modules/helpers:171:31)
[error]     at _resolve (/Users/zackjackson/Documents/Codex/2026-10-02/task-4/stack5137/node_modules/.pnpm/jiti@1.21.7/node_modules/jiti/dist/jiti.js:1:246378)
[error]     at jiti (/Users/zackjackson/Documents/Codex/2026-10-02/task-4/stack5137/node_modules/.pnpm/jiti@1.21.7/node_modules/jiti/dist/jiti.js:1:249092)
[error]     at /Users/zackjackson/Documents/Codex/2026-10-02/task-4/stack5137/apps/next-app-router/next-app-router-4001/tailwind.config.ts:89:13
[error]     at evalModule (/Users/zackjackson/Documents/Codex/2026-10-02/task-4/stack5137/node_modules/.pnpm/jiti@1.21.7/node_modules/jiti/dist/jiti.js:1:251913)
[error]     at jiti (/Users/zackjackson/Documents/Codex/2026-10-02/task-4/stack5137/node_modules/.pnpm/jiti@1.21.7/node_modules/jiti/dist/jiti.js:1:249841)
[error]     at /Users/zackjackson/Documents/Codex/2026-10-02/task-4/stack5137/node_modules/.pnpm/tailwindcss@3.4.13_ts-node@10.9.1_@swc+core@1.7.26_@swc+helpers@0.5.13__@types+node@20.19.5_typescript@6.0.3_/node_modules/tailwindcss/lib/lib/load-config.js:51:30
[error] apps/next-app-router/next-app-router-4001/app/loading/layout.tsx: Error: Cannot find module '@tailwindcss/typography'
[error] Require stack:
[error] - /Users/zackjackson/Documents/Codex/2026-10-02/task-4/stack5137/apps/next-app-router/next-app-router-4001/tailwind.config.ts
[error]     at Module._resolveFilename (node:internal/modules/cjs/loader:1476:15)
[error]     at wrapResolveFilename (node:internal/modules/cjs/loader:1049:27)
[error]     at resolveForCJSWithHooks (node:internal/modules/cjs/loader:1094:12)
[error]     at require.resolve (node:internal/modules/helpers:171:31)
[error]     at _resolve (/Users/zackjackson/Documents/Codex/2026-10-02/task-4/stack5137/node_modules/.pnpm/jiti@1.21.7/node_modules/jiti/dist/jiti.js:1:246378)
[error]     at jiti (/Users/zackjackson/Documents/Codex/2026-10-02/task-4/stack5137/node_modules/.pnpm/jiti@1.21.7/node_modules/jiti/dist/jiti.js:1:249092)
[error]     at /Users/zackjackson/Documents/Codex/2026-10-02/task-4/stack5137/apps/next-app-router/next-app-router-4001/tailwind.config.ts:89:13
[error]     at evalModule (/Users/zackjackson/Documents/Codex/2026-10-02/task-4/stack5137/node_modules/.pnpm/jiti@1.21.7/node_modules/jiti/dist/jiti.js:1:251913)
[error]     at jiti (/Users/zackjackson/Documents/Codex/2026-10-02/task-4/stack5137/node_modules/.pnpm/jiti@1.21.7/node_modules/jiti/dist/jiti.js:1:249841)
[error]     at /Users/zackjackson/Documents/Codex/2026-10-02/task-4/stack5137/node_modules/.pnpm/tailwindcss@3.4.13_ts-node@10.9.1_@swc+core@1.7.26_@swc+helpers@0.5.13__@types+node@20.19.5_typescript@6.0.3_/node_modules/tailwindcss/lib/lib/load-config.js:51:30
[error] apps/next-app-router/next-app-router-4001/app/loading/loading.tsx: Error: Cannot find module '@tailwindcss/typography'
[error] Require stack:
[error] - /Users/zackjackson/Documents/Codex/2026-10-02/task-4/stack5137/apps/next-app-router/next-app-router-4001/tailwind.config.ts
[error]     at Module._resolveFilename (node:internal/modules/cjs/loader:1476:15)
[error]     at wrapResolveFilename (node:internal/modules/cjs/loader:1049:27)
[error]     at resolveForCJSWithHooks (node:internal/modules/cjs/loader:1094:12)
[error]     at require.resolve (node:internal/modules/helpers:171:31)
[error]     at _resolve (/Users/zackjackson/Documents/Codex/2026-10-02/task-4/stack5137/node_modules/.pnpm/jiti@1.21.7/node_modules/jiti/dist/jiti.js:1:246378)
[error]     at jiti (/Users/zackjackson/Documents/Codex/2026-10-02/task-4/stack5137/node_modules/.pnpm/jiti@1.21.7/node_modules/jiti/dist/jiti.js:1:249092)
[error]     at /Users/zackjackson/Documents/Codex/2026-10-02/task-4/stack5137/apps/next-app-router/next-app-router-4001/tailwind.config.ts:89:13
[error]     at evalModule (/Users/zackjackson/Documents/Codex/2026-10-02/task-4/stack5137/node_modules/.pnpm/jiti@1.21.7/node_modules/jiti/dist/jiti.js:1:251913)
[error]     at jiti (/Users/zackjackson/Documents/Codex/2026-10-02/task-4/stack5137/node_modules/.pnpm/jiti@1.21.7/node_modules/jiti/dist/jiti.js:1:249841)
[error]     at /Users/zackjackson/Documents/Codex/2026-10-02/task-4/stack5137/node_modules/.pnpm/tailwindcss@3.4.13_ts-node@10.9.1_@swc+core@1.7.26_@swc+helpers@0.5.13__@types+node@20.19.5_typescript@6.0.3_/node_modules/tailwindcss/lib/lib/load-config.js:51:30
[error] apps/next-app-router/next-app-router-4001/app/loading/page.tsx: Error: Cannot find module '@tailwindcss/typography'
[error] Require stack:
[error] - /Users/zackjackson/Documents/Codex/2026-10-02/task-4/stack5137/apps/next-app-router/next-app-router-4001/tailwind.config.ts
[error]     at Module._resolveFilename (node:internal/modules/cjs/loader:1476:15)
[error]     at wrapResolveFilename (node:internal/modules/cjs/loader:1049:27)
[error]     at resolveForCJSWithHooks (node:internal/modules/cjs/loader:1094:12)
[error]     at require.resolve (node:internal/modules/helpers:171:31)
[error]     at _resolve (/Users/zackjackson/Documents/Codex/2026-10-02/task-4/stack5137/node_modules/.pnpm/jiti@1.21.7/node_modules/jiti/dist/jiti.js:1:246378)
[error]     at jiti (/Users/zackjackson/Documents/Codex/2026-10-02/task-4/stack5137/node_modules/.pnpm/jiti@1.21.7/node_modules/jiti/dist/jiti.js:1:249092)
[error]     at /Users/zackjackson/Documents/Codex/2026-10-02/task-4/stack5137/apps/next-app-router/next-app-router-4001/tailwind.config.ts:89:13
[error]     at evalModule (/Users/zackjackson/Documents/Codex/2026-10-02/task-4/stack5137/node_modules/.pnpm/jiti@1.21.7/node_modules/jiti/dist/jiti.js:1:251913)
[error]     at jiti (/Users/zackjackson/Documents/Codex/2026-10-02/task-4/stack5137/node_modules/.pnpm/jiti@1.21.7/node_modules/jiti/dist/jiti.js:1:249841)
[error]     at /Users/zackjackson/Documents/Codex/2026-10-02/task-4/stack5137/node_modules/.pnpm/tailwindcss@3.4.13_ts-node@10.9.1_@swc+core@1.7.26_@swc+helpers@0.5.13__@types+node@20.19.5_typescript@6.0.3_/node_modules/tailwindcss/lib/lib/load-config.js:51:30
[error] apps/next-app-router/next-app-router-4001/app/loading/template.tsx: Error: Cannot find module '@tailwindcss/typography'
[error] Require stack:
[error] - /Users/zackjackson/Documents/Codex/2026-10-02/task-4/stack5137/apps/next-app-router/next-app-router-4001/tailwind.config.ts
[error]     at Module._resolveFilename (node:internal/modules/cjs/loader:1476:15)
[error]     at wrapResolveFilename (node:internal/modules/cjs/loader:1049:27)
[error]     at resolveForCJSWithHooks (node:internal/modules/cjs/loader:1094:12)
[error]     at require.resolve (node:internal/modules/helpers:171:31)
[error]     at _resolve (/Users/zackjackson/Documents/Codex/2026-10-02/task-4/stack5137/node_modules/.pnpm/jiti@1.21.7/node_modules/jiti/dist/jiti.js:1:246378)
[error]     at jiti (/Users/zackjackson/Documents/Codex/2026-10-02/task-4/stack5137/node_modules/.pnpm/jiti@1.21.7/node_modules/jiti/dist/jiti.js:1:249092)
[error]     at /Users/zackjackson/Documents/Codex/2026-10-02/task-4/stack5137/apps/next-app-router/next-app-router-4001/tailwind.config.ts:89:13
[error]     at evalModule (/Users/zackjackson/Documents/Codex/2026-10-02/task-4/stack5137/node_modules/.pnpm/jiti@1.21.7/node_modules/jiti/dist/jiti.js:1:251913)
[error]     at jiti (/Users/zackjackson/Documents/Codex/2026-10-02/task-4/stack5137/node_modules/.pnpm/jiti@1.21.7/node_modules/jiti/dist/jiti.js:1:249841)
[error]     at /Users/zackjackson/Documents/Codex/2026-10-02/task-4/stack5137/node_modules/.pnpm/tailwindcss@3.4.13_ts-node@10.9.1_@swc+core@1.7.26_@swc+helpers@0.5.13__@types+node@20.19.5_typescript@6.0.3_/node_modules/tailwindcss/lib/lib/load-config.js:51:30
[error] apps/next-app-router/next-app-router-4001/app/not-found.tsx: Error: Cannot find module '@tailwindcss/typography'
[error] Require stack:
[error] - /Users/zackjackson/Documents/Codex/2026-10-02/task-4/stack5137/apps/next-app-router/next-app-router-4001/tailwind.config.ts
[error]     at Module._resolveFilename (node:internal/modules/cjs/loader:1476:15)
[error]     at wrapResolveFilename (node:internal/modules/cjs/loader:1049:27)
[error]     at resolveForCJSWithHooks (node:internal/modules/cjs/loader:1094:12)
[error]     at require.resolve (node:internal/modules/helpers:171:31)
[error]     at _resolve (/Users/zackjackson/Documents/Codex/2026-10-02/task-4/stack5137/node_modules/.pnpm/jiti@1.21.7/node_modules/jiti/dist/jiti.js:1:246378)
[error]     at jiti (/Users/zackjackson/Documents/Codex/2026-10-02/task-4/stack5137/node_modules/.pnpm/jiti@1.21.7/node_modules/jiti/dist/jiti.js:1:249092)
[error]     at /Users/zackjackson/Documents/Codex/2026-10-02/task-4/stack5137/apps/next-app-router/next-app-router-4001/tailwind.config.ts:89:13
[error]     at evalModule (/Users/zackjackson/Documents/Codex/2026-10-02/task-4/stack5137/node_modules/.pnpm/jiti@1.21.7/node_modules/jiti/dist/jiti.js:1:251913)
[error]     at jiti (/Users/zackjackson/Documents/Codex/2026-10-02/task-4/stack5137/node_modules/.pnpm/jiti@1.21.7/node_modules/jiti/dist/jiti.js:1:249841)
[error]     at /Users/zackjackson/Documents/Codex/2026-10-02/task-4/stack5137/node_modules/.pnpm/tailwindcss@3.4.13_ts-node@10.9.1_@swc+core@1.7.26_@swc+helpers@0.5.13__@types+node@20.19.5_typescript@6.0.3_/node_modules/tailwindcss/lib/lib/load-config.js:51:30
[error] apps/next-app-router/next-app-router-4001/app/not-found/[categorySlug]/[subCategorySlug]/not-found.tsx: Error: Cannot find module '@tailwindcss/typography'
[error] Require stack:
[error] - /Users/zackjackson/Documents/Codex/2026-10-02/task-4/stack5137/apps/next-app-router/next-app-router-4001/tailwind.config.ts
[error]     at Module._resolveFilename (node:internal/modules/cjs/loader:1476:15)
[error]     at wrapResolveFilename (node:internal/modules/cjs/loader:1049:27)
[error]     at resolveForCJSWithHooks (node:internal/modules/cjs/loader:1094:12)
[error]     at require.resolve (node:internal/modules/helpers:171:31)
[error]     at _resolve (/Users/zackjackson/Documents/Codex/2026-10-02/task-4/stack5137/node_modules/.pnpm/jiti@1.21.7/node_modules/jiti/dist/jiti.js:1:246378)
[error]     at jiti (/Users/zackjackson/Documents/Codex/2026-10-02/task-4/stack5137/node_modules/.pnpm/jiti@1.21.7/node_modules/jiti/dist/jiti.js:1:249092)
[error]     at /Users/zackjackson/Documents/Codex/2026-10-02/task-4/stack5137/apps/next-app-router/next-app-router-4001/tailwind.config.ts:89:13
[error]     at evalModule (/Users/zackjackson/Documents/Codex/2026-10-02/task-4/stack5137/node_modules/.pnpm/jiti@1.21.7/node_modules/jiti/dist/jiti.js:1:251913)
[error]     at jiti (/Users/zackjackson/Documents/Codex/2026-10-02/task-4/stack5137/node_modules/.pnpm/jiti@1.21.7/node_modules/jiti/dist/jiti.js:1:249841)
[error]     at /Users/zackjackson/Documents/Codex/2026-10-02/task-4/stack5137/node_modules/.pnpm/tailwindcss@3.4.13_ts-node@10.9.1_@swc+core@1.7.26_@swc+helpers@0.5.13__@types+node@20.19.5_typescript@6.0.3_/node_modules/tailwindcss/lib/lib/load-config.js:51:30
[error] apps/next-app-router/next-app-router-4001/app/not-found/[categorySlug]/[subCategorySlug]/page.tsx: Error: Cannot find module '@tailwindcss/typography'
[error] Require stack:
[error] - /Users/zackjackson/Documents/Codex/2026-10-02/task-4/stack5137/apps/next-app-router/next-app-router-4001/tailwind.config.ts
[error]     at Module._resolveFilename (node:internal/modules/cjs/loader:1476:15)
[error]     at wrapResolveFilename (node:internal/modules/cjs/loader:1049:27)
[error]     at resolveForCJSWithHooks (node:internal/modules/cjs/loader:1094:12)
[error]     at require.resolve (node:internal/modules/helpers:171:31)
[error]     at _resolve (/Users/zackjackson/Documents/Codex/2026-10-02/task-4/stack5137/node_modules/.pnpm/jiti@1.21.7/node_modules/jiti/dist/jiti.js:1:246378)
[error]     at jiti (/Users/zackjackson/Documents/Codex/2026-10-02/task-4/stack5137/node_modules/.pnpm/jiti@1.21.7/node_modules/jiti/dist/jiti.js:1:249092)
[error]     at /Users/zackjackson/Documents/Codex/2026-10-02/task-4/stack5137/apps/next-app-router/next-app-router-4001/tailwind.config.ts:89:13
[error]     at evalModule (/Users/zackjackson/Documents/Codex/2026-10-02/task-4/stack5137/node_modules/.pnpm/jiti@1.21.7/node_modules/jiti/dist/jiti.js:1:251913)
[error]     at jiti (/Users/zackjackson/Documents/Codex/2026-10-02/task-4/stack5137/node_modules/.pnpm/jiti@1.21.7/node_modules/jiti/dist/jiti.js:1:249841)
[error]     at /Users/zackjackson/Documents/Codex/2026-10-02/task-4/stack5137/node_modules/.pnpm/tailwindcss@3.4.13_ts-node@10.9.1_@swc+core@1.7.26_@swc+helpers@0.5.13__@types+node@20.19.5_typescript@6.0.3_/node_modules/tailwindcss/lib/lib/load-config.js:51:30
[error] apps/next-app-router/next-app-router-4001/app/not-found/[categorySlug]/layout.tsx: Error: Cannot find module '@tailwindcss/typography'
[error] Require stack:
[error] - /Users/zackjackson/Documents/Codex/2026-10-02/task-4/stack5137/apps/next-app-router/next-app-router-4001/tailwind.config.ts
[error]     at Module._resolveFilename (node:internal/modules/cjs/loader:1476:15)
[error]     at wrapResolveFilename (node:internal/modules/cjs/loader:1049:27)
[error]     at resolveForCJSWithHooks (node:internal/modules/cjs/loader:1094:12)
[error]     at require.resolve (node:internal/modules/helpers:171:31)
[error]     at _resolve (/Users/zackjackson/Documents/Codex/2026-10-02/task-4/stack5137/node_modules/.pnpm/jiti@1.21.7/node_modules/jiti/dist/jiti.js:1:246378)
[error]     at jiti (/Users/zackjackson/Documents/Codex/2026-10-02/task-4/stack5137/node_modules/.pnpm/jiti@1.21.7/node_modules/jiti/dist/jiti.js:1:249092)
[error]     at /Users/zackjackson/Documents/Codex/2026-10-02/task-4/stack5137/apps/next-app-router/next-app-router-4001/tailwind.config.ts:89:13
[error]     at evalModule (/Users/zackjackson/Documents/Codex/2026-10-02/task-4/stack5137/node_modules/.pnpm/jiti@1.21.7/node_modules/jiti/dist/jiti.js:1:251913)
[error]     at jiti (/Users/zackjackson/Documents/Codex/2026-10-02/task-4/stack5137/node_modules/.pnpm/jiti@1.21.7/node_modules/jiti/dist/jiti.js:1:249841)
[error]     at /Users/zackjackson/Documents/Codex/2026-10-02/task-4/stack5137/node_modules/.pnpm/tailwindcss@3.4.13_ts-node@10.9.1_@swc+core@1.7.26_@swc+helpers@0.5.13__@types+node@20.19.5_typescript@6.0.3_/node_modules/tailwindcss/lib/lib/load-config.js:51:30
[error] apps/next-app-router/next-app-router-4001/app/not-found/[categorySlug]/not-found.tsx: Error: Cannot find module '@tailwindcss/typography'
[error] Require stack:
[error] - /Users/zackjackson/Documents/Codex/2026-10-02/task-4/stack5137/apps/next-app-router/next-app-router-4001/tailwind.config.ts
[error]     at Module._resolveFilename (node:internal/modules/cjs/loader:1476:15)
[error]     at wrapResolveFilename (node:internal/modules/cjs/loader:1049:27)
[error]     at resolveForCJSWithHooks (node:internal/modules/cjs/loader:1094:12)
[error]     at require.resolve (node:internal/modules/helpers:171:31)
[error]     at _resolve (/Users/zackjackson/Documents/Codex/2026-10-02/task-4/stack5137/node_modules/.pnpm/jiti@1.21.7/node_modules/jiti/dist/jiti.js:1:246378)
[error]     at jiti (/Users/zackjackson/Documents/Codex/2026-10-02/task-4/stack5137/node_modules/.pnpm/jiti@1.21.7/node_modules/jiti/dist/jiti.js:1:249092)
[error]     at /Users/zackjackson/Documents/Codex/2026-10-02/task-4/stack5137/apps/next-app-router/next-app-router-4001/tailwind.config.ts:89:13
[error]     at evalModule (/Users/zackjackson/Documents/Codex/2026-10-02/task-4/stack5137/node_modules/.pnpm/jiti@1.21.7/node_modules/jiti/dist/jiti.js:1:251913)
[error]     at jiti (/Users/zackjackson/Documents/Codex/2026-10-02/task-4/stack5137/node_modules/.pnpm/jiti@1.21.7/node_modules/jiti/dist/jiti.js:1:249841)
[error]     at /Users/zackjackson/Documents/Codex/2026-10-02/task-4/stack5137/node_modules/.pnpm/tailwindcss@3.4.13_ts-node@10.9.1_@swc+core@1.7.26_@swc+helpers@0.5.13__@types+node@20.19.5_typescript@6.0.3_/node_modules/tailwindcss/lib/lib/load-config.js:51:30
[error] apps/next-app-router/next-app-router-4001/app/not-found/[categorySlug]/page.tsx: Error: Cannot find module '@tailwindcss/typography'
[error] Require stack:
[error] - /Users/zackjackson/Documents/Codex/2026-10-02/task-4/stack5137/apps/next-app-router/next-app-router-4001/tailwind.config.ts
[error]     at Module._resolveFilename (node:internal/modules/cjs/loader:1476:15)
[error]     at wrapResolveFilename (node:internal/modules/cjs/loader:1049:27)
[error]     at resolveForCJSWithHooks (node:internal/modules/cjs/loader:1094:12)
[error]     at require.resolve (node:internal/modules/helpers:171:31)
[error]     at _resolve (/Users/zackjackson/Documents/Codex/2026-10-02/task-4/stack5137/node_modules/.pnpm/jiti@1.21.7/node_modules/jiti/dist/jiti.js:1:246378)
[error]     at jiti (/Users/zackjackson/Documents/Codex/2026-10-02/task-4/stack5137/node_modules/.pnpm/jiti@1.21.7/node_modules/jiti/dist/jiti.js:1:249092)
[error]     at /Users/zackjackson/Documents/Codex/2026-10-02/task-4/stack5137/apps/next-app-router/next-app-router-4001/tailwind.config.ts:89:13
[error]     at evalModule (/Users/zackjackson/Documents/Codex/2026-10-02/task-4/stack5137/node_modules/.pnpm/jiti@1.21.7/node_modules/jiti/dist/jiti.js:1:251913)
[error]     at jiti (/Users/zackjackson/Documents/Codex/2026-10-02/task-4/stack5137/node_modules/.pnpm/jiti@1.21.7/node_modules/jiti/dist/jiti.js:1:249841)
[error]     at /Users/zackjackson/Documents/Codex/2026-10-02/task-4/stack5137/node_modules/.pnpm/tailwindcss@3.4.13_ts-node@10.9.1_@swc+core@1.7.26_@swc+helpers@0.5.13__@types+node@20.19.5_typescript@6.0.3_/node_modules/tailwindcss/lib/lib/load-config.js:51:30
[error] apps/next-app-router/next-app-router-4001/app/not-found/[categorySlug]/template.tsx: Error: Cannot find module '@tailwindcss/typography'
[error] Require stack:
[error] - /Users/zackjackson/Documents/Codex/2026-10-02/task-4/stack5137/apps/next-app-router/next-app-router-4001/tailwind.config.ts
[error]     at Module._resolveFilename (node:internal/modules/cjs/loader:1476:15)
[error]     at wrapResolveFilename (node:internal/modules/cjs/loader:1049:27)
[error]     at resolveForCJSWithHooks (node:internal/modules/cjs/loader:1094:12)
[error]     at require.resolve (node:internal/modules/helpers:171:31)
[error]     at _resolve (/Users/zackjackson/Documents/Codex/2026-10-02/task-4/stack5137/node_modules/.pnpm/jiti@1.21.7/node_modules/jiti/dist/jiti.js:1:246378)
[error]     at jiti (/Users/zackjackson/Documents/Codex/2026-10-02/task-4/stack5137/node_modules/.pnpm/jiti@1.21.7/node_modules/jiti/dist/jiti.js:1:249092)
[error]     at /Users/zackjackson/Documents/Codex/2026-10-02/task-4/stack5137/apps/next-app-router/next-app-router-4001/tailwind.config.ts:89:13
[error]     at evalModule (/Users/zackjackson/Documents/Codex/2026-10-02/task-4/stack5137/node_modules/.pnpm/jiti@1.21.7/node_modules/jiti/dist/jiti.js:1:251913)
[error]     at jiti (/Users/zackjackson/Documents/Codex/2026-10-02/task-4/stack5137/node_modules/.pnpm/jiti@1.21.7/node_modules/jiti/dist/jiti.js:1:249841)
[error]     at /Users/zackjackson/Documents/Codex/2026-10-02/task-4/stack5137/node_modules/.pnpm/tailwindcss@3.4.13_ts-node@10.9.1_@swc+core@1.7.26_@swc+helpers@0.5.13__@types+node@20.19.5_typescript@6.0.3_/node_modules/tailwindcss/lib/lib/load-config.js:51:30
[error] apps/next-app-router/next-app-router-4001/app/not-found/layout.tsx: Error: Cannot find module '@tailwindcss/typography'
[error] Require stack:
[error] - /Users/zackjackson/Documents/Codex/2026-10-02/task-4/stack5137/apps/next-app-router/next-app-router-4001/tailwind.config.ts
[error]     at Module._resolveFilename (node:internal/modules/cjs/loader:1476:15)
[error]     at wrapResolveFilename (node:internal/modules/cjs/loader:1049:27)
[error]     at resolveForCJSWithHooks (node:internal/modules/cjs/loader:1094:12)
[error]     at require.resolve (node:internal/modules/helpers:171:31)
[error]     at _resolve (/Users/zackjackson/Documents/Codex/2026-10-02/task-4/stack5137/node_modules/.pnpm/jiti@1.21.7/node_modules/jiti/dist/jiti.js:1:246378)
[error]     at jiti (/Users/zackjackson/Documents/Codex/2026-10-02/task-4/stack5137/node_modules/.pnpm/jiti@1.21.7/node_modules/jiti/dist/jiti.js:1:249092)
[error]     at /Users/zackjackson/Documents/Codex/2026-10-02/task-4/stack5137/apps/next-app-router/next-app-router-4001/tailwind.config.ts:89:13
[error]     at evalModule (/Users/zackjackson/Documents/Codex/2026-10-02/task-4/stack5137/node_modules/.pnpm/jiti@1.21.7/node_modules/jiti/dist/jiti.js:1:251913)
[error]     at jiti (/Users/zackjackson/Documents/Codex/2026-10-02/task-4/stack5137/node_modules/.pnpm/jiti@1.21.7/node_modules/jiti/dist/jiti.js:1:249841)
[error]     at /Users/zackjackson/Documents/Codex/2026-10-02/task-4/stack5137/node_modules/.pnpm/tailwindcss@3.4.13_ts-node@10.9.1_@swc+core@1.7.26_@swc+helpers@0.5.13__@types+node@20.19.5_typescript@6.0.3_/node_modules/tailwindcss/lib/lib/load-config.js:51:30
[error] apps/next-app-router/next-app-router-4001/app/not-found/not-found.tsx: Error: Cannot find module '@tailwindcss/typography'
[error] Require stack:
[error] - /Users/zackjackson/Documents/Codex/2026-10-02/task-4/stack5137/apps/next-app-router/next-app-router-4001/tailwind.config.ts
[error]     at Module._resolveFilename (node:internal/modules/cjs/loader:1476:15)
[error]     at wrapResolveFilename (node:internal/modules/cjs/loader:1049:27)
[error]     at resolveForCJSWithHooks (node:internal/modules/cjs/loader:1094:12)
[error]     at require.resolve (node:internal/modules/helpers:171:31)
[error]     at _resolve (/Users/zackjackson/Documents/Codex/2026-10-02/task-4/stack5137/node_modules/.pnpm/jiti@1.21.7/node_modules/jiti/dist/jiti.js:1:246378)
[error]     at jiti (/Users/zackjackson/Documents/Codex/2026-10-02/task-4/stack5137/node_modules/.pnpm/jiti@1.21.7/node_modules/jiti/dist/jiti.js:1:249092)
[error]     at /Users/zackjackson/Documents/Codex/2026-10-02/task-4/stack5137/apps/next-app-router/next-app-router-4001/tailwind.config.ts:89:13
[error]     at evalModule (/Users/zackjackson/Documents/Codex/2026-10-02/task-4/stack5137/node_modules/.pnpm/jiti@1.21.7/node_modules/jiti/dist/jiti.js:1:251913)
[error]     at jiti (/Users/zackjackson/Documents/Codex/2026-10-02/task-4/stack5137/node_modules/.pnpm/jiti@1.21.7/node_modules/jiti/dist/jiti.js:1:249841)
[error]     at /Users/zackjackson/Documents/Codex/2026-10-02/task-4/stack5137/node_modules/.pnpm/tailwindcss@3.4.13_ts-node@10.9.1_@swc+core@1.7.26_@swc+helpers@0.5.13__@types+node@20.19.5_typescript@6.0.3_/node_modules/tailwindcss/lib/lib/load-config.js:51:30
[error] apps/next-app-router/next-app-router-4001/app/not-found/page.tsx: Error: Cannot find module '@tailwindcss/typography'
[error] Require stack:
[error] - /Users/zackjackson/Documents/Codex/2026-10-02/task-4/stack5137/apps/next-app-router/next-app-router-4001/tailwind.config.ts
[error]     at Module._resolveFilename (node:internal/modules/cjs/loader:1476:15)
[error]     at wrapResolveFilename (node:internal/modules/cjs/loader:1049:27)
[error]     at resolveForCJSWithHooks (node:internal/modules/cjs/loader:1094:12)
[error]     at require.resolve (node:internal/modules/helpers:171:31)
[error]     at _resolve (/Users/zackjackson/Documents/Codex/2026-10-02/task-4/stack5137/node_modules/.pnpm/jiti@1.21.7/node_modules/jiti/dist/jiti.js:1:246378)
[error]     at jiti (/Users/zackjackson/Documents/Codex/2026-10-02/task-4/stack5137/node_modules/.pnpm/jiti@1.21.7/node_modules/jiti/dist/jiti.js:1:249092)
[error]     at /Users/zackjackson/Documents/Codex/2026-10-02/task-4/stack5137/apps/next-app-router/next-app-router-4001/tailwind.config.ts:89:13
[error]     at evalModule (/Users/zackjackson/Documents/Codex/2026-10-02/task-4/stack5137/node_modules/.pnpm/jiti@1.21.7/node_modules/jiti/dist/jiti.js:1:251913)
[error]     at jiti (/Users/zackjackson/Documents/Codex/2026-10-02/task-4/stack5137/node_modules/.pnpm/jiti@1.21.7/node_modules/jiti/dist/jiti.js:1:249841)
[error]     at /Users/zackjackson/Documents/Codex/2026-10-02/task-4/stack5137/node_modules/.pnpm/tailwindcss@3.4.13_ts-node@10.9.1_@swc+core@1.7.26_@swc+helpers@0.5.13__@types+node@20.19.5_typescript@6.0.3_/node_modules/tailwindcss/lib/lib/load-config.js:51:30
[error] apps/next-app-router/next-app-router-4001/app/not-found/template.tsx: Error: Cannot find module '@tailwindcss/typography'
[error] Require stack:
[error] - /Users/zackjackson/Documents/Codex/2026-10-02/task-4/stack5137/apps/next-app-router/next-app-router-4001/tailwind.config.ts
[error]     at Module._resolveFilename (node:internal/modules/cjs/loader:1476:15)
[error]     at wrapResolveFilename (node:internal/modules/cjs/loader:1049:27)
[error]     at resolveForCJSWithHooks (node:internal/modules/cjs/loader:1094:12)
[error]     at require.resolve (node:internal/modules/helpers:171:31)
[error]     at _resolve (/Users/zackjackson/Documents/Codex/2026-10-02/task-4/stack5137/node_modules/.pnpm/jiti@1.21.7/node_modules/jiti/dist/jiti.js:1:246378)
[error]     at jiti (/Users/zackjackson/Documents/Codex/2026-10-02/task-4/stack5137/node_modules/.pnpm/jiti@1.21.7/node_modules/jiti/dist/jiti.js:1:249092)
[error]     at /Users/zackjackson/Documents/Codex/2026-10-02/task-4/stack5137/apps/next-app-router/next-app-router-4001/tailwind.config.ts:89:13
[error]     at evalModule (/Users/zackjackson/Documents/Codex/2026-10-02/task-4/stack5137/node_modules/.pnpm/jiti@1.21.7/node_modules/jiti/dist/jiti.js:1:251913)
[error]     at jiti (/Users/zackjackson/Documents/Codex/2026-10-02/task-4/stack5137/node_modules/.pnpm/jiti@1.21.7/node_modules/jiti/dist/jiti.js:1:249841)
[error]     at /Users/zackjackson/Documents/Codex/2026-10-02/task-4/stack5137/node_modules/.pnpm/tailwindcss@3.4.13_ts-node@10.9.1_@swc+core@1.7.26_@swc+helpers@0.5.13__@types+node@20.19.5_typescript@6.0.3_/node_modules/tailwindcss/lib/lib/load-config.js:51:30
[error] apps/next-app-router/next-app-router-4001/app/page.tsx: Error: Cannot find module '@tailwindcss/typography'
[error] Require stack:
[error] - /Users/zackjackson/Documents/Codex/2026-10-02/task-4/stack5137/apps/next-app-router/next-app-router-4001/tailwind.config.ts
[error]     at Module._resolveFilename (node:internal/modules/cjs/loader:1476:15)
[error]     at wrapResolveFilename (node:internal/modules/cjs/loader:1049:27)
[error]     at resolveForCJSWithHooks (node:internal/modules/cjs/loader:1094:12)
[error]     at require.resolve (node:internal/modules/helpers:171:31)
[error]     at _resolve (/Users/zackjackson/Documents/Codex/2026-10-02/task-4/stack5137/node_modules/.pnpm/jiti@1.21.7/node_modules/jiti/dist/jiti.js:1:246378)
[error]     at jiti (/Users/zackjackson/Documents/Codex/2026-10-02/task-4/stack5137/node_modules/.pnpm/jiti@1.21.7/node_modules/jiti/dist/jiti.js:1:249092)
[error]     at /Users/zackjackson/Documents/Codex/2026-10-02/task-4/stack5137/apps/next-app-router/next-app-router-4001/tailwind.config.ts:89:13
[error]     at evalModule (/Users/zackjackson/Documents/Codex/2026-10-02/task-4/stack5137/node_modules/.pnpm/jiti@1.21.7/node_modules/jiti/dist/jiti.js:1:251913)
[error]     at jiti (/Users/zackjackson/Documents/Codex/2026-10-02/task-4/stack5137/node_modules/.pnpm/jiti@1.21.7/node_modules/jiti/dist/jiti.js:1:249841)
[error]     at /Users/zackjackson/Documents/Codex/2026-10-02/task-4/stack5137/node_modules/.pnpm/tailwindcss@3.4.13_ts-node@10.9.1_@swc+core@1.7.26_@swc+helpers@0.5.13__@types+node@20.19.5_typescript@6.0.3_/node_modules/tailwindcss/lib/lib/load-config.js:51:30
[error] apps/next-app-router/next-app-router-4001/app/parallel-routes/_ui/current-route.tsx: Error: Cannot find module '@tailwindcss/typography'
[error] Require stack:
[error] - /Users/zackjackson/Documents/Codex/2026-10-02/task-4/stack5137/apps/next-app-router/next-app-router-4001/tailwind.config.ts
[error]     at Module._resolveFilename (node:internal/modules/cjs/loader:1476:15)
[error]     at wrapResolveFilename (node:internal/modules/cjs/loader:1049:27)
[error]     at resolveForCJSWithHooks (node:internal/modules/cjs/loader:1094:12)
[error]     at require.resolve (node:internal/modules/helpers:171:31)
[error]     at _resolve (/Users/zackjackson/Documents/Codex/2026-10-02/task-4/stack5137/node_modules/.pnpm/jiti@1.21.7/node_modules/jiti/dist/jiti.js:1:246378)
[error]     at jiti (/Users/zackjackson/Documents/Codex/2026-10-02/task-4/stack5137/node_modules/.pnpm/jiti@1.21.7/node_modules/jiti/dist/jiti.js:1:249092)
[error]     at /Users/zackjackson/Documents/Codex/2026-10-02/task-4/stack5137/apps/next-app-router/next-app-router-4001/tailwind.config.ts:89:13
[error]     at evalModule (/Users/zackjackson/Documents/Codex/2026-10-02/task-4/stack5137/node_modules/.pnpm/jiti@1.21.7/node_modules/jiti/dist/jiti.js:1:251913)
[error]     at jiti (/Users/zackjackson/Documents/Codex/2026-10-02/task-4/stack5137/node_modules/.pnpm/jiti@1.21.7/node_modules/jiti/dist/jiti.js:1:249841)
[error]     at /Users/zackjackson/Documents/Codex/2026-10-02/task-4/stack5137/node_modules/.pnpm/tailwindcss@3.4.13_ts-node@10.9.1_@swc+core@1.7.26_@swc+helpers@0.5.13__@types+node@20.19.5_typescript@6.0.3_/node_modules/tailwindcss/lib/lib/load-config.js:51:30
[error] apps/next-app-router/next-app-router-4001/app/parallel-routes/@audience/default.tsx: Error: Cannot find module '@tailwindcss/typography'
[error] Require stack:
[error] - /Users/zackjackson/Documents/Codex/2026-10-02/task-4/stack5137/apps/next-app-router/next-app-router-4001/tailwind.config.ts
[error]     at Module._resolveFilename (node:internal/modules/cjs/loader:1476:15)
[error]     at wrapResolveFilename (node:internal/modules/cjs/loader:1049:27)
[error]     at resolveForCJSWithHooks (node:internal/modules/cjs/loader:1094:12)
[error]     at require.resolve (node:internal/modules/helpers:171:31)
[error]     at _resolve (/Users/zackjackson/Documents/Codex/2026-10-02/task-4/stack5137/node_modules/.pnpm/jiti@1.21.7/node_modules/jiti/dist/jiti.js:1:246378)
[error]     at jiti (/Users/zackjackson/Documents/Codex/2026-10-02/task-4/stack5137/node_modules/.pnpm/jiti@1.21.7/node_modules/jiti/dist/jiti.js:1:249092)
[error]     at /Users/zackjackson/Documents/Codex/2026-10-02/task-4/stack5137/apps/next-app-router/next-app-router-4001/tailwind.config.ts:89:13
[error]     at evalModule (/Users/zackjackson/Documents/Codex/2026-10-02/task-4/stack5137/node_modules/.pnpm/jiti@1.21.7/node_modules/jiti/dist/jiti.js:1:251913)
[error]     at jiti (/Users/zackjackson/Documents/Codex/2026-10-02/task-4/stack5137/node_modules/.pnpm/jiti@1.21.7/node_modules/jiti/dist/jiti.js:1:249841)
[error]     at /Users/zackjackson/Documents/Codex/2026-10-02/task-4/stack5137/node_modules/.pnpm/tailwindcss@3.4.13_ts-node@10.9.1_@swc+core@1.7.26_@swc+helpers@0.5.13__@types+node@20.19.5_typescript@6.0.3_/node_modules/tailwindcss/lib/lib/load-config.js:51:30
[error] apps/next-app-router/next-app-router-4001/app/parallel-routes/@audience/demographics/page.tsx: Error: Cannot find module '@tailwindcss/typography'
[error] Require stack:
[error] - /Users/zackjackson/Documents/Codex/2026-10-02/task-4/stack5137/apps/next-app-router/next-app-router-4001/tailwind.config.ts
[error]     at Module._resolveFilename (node:internal/modules/cjs/loader:1476:15)
[error]     at wrapResolveFilename (node:internal/modules/cjs/loader:1049:27)
[error]     at resolveForCJSWithHooks (node:internal/modules/cjs/loader:1094:12)
[error]     at require.resolve (node:internal/modules/helpers:171:31)
[error]     at _resolve (/Users/zackjackson/Documents/Codex/2026-10-02/task-4/stack5137/node_modules/.pnpm/jiti@1.21.7/node_modules/jiti/dist/jiti.js:1:246378)
[error]     at jiti (/Users/zackjackson/Documents/Codex/2026-10-02/task-4/stack5137/node_modules/.pnpm/jiti@1.21.7/node_modules/jiti/dist/jiti.js:1:249092)
[error]     at /Users/zackjackson/Documents/Codex/2026-10-02/task-4/stack5137/apps/next-app-router/next-app-router-4001/tailwind.config.ts:89:13
[error]     at evalModule (/Users/zackjackson/Documents/Codex/2026-10-02/task-4/stack5137/node_modules/.pnpm/jiti@1.21.7/node_modules/jiti/dist/jiti.js:1:251913)
[error]     at jiti (/Users/zackjackson/Documents/Codex/2026-10-02/task-4/stack5137/node_modules/.pnpm/jiti@1.21.7/node_modules/jiti/dist/jiti.js:1:249841)
[error]     at /Users/zackjackson/Documents/Codex/2026-10-02/task-4/stack5137/node_modules/.pnpm/tailwindcss@3.4.13_ts-node@10.9.1_@swc+core@1.7.26_@swc+helpers@0.5.13__@types+node@20.19.5_typescript@6.0.3_/node_modules/tailwindcss/lib/lib/load-config.js:51:30
[error] apps/next-app-router/next-app-router-4001/app/parallel-routes/@audience/layout.tsx: Error: Cannot find module '@tailwindcss/typography'
[error] Require stack:
[error] - /Users/zackjackson/Documents/Codex/2026-10-02/task-4/stack5137/apps/next-app-router/next-app-router-4001/tailwind.config.ts
[error]     at Module._resolveFilename (node:internal/modules/cjs/loader:1476:15)
[error]     at wrapResolveFilename (node:internal/modules/cjs/loader:1049:27)
[error]     at resolveForCJSWithHooks (node:internal/modules/cjs/loader:1094:12)
[error]     at require.resolve (node:internal/modules/helpers:171:31)
[error]     at _resolve (/Users/zackjackson/Documents/Codex/2026-10-02/task-4/stack5137/node_modules/.pnpm/jiti@1.21.7/node_modules/jiti/dist/jiti.js:1:246378)
[error]     at jiti (/Users/zackjackson/Documents/Codex/2026-10-02/task-4/stack5137/node_modules/.pnpm/jiti@1.21.7/node_modules/jiti/dist/jiti.js:1:249092)
[error]     at /Users/zackjackson/Documents/Codex/2026-10-02/task-4/stack5137/apps/next-app-router/next-app-router-4001/tailwind.config.ts:89:13
[error]     at evalModule (/Users/zackjackson/Documents/Codex/2026-10-02/task-4/stack5137/node_modules/.pnpm/jiti@1.21.7/node_modules/jiti/dist/jiti.js:1:251913)
[error]     at jiti (/Users/zackjackson/Documents/Codex/2026-10-02/task-4/stack5137/node_modules/.pnpm/jiti@1.21.7/node_modules/jiti/dist/jiti.js:1:249841)
[error]     at /Users/zackjackson/Documents/Codex/2026-10-02/task-4/stack5137/node_modules/.pnpm/tailwindcss@3.4.13_ts-node@10.9.1_@swc+core@1.7.26_@swc+helpers@0.5.13__@types+node@20.19.5_typescript@6.0.3_/node_modules/tailwindcss/lib/lib/load-config.js:51:30
[error] apps/next-app-router/next-app-router-4001/app/parallel-routes/@audience/page.tsx: Error: Cannot find module '@tailwindcss/typography'
[error] Require stack:
[error] - /Users/zackjackson/Documents/Codex/2026-10-02/task-4/stack5137/apps/next-app-router/next-app-router-4001/tailwind.config.ts
[error]     at Module._resolveFilename (node:internal/modules/cjs/loader:1476:15)
[error]     at wrapResolveFilename (node:internal/modules/cjs/loader:1049:27)
[error]     at resolveForCJSWithHooks (node:internal/modules/cjs/loader:1094:12)
[error]     at require.resolve (node:internal/modules/helpers:171:31)
[error]     at _resolve (/Users/zackjackson/Documents/Codex/2026-10-02/task-4/stack5137/node_modules/.pnpm/jiti@1.21.7/node_modules/jiti/dist/jiti.js:1:246378)
[error]     at jiti (/Users/zackjackson/Documents/Codex/2026-10-02/task-4/stack5137/node_modules/.pnpm/jiti@1.21.7/node_modules/jiti/dist/jiti.js:1:249092)
[error]     at /Users/zackjackson/Documents/Codex/2026-10-02/task-4/stack5137/apps/next-app-router/next-app-router-4001/tailwind.config.ts:89:13
[error]     at evalModule (/Users/zackjackson/Documents/Codex/2026-10-02/task-4/stack5137/node_modules/.pnpm/jiti@1.21.7/node_modules/jiti/dist/jiti.js:1:251913)
[error]     at jiti (/Users/zackjackson/Documents/Codex/2026-10-02/task-4/stack5137/node_modules/.pnpm/jiti@1.21.7/node_modules/jiti/dist/jiti.js:1:249841)
[error]     at /Users/zackjackson/Documents/Codex/2026-10-02/task-4/stack5137/node_modules/.pnpm/tailwindcss@3.4.13_ts-node@10.9.1_@swc+core@1.7.26_@swc+helpers@0.5.13__@types+node@20.19.5_typescript@6.0.3_/node_modules/tailwindcss/lib/lib/load-config.js:51:30
[error] apps/next-app-router/next-app-router-4001/app/parallel-routes/@audience/subscribers/page.tsx: Error: Cannot find module '@tailwindcss/typography'
[error] Require stack:
[error] - /Users/zackjackson/Documents/Codex/2026-10-02/task-4/stack5137/apps/next-app-router/next-app-router-4001/tailwind.config.ts
[error]     at Module._resolveFilename (node:internal/modules/cjs/loader:1476:15)
[error]     at wrapResolveFilename (node:internal/modules/cjs/loader:1049:27)
[error]     at resolveForCJSWithHooks (node:internal/modules/cjs/loader:1094:12)
[error]     at require.resolve (node:internal/modules/helpers:171:31)
[error]     at _resolve (/Users/zackjackson/Documents/Codex/2026-10-02/task-4/stack5137/node_modules/.pnpm/jiti@1.21.7/node_modules/jiti/dist/jiti.js:1:246378)
[error]     at jiti (/Users/zackjackson/Documents/Codex/2026-10-02/task-4/stack5137/node_modules/.pnpm/jiti@1.21.7/node_modules/jiti/dist/jiti.js:1:249092)
[error]     at /Users/zackjackson/Documents/Codex/2026-10-02/task-4/stack5137/apps/next-app-router/next-app-router-4001/tailwind.config.ts:89:13
[error]     at evalModule (/Users/zackjackson/Documents/Codex/2026-10-02/task-4/stack5137/node_modules/.pnpm/jiti@1.21.7/node_modules/jiti/dist/jiti.js:1:251913)
[error]     at jiti (/Users/zackjackson/Documents/Codex/2026-10-02/task-4/stack5137/node_modules/.pnpm/jiti@1.21.7/node_modules/jiti/dist/jiti.js:1:249841)
[error]     at /Users/zackjackson/Documents/Codex/2026-10-02/task-4/stack5137/node_modules/.pnpm/tailwindcss@3.4.13_ts-node@10.9.1_@swc+core@1.7.26_@swc+helpers@0.5.13__@types+node@20.19.5_typescript@6.0.3_/node_modules/tailwindcss/lib/lib/load-config.js:51:30
[error] apps/next-app-router/next-app-router-4001/app/parallel-routes/@views/default.tsx: Error: Cannot find module '@tailwindcss/typography'
[error] Require stack:
[error] - /Users/zackjackson/Documents/Codex/2026-10-02/task-4/stack5137/apps/next-app-router/next-app-router-4001/tailwind.config.ts
[error]     at Module._resolveFilename (node:internal/modules/cjs/loader:1476:15)
[error]     at wrapResolveFilename (node:internal/modules/cjs/loader:1049:27)
[error]     at resolveForCJSWithHooks (node:internal/modules/cjs/loader:1094:12)
[error]     at require.resolve (node:internal/modules/helpers:171:31)
[error]     at _resolve (/Users/zackjackson/Documents/Codex/2026-10-02/task-4/stack5137/node_modules/.pnpm/jiti@1.21.7/node_modules/jiti/dist/jiti.js:1:246378)
[error]     at jiti (/Users/zackjackson/Documents/Codex/2026-10-02/task-4/stack5137/node_modules/.pnpm/jiti@1.21.7/node_modules/jiti/dist/jiti.js:1:249092)
[error]     at /Users/zackjackson/Documents/Codex/2026-10-02/task-4/stack5137/apps/next-app-router/next-app-router-4001/tailwind.config.ts:89:13
[error]     at evalModule (/Users/zackjackson/Documents/Codex/2026-10-02/task-4/stack5137/node_modules/.pnpm/jiti@1.21.7/node_modules/jiti/dist/jiti.js:1:251913)
[error]     at jiti (/Users/zackjackson/Documents/Codex/2026-10-02/task-4/stack5137/node_modules/.pnpm/jiti@1.21.7/node_modules/jiti/dist/jiti.js:1:249841)
[error]     at /Users/zackjackson/Documents/Codex/2026-10-02/task-4/stack5137/node_modules/.pnpm/tailwindcss@3.4.13_ts-node@10.9.1_@swc+core@1.7.26_@swc+helpers@0.5.13__@types+node@20.19.5_typescript@6.0.3_/node_modules/tailwindcss/lib/lib/load-config.js:51:30
[error] apps/next-app-router/next-app-router-4001/app/parallel-routes/@views/impressions/page.tsx: Error: Cannot find module '@tailwindcss/typography'
[error] Require stack:
[error] - /Users/zackjackson/Documents/Codex/2026-10-02/task-4/stack5137/apps/next-app-router/next-app-router-4001/tailwind.config.ts
[error]     at Module._resolveFilename (node:internal/modules/cjs/loader:1476:15)
[error]     at wrapResolveFilename (node:internal/modules/cjs/loader:1049:27)
[error]     at resolveForCJSWithHooks (node:internal/modules/cjs/loader:1094:12)
[error]     at require.resolve (node:internal/modules/helpers:171:31)
[error]     at _resolve (/Users/zackjackson/Documents/Codex/2026-10-02/task-4/stack5137/node_modules/.pnpm/jiti@1.21.7/node_modules/jiti/dist/jiti.js:1:246378)
[error]     at jiti (/Users/zackjackson/Documents/Codex/2026-10-02/task-4/stack5137/node_modules/.pnpm/jiti@1.21.7/node_modules/jiti/dist/jiti.js:1:249092)
[error]     at /Users/zackjackson/Documents/Codex/2026-10-02/task-4/stack5137/apps/next-app-router/next-app-router-4001/tailwind.config.ts:89:13
[error]     at evalModule (/Users/zackjackson/Documents/Codex/2026-10-02/task-4/stack5137/node_modules/.pnpm/jiti@1.21.7/node_modules/jiti/dist/jiti.js:1:251913)
[error]     at jiti (/Users/zackjackson/Documents/Codex/2026-10-02/task-4/stack5137/node_modules/.pnpm/jiti@1.21.7/node_modules/jiti/dist/jiti.js:1:249841)
[error]     at /Users/zackjackson/Documents/Codex/2026-10-02/task-4/stack5137/node_modules/.pnpm/tailwindcss@3.4.13_ts-node@10.9.1_@swc+core@1.7.26_@swc+helpers@0.5.13__@types+node@20.19.5_typescript@6.0.3_/node_modules/tailwindcss/lib/lib/load-config.js:51:30
[error] apps/next-app-router/next-app-router-4001/app/parallel-routes/@views/layout.tsx: Error: Cannot find module '@tailwindcss/typography'
[error] Require stack:
[error] - /Users/zackjackson/Documents/Codex/2026-10-02/task-4/stack5137/apps/next-app-router/next-app-router-4001/tailwind.config.ts
[error]     at Module._resolveFilename (node:internal/modules/cjs/loader:1476:15)
[error]     at wrapResolveFilename (node:internal/modules/cjs/loader:1049:27)
[error]     at resolveForCJSWithHooks (node:internal/modules/cjs/loader:1094:12)
[error]     at require.resolve (node:internal/modules/helpers:171:31)
[error]     at _resolve (/Users/zackjackson/Documents/Codex/2026-10-02/task-4/stack5137/node_modules/.pnpm/jiti@1.21.7/node_modules/jiti/dist/jiti.js:1:246378)
[error]     at jiti (/Users/zackjackson/Documents/Codex/2026-10-02/task-4/stack5137/node_modules/.pnpm/jiti@1.21.7/node_modules/jiti/dist/jiti.js:1:249092)
[error]     at /Users/zackjackson/Documents/Codex/2026-10-02/task-4/stack5137/apps/next-app-router/next-app-router-4001/tailwind.config.ts:89:13
[error]     at evalModule (/Users/zackjackson/Documents/Codex/2026-10-02/task-4/stack5137/node_modules/.pnpm/jiti@1.21.7/node_modules/jiti/dist/jiti.js:1:251913)
[error]     at jiti (/Users/zackjackson/Documents/Codex/2026-10-02/task-4/stack5137/node_modules/.pnpm/jiti@1.21.7/node_modules/jiti/dist/jiti.js:1:249841)
[error]     at /Users/zackjackson/Documents/Codex/2026-10-02/task-4/stack5137/node_modules/.pnpm/tailwindcss@3.4.13_ts-node@10.9.1_@swc+core@1.7.26_@swc+helpers@0.5.13__@types+node@20.19.5_typescript@6.0.3_/node_modules/tailwindcss/lib/lib/load-config.js:51:30
[error] apps/next-app-router/next-app-router-4001/app/parallel-routes/@views/page.tsx: Error: Cannot find module '@tailwindcss/typography'
[error] Require stack:
[error] - /Users/zackjackson/Documents/Codex/2026-10-02/task-4/stack5137/apps/next-app-router/next-app-router-4001/tailwind.config.ts
[error]     at Module._resolveFilename (node:internal/modules/cjs/loader:1476:15)
[error]     at wrapResolveFilename (node:internal/modules/cjs/loader:1049:27)
[error]     at resolveForCJSWithHooks (node:internal/modules/cjs/loader:1094:12)
[error]     at require.resolve (node:internal/modules/helpers:171:31)
[error]     at _resolve (/Users/zackjackson/Documents/Codex/2026-10-02/task-4/stack5137/node_modules/.pnpm/jiti@1.21.7/node_modules/jiti/dist/jiti.js:1:246378)
[error]     at jiti (/Users/zackjackson/Documents/Codex/2026-10-02/task-4/stack5137/node_modules/.pnpm/jiti@1.21.7/node_modules/jiti/dist/jiti.js:1:249092)
[error]     at /Users/zackjackson/Documents/Codex/2026-10-02/task-4/stack5137/apps/next-app-router/next-app-router-4001/tailwind.config.ts:89:13
[error]     at evalModule (/Users/zackjackson/Documents/Codex/2026-10-02/task-4/stack5137/node_modules/.pnpm/jiti@1.21.7/node_modules/jiti/dist/jiti.js:1:251913)
[error]     at jiti (/Users/zackjackson/Documents/Codex/2026-10-02/task-4/stack5137/node_modules/.pnpm/jiti@1.21.7/node_modules/jiti/dist/jiti.js:1:249841)
[error]     at /Users/zackjackson/Documents/Codex/2026-10-02/task-4/stack5137/node_modules/.pnpm/tailwindcss@3.4.13_ts-node@10.9.1_@swc+core@1.7.26_@swc+helpers@0.5.13__@types+node@20.19.5_typescript@6.0.3_/node_modules/tailwindcss/lib/lib/load-config.js:51:30
[error] apps/next-app-router/next-app-router-4001/app/parallel-routes/@views/view-duration/page.tsx: Error: Cannot find module '@tailwindcss/typography'
[error] Require stack:
[error] - /Users/zackjackson/Documents/Codex/2026-10-02/task-4/stack5137/apps/next-app-router/next-app-router-4001/tailwind.config.ts
[error]     at Module._resolveFilename (node:internal/modules/cjs/loader:1476:15)
[error]     at wrapResolveFilename (node:internal/modules/cjs/loader:1049:27)
[error]     at resolveForCJSWithHooks (node:internal/modules/cjs/loader:1094:12)
[error]     at require.resolve (node:internal/modules/helpers:171:31)
[error]     at _resolve (/Users/zackjackson/Documents/Codex/2026-10-02/task-4/stack5137/node_modules/.pnpm/jiti@1.21.7/node_modules/jiti/dist/jiti.js:1:246378)
[error]     at jiti (/Users/zackjackson/Documents/Codex/2026-10-02/task-4/stack5137/node_modules/.pnpm/jiti@1.21.7/node_modules/jiti/dist/jiti.js:1:249092)
[error]     at /Users/zackjackson/Documents/Codex/2026-10-02/task-4/stack5137/apps/next-app-router/next-app-router-4001/tailwind.config.ts:89:13
[error]     at evalModule (/Users/zackjackson/Documents/Codex/2026-10-02/task-4/stack5137/node_modules/.pnpm/jiti@1.21.7/node_modules/jiti/dist/jiti.js:1:251913)
[error]     at jiti (/Users/zackjackson/Documents/Codex/2026-10-02/task-4/stack5137/node_modules/.pnpm/jiti@1.21.7/node_modules/jiti/dist/jiti.js:1:249841)
[error]     at /Users/zackjackson/Documents/Codex/2026-10-02/task-4/stack5137/node_modules/.pnpm/tailwindcss@3.4.13_ts-node@10.9.1_@swc+core@1.7.26_@swc+helpers@0.5.13__@types+node@20.19.5_typescript@6.0.3_/node_modules/tailwindcss/lib/lib/load-config.js:51:30
[error] apps/next-app-router/next-app-router-4001/app/parallel-routes/default.tsx: Error: Cannot find module '@tailwindcss/typography'
[error] Require stack:
[error] - /Users/zackjackson/Documents/Codex/2026-10-02/task-4/stack5137/apps/next-app-router/next-app-router-4001/tailwind.config.ts
[error]     at Module._resolveFilename (node:internal/modules/cjs/loader:1476:15)
[error]     at wrapResolveFilename (node:internal/modules/cjs/loader:1049:27)
[error]     at resolveForCJSWithHooks (node:internal/modules/cjs/loader:1094:12)
[error]     at require.resolve (node:internal/modules/helpers:171:31)
[error]     at _resolve (/Users/zackjackson/Documents/Codex/2026-10-02/task-4/stack5137/node_modules/.pnpm/jiti@1.21.7/node_modules/jiti/dist/jiti.js:1:246378)
[error]     at jiti (/Users/zackjackson/Documents/Codex/2026-10-02/task-4/stack5137/node_modules/.pnpm/jiti@1.21.7/node_modules/jiti/dist/jiti.js:1:249092)
[error]     at /Users/zackjackson/Documents/Codex/2026-10-02/task-4/stack5137/apps/next-app-router/next-app-router-4001/tailwind.config.ts:89:13
[error]     at evalModule (/Users/zackjackson/Documents/Codex/2026-10-02/task-4/stack5137/node_modules/.pnpm/jiti@1.21.7/node_modules/jiti/dist/jiti.js:1:251913)
[error]     at jiti (/Users/zackjackson/Documents/Codex/2026-10-02/task-4/stack5137/node_modules/.pnpm/jiti@1.21.7/node_modules/jiti/dist/jiti.js:1:249841)
[error]     at /Users/zackjackson/Documents/Codex/2026-10-02/task-4/stack5137/node_modules/.pnpm/tailwindcss@3.4.13_ts-node@10.9.1_@swc+core@1.7.26_@swc+helpers@0.5.13__@types+node@20.19.5_typescript@6.0.3_/node_modules/tailwindcss/lib/lib/load-config.js:51:30
[error] apps/next-app-router/next-app-router-4001/app/parallel-routes/layout.tsx: Error: Cannot find module '@tailwindcss/typography'
[error] Require stack:
[error] - /Users/zackjackson/Documents/Codex/2026-10-02/task-4/stack5137/apps/next-app-router/next-app-router-4001/tailwind.config.ts
[error]     at Module._resolveFilename (node:internal/modules/cjs/loader:1476:15)
[error]     at wrapResolveFilename (node:internal/modules/cjs/loader:1049:27)
[error]     at resolveForCJSWithHooks (node:internal/modules/cjs/loader:1094:12)
[error]     at require.resolve (node:internal/modules/helpers:171:31)
[error]     at _resolve (/Users/zackjackson/Documents/Codex/2026-10-02/task-4/stack5137/node_modules/.pnpm/jiti@1.21.7/node_modules/jiti/dist/jiti.js:1:246378)
[error]     at jiti (/Users/zackjackson/Documents/Codex/2026-10-02/task-4/stack5137/node_modules/.pnpm/jiti@1.21.7/node_modules/jiti/dist/jiti.js:1:249092)
[error]     at /Users/zackjackson/Documents/Codex/2026-10-02/task-4/stack5137/apps/next-app-router/next-app-router-4001/tailwind.config.ts:89:13
[error]     at evalModule (/Users/zackjackson/Documents/Codex/2026-10-02/task-4/stack5137/node_modules/.pnpm/jiti@1.21.7/node_modules/jiti/dist/jiti.js:1:251913)
[error]     at jiti (/Users/zackjackson/Documents/Codex/2026-10-02/task-4/stack5137/node_modules/.pnpm/jiti@1.21.7/node_modules/jiti/dist/jiti.js:1:249841)
[error]     at /Users/zackjackson/Documents/Codex/2026-10-02/task-4/stack5137/node_modules/.pnpm/tailwindcss@3.4.13_ts-node@10.9.1_@swc+core@1.7.26_@swc+helpers@0.5.13__@types+node@20.19.5_typescript@6.0.3_/node_modules/tailwindcss/lib/lib/load-config.js:51:30
[error] apps/next-app-router/next-app-router-4001/app/parallel-routes/not-found.tsx: Error: Cannot find module '@tailwindcss/typography'
[error] Require stack:
[error] - /Users/zackjackson/Documents/Codex/2026-10-02/task-4/stack5137/apps/next-app-router/next-app-router-4001/tailwind.config.ts
[error]     at Module._resolveFilename (node:internal/modules/cjs/loader:1476:15)
[error]     at wrapResolveFilename (node:internal/modules/cjs/loader:1049:27)
[error]     at resolveForCJSWithHooks (node:internal/modules/cjs/loader:1094:12)
[error]     at require.resolve (node:internal/modules/helpers:171:31)
[error]     at _resolve (/Users/zackjackson/Documents/Codex/2026-10-02/task-4/stack5137/node_modules/.pnpm/jiti@1.21.7/node_modules/jiti/dist/jiti.js:1:246378)
[error]     at jiti (/Users/zackjackson/Documents/Codex/2026-10-02/task-4/stack5137/node_modules/.pnpm/jiti@1.21.7/node_modules/jiti/dist/jiti.js:1:249092)
[error]     at /Users/zackjackson/Documents/Codex/2026-10-02/task-4/stack5137/apps/next-app-router/next-app-router-4001/tailwind.config.ts:89:13
[error]     at evalModule (/Users/zackjackson/Documents/Codex/2026-10-02/task-4/stack5137/node_modules/.pnpm/jiti@1.21.7/node_modules/jiti/dist/jiti.js:1:251913)
[error]     at jiti (/Users/zackjackson/Documents/Codex/2026-10-02/task-4/stack5137/node_modules/.pnpm/jiti@1.21.7/node_modules/jiti/dist/jiti.js:1:249841)
[error]     at /Users/zackjackson/Documents/Codex/2026-10-02/task-4/stack5137/node_modules/.pnpm/tailwindcss@3.4.13_ts-node@10.9.1_@swc+core@1.7.26_@swc+helpers@0.5.13__@types+node@20.19.5_typescript@6.0.3_/node_modules/tailwindcss/lib/lib/load-config.js:51:30
[error] apps/next-app-router/next-app-router-4001/app/parallel-routes/page.tsx: Error: Cannot find module '@tailwindcss/typography'
[error] Require stack:
[error] - /Users/zackjackson/Documents/Codex/2026-10-02/task-4/stack5137/apps/next-app-router/next-app-router-4001/tailwind.config.ts
[error]     at Module._resolveFilename (node:internal/modules/cjs/loader:1476:15)
[error]     at wrapResolveFilename (node:internal/modules/cjs/loader:1049:27)
[error]     at resolveForCJSWithHooks (node:internal/modules/cjs/loader:1094:12)
[error]     at require.resolve (node:internal/modules/helpers:171:31)
[error]     at _resolve (/Users/zackjackson/Documents/Codex/2026-10-02/task-4/stack5137/node_modules/.pnpm/jiti@1.21.7/node_modules/jiti/dist/jiti.js:1:246378)
[error]     at jiti (/Users/zackjackson/Documents/Codex/2026-10-02/task-4/stack5137/node_modules/.pnpm/jiti@1.21.7/node_modules/jiti/dist/jiti.js:1:249092)
[error]     at /Users/zackjackson/Documents/Codex/2026-10-02/task-4/stack5137/apps/next-app-router/next-app-router-4001/tailwind.config.ts:89:13
[error]     at evalModule (/Users/zackjackson/Documents/Codex/2026-10-02/task-4/stack5137/node_modules/.pnpm/jiti@1.21.7/node_modules/jiti/dist/jiti.js:1:251913)
[error]     at jiti (/Users/zackjackson/Documents/Codex/2026-10-02/task-4/stack5137/node_modules/.pnpm/jiti@1.21.7/node_modules/jiti/dist/jiti.js:1:249841)
[error]     at /Users/zackjackson/Documents/Codex/2026-10-02/task-4/stack5137/node_modules/.pnpm/tailwindcss@3.4.13_ts-node@10.9.1_@swc+core@1.7.26_@swc+helpers@0.5.13__@types+node@20.19.5_typescript@6.0.3_/node_modules/tailwindcss/lib/lib/load-config.js:51:30
[error] apps/next-app-router/next-app-router-4001/app/patterns/active-links/_components/nav-links.tsx: Error: Cannot find module '@tailwindcss/typography'
[error] Require stack:
[error] - /Users/zackjackson/Documents/Codex/2026-10-02/task-4/stack5137/apps/next-app-router/next-app-router-4001/tailwind.config.ts
[error]     at Module._resolveFilename (node:internal/modules/cjs/loader:1476:15)
[error]     at wrapResolveFilename (node:internal/modules/cjs/loader:1049:27)
[error]     at resolveForCJSWithHooks (node:internal/modules/cjs/loader:1094:12)
[error]     at require.resolve (node:internal/modules/helpers:171:31)
[error]     at _resolve (/Users/zackjackson/Documents/Codex/2026-10-02/task-4/stack5137/node_modules/.pnpm/jiti@1.21.7/node_modules/jiti/dist/jiti.js:1:246378)
[error]     at jiti (/Users/zackjackson/Documents/Codex/2026-10-02/task-4/stack5137/node_modules/.pnpm/jiti@1.21.7/node_modules/jiti/dist/jiti.js:1:249092)
[error]     at /Users/zackjackson/Documents/Codex/2026-10-02/task-4/stack5137/apps/next-app-router/next-app-router-4001/tailwind.config.ts:89:13
[error]     at evalModule (/Users/zackjackson/Documents/Codex/2026-10-02/task-4/stack5137/node_modules/.pnpm/jiti@1.21.7/node_modules/jiti/dist/jiti.js:1:251913)
[error]     at jiti (/Users/zackjackson/Documents/Codex/2026-10-02/task-4/stack5137/node_modules/.pnpm/jiti@1.21.7/node_modules/jiti/dist/jiti.js:1:249841)
[error]     at /Users/zackjackson/Documents/Codex/2026-10-02/task-4/stack5137/node_modules/.pnpm/tailwindcss@3.4.13_ts-node@10.9.1_@swc+core@1.7.26_@swc+helpers@0.5.13__@types+node@20.19.5_typescript@6.0.3_/node_modules/tailwindcss/lib/lib/load-config.js:51:30
[error] apps/next-app-router/next-app-router-4001/app/patterns/active-links/community/page.tsx: Error: Cannot find module '@tailwindcss/typography'
[error] Require stack:
[error] - /Users/zackjackson/Documents/Codex/2026-10-02/task-4/stack5137/apps/next-app-router/next-app-router-4001/tailwind.config.ts
[error]     at Module._resolveFilename (node:internal/modules/cjs/loader:1476:15)
[error]     at wrapResolveFilename (node:internal/modules/cjs/loader:1049:27)
[error]     at resolveForCJSWithHooks (node:internal/modules/cjs/loader:1094:12)
[error]     at require.resolve (node:internal/modules/helpers:171:31)
[error]     at _resolve (/Users/zackjackson/Documents/Codex/2026-10-02/task-4/stack5137/node_modules/.pnpm/jiti@1.21.7/node_modules/jiti/dist/jiti.js:1:246378)
[error]     at jiti (/Users/zackjackson/Documents/Codex/2026-10-02/task-4/stack5137/node_modules/.pnpm/jiti@1.21.7/node_modules/jiti/dist/jiti.js:1:249092)
[error]     at /Users/zackjackson/Documents/Codex/2026-10-02/task-4/stack5137/apps/next-app-router/next-app-router-4001/tailwind.config.ts:89:13
[error]     at evalModule (/Users/zackjackson/Documents/Codex/2026-10-02/task-4/stack5137/node_modules/.pnpm/jiti@1.21.7/node_modules/jiti/dist/jiti.js:1:251913)
[error]     at jiti (/Users/zackjackson/Documents/Codex/2026-10-02/task-4/stack5137/node_modules/.pnpm/jiti@1.21.7/node_modules/jiti/dist/jiti.js:1:249841)
[error]     at /Users/zackjackson/Documents/Codex/2026-10-02/task-4/stack5137/node_modules/.pnpm/tailwindcss@3.4.13_ts-node@10.9.1_@swc+core@1.7.26_@swc+helpers@0.5.13__@types+node@20.19.5_typescript@6.0.3_/node_modules/tailwindcss/lib/lib/load-config.js:51:30
[error] apps/next-app-router/next-app-router-4001/app/patterns/active-links/layout.tsx: Error: Cannot find module '@tailwindcss/typography'
[error] Require stack:
[error] - /Users/zackjackson/Documents/Codex/2026-10-02/task-4/stack5137/apps/next-app-router/next-app-router-4001/tailwind.config.ts
[error]     at Module._resolveFilename (node:internal/modules/cjs/loader:1476:15)
[error]     at wrapResolveFilename (node:internal/modules/cjs/loader:1049:27)
[error]     at resolveForCJSWithHooks (node:internal/modules/cjs/loader:1094:12)
[error]     at require.resolve (node:internal/modules/helpers:171:31)
[error]     at _resolve (/Users/zackjackson/Documents/Codex/2026-10-02/task-4/stack5137/node_modules/.pnpm/jiti@1.21.7/node_modules/jiti/dist/jiti.js:1:246378)
[error]     at jiti (/Users/zackjackson/Documents/Codex/2026-10-02/task-4/stack5137/node_modules/.pnpm/jiti@1.21.7/node_modules/jiti/dist/jiti.js:1:249092)
[error]     at /Users/zackjackson/Documents/Codex/2026-10-02/task-4/stack5137/apps/next-app-router/next-app-router-4001/tailwind.config.ts:89:13
[error]     at evalModule (/Users/zackjackson/Documents/Codex/2026-10-02/task-4/stack5137/node_modules/.pnpm/jiti@1.21.7/node_modules/jiti/dist/jiti.js:1:251913)
[error]     at jiti (/Users/zackjackson/Documents/Codex/2026-10-02/task-4/stack5137/node_modules/.pnpm/jiti@1.21.7/node_modules/jiti/dist/jiti.js:1:249841)
[error]     at /Users/zackjackson/Documents/Codex/2026-10-02/task-4/stack5137/node_modules/.pnpm/tailwindcss@3.4.13_ts-node@10.9.1_@swc+core@1.7.26_@swc+helpers@0.5.13__@types+node@20.19.5_typescript@6.0.3_/node_modules/tailwindcss/lib/lib/load-config.js:51:30
[error] apps/next-app-router/next-app-router-4001/app/patterns/active-links/page.tsx: Error: Cannot find module '@tailwindcss/typography'
[error] Require stack:
[error] - /Users/zackjackson/Documents/Codex/2026-10-02/task-4/stack5137/apps/next-app-router/next-app-router-4001/tailwind.config.ts
[error]     at Module._resolveFilename (node:internal/modules/cjs/loader:1476:15)
[error]     at wrapResolveFilename (node:internal/modules/cjs/loader:1049:27)
[error]     at resolveForCJSWithHooks (node:internal/modules/cjs/loader:1094:12)
[error]     at require.resolve (node:internal/modules/helpers:171:31)
[error]     at _resolve (/Users/zackjackson/Documents/Codex/2026-10-02/task-4/stack5137/node_modules/.pnpm/jiti@1.21.7/node_modules/jiti/dist/jiti.js:1:246378)
[error]     at jiti (/Users/zackjackson/Documents/Codex/2026-10-02/task-4/stack5137/node_modules/.pnpm/jiti@1.21.7/node_modules/jiti/dist/jiti.js:1:249092)
[error]     at /Users/zackjackson/Documents/Codex/2026-10-02/task-4/stack5137/apps/next-app-router/next-app-router-4001/tailwind.config.ts:89:13
[error]     at evalModule (/Users/zackjackson/Documents/Codex/2026-10-02/task-4/stack5137/node_modules/.pnpm/jiti@1.21.7/node_modules/jiti/dist/jiti.js:1:251913)
[error]     at jiti (/Users/zackjackson/Documents/Codex/2026-10-02/task-4/stack5137/node_modules/.pnpm/jiti@1.21.7/node_modules/jiti/dist/jiti.js:1:249841)
[error]     at /Users/zackjackson/Documents/Codex/2026-10-02/task-4/stack5137/node_modules/.pnpm/tailwindcss@3.4.13_ts-node@10.9.1_@swc+core@1.7.26_@swc+helpers@0.5.13__@types+node@20.19.5_typescript@6.0.3_/node_modules/tailwindcss/lib/lib/load-config.js:51:30
[error] apps/next-app-router/next-app-router-4001/app/patterns/active-links/profile/page.tsx: Error: Cannot find module '@tailwindcss/typography'
[error] Require stack:
[error] - /Users/zackjackson/Documents/Codex/2026-10-02/task-4/stack5137/apps/next-app-router/next-app-router-4001/tailwind.config.ts
[error]     at Module._resolveFilename (node:internal/modules/cjs/loader:1476:15)
[error]     at wrapResolveFilename (node:internal/modules/cjs/loader:1049:27)
[error]     at resolveForCJSWithHooks (node:internal/modules/cjs/loader:1094:12)
[error]     at require.resolve (node:internal/modules/helpers:171:31)
[error]     at _resolve (/Users/zackjackson/Documents/Codex/2026-10-02/task-4/stack5137/node_modules/.pnpm/jiti@1.21.7/node_modules/jiti/dist/jiti.js:1:246378)
[error]     at jiti (/Users/zackjackson/Documents/Codex/2026-10-02/task-4/stack5137/node_modules/.pnpm/jiti@1.21.7/node_modules/jiti/dist/jiti.js:1:249092)
[error]     at /Users/zackjackson/Documents/Codex/2026-10-02/task-4/stack5137/apps/next-app-router/next-app-router-4001/tailwind.config.ts:89:13
[error]     at evalModule (/Users/zackjackson/Documents/Codex/2026-10-02/task-4/stack5137/node_modules/.pnpm/jiti@1.21.7/node_modules/jiti/dist/jiti.js:1:251913)
[error]     at jiti (/Users/zackjackson/Documents/Codex/2026-10-02/task-4/stack5137/node_modules/.pnpm/jiti@1.21.7/node_modules/jiti/dist/jiti.js:1:249841)
[error]     at /Users/zackjackson/Documents/Codex/2026-10-02/task-4/stack5137/node_modules/.pnpm/tailwindcss@3.4.13_ts-node@10.9.1_@swc+core@1.7.26_@swc+helpers@0.5.13__@types+node@20.19.5_typescript@6.0.3_/node_modules/tailwindcss/lib/lib/load-config.js:51:30
[error] apps/next-app-router/next-app-router-4001/app/patterns/active-links/settings/page.tsx: Error: Cannot find module '@tailwindcss/typography'
[error] Require stack:
[error] - /Users/zackjackson/Documents/Codex/2026-10-02/task-4/stack5137/apps/next-app-router/next-app-router-4001/tailwind.config.ts
[error]     at Module._resolveFilename (node:internal/modules/cjs/loader:1476:15)
[error]     at wrapResolveFilename (node:internal/modules/cjs/loader:1049:27)
[error]     at resolveForCJSWithHooks (node:internal/modules/cjs/loader:1094:12)
[error]     at require.resolve (node:internal/modules/helpers:171:31)
[error]     at _resolve (/Users/zackjackson/Documents/Codex/2026-10-02/task-4/stack5137/node_modules/.pnpm/jiti@1.21.7/node_modules/jiti/dist/jiti.js:1:246378)
[error]     at jiti (/Users/zackjackson/Documents/Codex/2026-10-02/task-4/stack5137/node_modules/.pnpm/jiti@1.21.7/node_modules/jiti/dist/jiti.js:1:249092)
[error]     at /Users/zackjackson/Documents/Codex/2026-10-02/task-4/stack5137/apps/next-app-router/next-app-router-4001/tailwind.config.ts:89:13
[error]     at evalModule (/Users/zackjackson/Documents/Codex/2026-10-02/task-4/stack5137/node_modules/.pnpm/jiti@1.21.7/node_modules/jiti/dist/jiti.js:1:251913)
[error]     at jiti (/Users/zackjackson/Documents/Codex/2026-10-02/task-4/stack5137/node_modules/.pnpm/jiti@1.21.7/node_modules/jiti/dist/jiti.js:1:249841)
[error]     at /Users/zackjackson/Documents/Codex/2026-10-02/task-4/stack5137/node_modules/.pnpm/tailwindcss@3.4.13_ts-node@10.9.1_@swc+core@1.7.26_@swc+helpers@0.5.13__@types+node@20.19.5_typescript@6.0.3_/node_modules/tailwindcss/lib/lib/load-config.js:51:30
[error] apps/next-app-router/next-app-router-4001/app/patterns/breadcrumbs/_components/breadcrumbs.tsx: Error: Cannot find module '@tailwindcss/typography'
[error] Require stack:
[error] - /Users/zackjackson/Documents/Codex/2026-10-02/task-4/stack5137/apps/next-app-router/next-app-router-4001/tailwind.config.ts
[error]     at Module._resolveFilename (node:internal/modules/cjs/loader:1476:15)
[error]     at wrapResolveFilename (node:internal/modules/cjs/loader:1049:27)
[error]     at resolveForCJSWithHooks (node:internal/modules/cjs/loader:1094:12)
[error]     at require.resolve (node:internal/modules/helpers:171:31)
[error]     at _resolve (/Users/zackjackson/Documents/Codex/2026-10-02/task-4/stack5137/node_modules/.pnpm/jiti@1.21.7/node_modules/jiti/dist/jiti.js:1:246378)
[error]     at jiti (/Users/zackjackson/Documents/Codex/2026-10-02/task-4/stack5137/node_modules/.pnpm/jiti@1.21.7/node_modules/jiti/dist/jiti.js:1:249092)
[error]     at /Users/zackjackson/Documents/Codex/2026-10-02/task-4/stack5137/apps/next-app-router/next-app-router-4001/tailwind.config.ts:89:13
[error]     at evalModule (/Users/zackjackson/Documents/Codex/2026-10-02/task-4/stack5137/node_modules/.pnpm/jiti@1.21.7/node_modules/jiti/dist/jiti.js:1:251913)
[error]     at jiti (/Users/zackjackson/Documents/Codex/2026-10-02/task-4/stack5137/node_modules/.pnpm/jiti@1.21.7/node_modules/jiti/dist/jiti.js:1:249841)
[error]     at /Users/zackjackson/Documents/Codex/2026-10-02/task-4/stack5137/node_modules/.pnpm/tailwindcss@3.4.13_ts-node@10.9.1_@swc+core@1.7.26_@swc+helpers@0.5.13__@types+node@20.19.5_typescript@6.0.3_/node_modules/tailwindcss/lib/lib/load-config.js:51:30
[error] apps/next-app-router/next-app-router-4001/app/patterns/breadcrumbs/[categorySlug]/[subCategorySlug]/page.tsx: Error: Cannot find module '@tailwindcss/typography'
[error] Require stack:
[error] - /Users/zackjackson/Documents/Codex/2026-10-02/task-4/stack5137/apps/next-app-router/next-app-router-4001/tailwind.config.ts
[error]     at Module._resolveFilename (node:internal/modules/cjs/loader:1476:15)
[error]     at wrapResolveFilename (node:internal/modules/cjs/loader:1049:27)
[error]     at resolveForCJSWithHooks (node:internal/modules/cjs/loader:1094:12)
[error]     at require.resolve (node:internal/modules/helpers:171:31)
[error]     at _resolve (/Users/zackjackson/Documents/Codex/2026-10-02/task-4/stack5137/node_modules/.pnpm/jiti@1.21.7/node_modules/jiti/dist/jiti.js:1:246378)
[error]     at jiti (/Users/zackjackson/Documents/Codex/2026-10-02/task-4/stack5137/node_modules/.pnpm/jiti@1.21.7/node_modules/jiti/dist/jiti.js:1:249092)
[error]     at /Users/zackjackson/Documents/Codex/2026-10-02/task-4/stack5137/apps/next-app-router/next-app-router-4001/tailwind.config.ts:89:13
[error]     at evalModule (/Users/zackjackson/Documents/Codex/2026-10-02/task-4/stack5137/node_modules/.pnpm/jiti@1.21.7/node_modules/jiti/dist/jiti.js:1:251913)
[error]     at jiti (/Users/zackjackson/Documents/Codex/2026-10-02/task-4/stack5137/node_modules/.pnpm/jiti@1.21.7/node_modules/jiti/dist/jiti.js:1:249841)
[error]     at /Users/zackjackson/Documents/Codex/2026-10-02/task-4/stack5137/node_modules/.pnpm/tailwindcss@3.4.13_ts-node@10.9.1_@swc+core@1.7.26_@swc+helpers@0.5.13__@types+node@20.19.5_typescript@6.0.3_/node_modules/tailwindcss/lib/lib/load-config.js:51:30
[error] apps/next-app-router/next-app-router-4001/app/patterns/breadcrumbs/[categorySlug]/layout.tsx: Error: Cannot find module '@tailwindcss/typography'
[error] Require stack:
[error] - /Users/zackjackson/Documents/Codex/2026-10-02/task-4/stack5137/apps/next-app-router/next-app-router-4001/tailwind.config.ts
[error]     at Module._resolveFilename (node:internal/modules/cjs/loader:1476:15)
[error]     at wrapResolveFilename (node:internal/modules/cjs/loader:1049:27)
[error]     at resolveForCJSWithHooks (node:internal/modules/cjs/loader:1094:12)
[error]     at require.resolve (node:internal/modules/helpers:171:31)
[error]     at _resolve (/Users/zackjackson/Documents/Codex/2026-10-02/task-4/stack5137/node_modules/.pnpm/jiti@1.21.7/node_modules/jiti/dist/jiti.js:1:246378)
[error]     at jiti (/Users/zackjackson/Documents/Codex/2026-10-02/task-4/stack5137/node_modules/.pnpm/jiti@1.21.7/node_modules/jiti/dist/jiti.js:1:249092)
[error]     at /Users/zackjackson/Documents/Codex/2026-10-02/task-4/stack5137/apps/next-app-router/next-app-router-4001/tailwind.config.ts:89:13
[error]     at evalModule (/Users/zackjackson/Documents/Codex/2026-10-02/task-4/stack5137/node_modules/.pnpm/jiti@1.21.7/node_modules/jiti/dist/jiti.js:1:251913)
[error]     at jiti (/Users/zackjackson/Documents/Codex/2026-10-02/task-4/stack5137/node_modules/.pnpm/jiti@1.21.7/node_modules/jiti/dist/jiti.js:1:249841)
[error]     at /Users/zackjackson/Documents/Codex/2026-10-02/task-4/stack5137/node_modules/.pnpm/tailwindcss@3.4.13_ts-node@10.9.1_@swc+core@1.7.26_@swc+helpers@0.5.13__@types+node@20.19.5_typescript@6.0.3_/node_modules/tailwindcss/lib/lib/load-config.js:51:30
[error] apps/next-app-router/next-app-router-4001/app/patterns/breadcrumbs/[categorySlug]/page.tsx: Error: Cannot find module '@tailwindcss/typography'
[error] Require stack:
[error] - /Users/zackjackson/Documents/Codex/2026-10-02/task-4/stack5137/apps/next-app-router/next-app-router-4001/tailwind.config.ts
[error]     at Module._resolveFilename (node:internal/modules/cjs/loader:1476:15)
[error]     at wrapResolveFilename (node:internal/modules/cjs/loader:1049:27)
[error]     at resolveForCJSWithHooks (node:internal/modules/cjs/loader:1094:12)
[error]     at require.resolve (node:internal/modules/helpers:171:31)
[error]     at _resolve (/Users/zackjackson/Documents/Codex/2026-10-02/task-4/stack5137/node_modules/.pnpm/jiti@1.21.7/node_modules/jiti/dist/jiti.js:1:246378)
[error]     at jiti (/Users/zackjackson/Documents/Codex/2026-10-02/task-4/stack5137/node_modules/.pnpm/jiti@1.21.7/node_modules/jiti/dist/jiti.js:1:249092)
[error]     at /Users/zackjackson/Documents/Codex/2026-10-02/task-4/stack5137/apps/next-app-router/next-app-router-4001/tailwind.config.ts:89:13
[error]     at evalModule (/Users/zackjackson/Documents/Codex/2026-10-02/task-4/stack5137/node_modules/.pnpm/jiti@1.21.7/node_modules/jiti/dist/jiti.js:1:251913)
[error]     at jiti (/Users/zackjackson/Documents/Codex/2026-10-02/task-4/stack5137/node_modules/.pnpm/jiti@1.21.7/node_modules/jiti/dist/jiti.js:1:249841)
[error]     at /Users/zackjackson/Documents/Codex/2026-10-02/task-4/stack5137/node_modules/.pnpm/tailwindcss@3.4.13_ts-node@10.9.1_@swc+core@1.7.26_@swc+helpers@0.5.13__@types+node@20.19.5_typescript@6.0.3_/node_modules/tailwindcss/lib/lib/load-config.js:51:30
[error] apps/next-app-router/next-app-router-4001/app/patterns/breadcrumbs/@slot/[...all]/page.tsx: Error: Cannot find module '@tailwindcss/typography'
[error] Require stack:
[error] - /Users/zackjackson/Documents/Codex/2026-10-02/task-4/stack5137/apps/next-app-router/next-app-router-4001/tailwind.config.ts
[error]     at Module._resolveFilename (node:internal/modules/cjs/loader:1476:15)
[error]     at wrapResolveFilename (node:internal/modules/cjs/loader:1049:27)
[error]     at resolveForCJSWithHooks (node:internal/modules/cjs/loader:1094:12)
[error]     at require.resolve (node:internal/modules/helpers:171:31)
[error]     at _resolve (/Users/zackjackson/Documents/Codex/2026-10-02/task-4/stack5137/node_modules/.pnpm/jiti@1.21.7/node_modules/jiti/dist/jiti.js:1:246378)
[error]     at jiti (/Users/zackjackson/Documents/Codex/2026-10-02/task-4/stack5137/node_modules/.pnpm/jiti@1.21.7/node_modules/jiti/dist/jiti.js:1:249092)
[error]     at /Users/zackjackson/Documents/Codex/2026-10-02/task-4/stack5137/apps/next-app-router/next-app-router-4001/tailwind.config.ts:89:13
[error]     at evalModule (/Users/zackjackson/Documents/Codex/2026-10-02/task-4/stack5137/node_modules/.pnpm/jiti@1.21.7/node_modules/jiti/dist/jiti.js:1:251913)
[error]     at jiti (/Users/zackjackson/Documents/Codex/2026-10-02/task-4/stack5137/node_modules/.pnpm/jiti@1.21.7/node_modules/jiti/dist/jiti.js:1:249841)
[error]     at /Users/zackjackson/Documents/Codex/2026-10-02/task-4/stack5137/node_modules/.pnpm/tailwindcss@3.4.13_ts-node@10.9.1_@swc+core@1.7.26_@swc+helpers@0.5.13__@types+node@20.19.5_typescript@6.0.3_/node_modules/tailwindcss/lib/lib/load-config.js:51:30
[error] apps/next-app-router/next-app-router-4001/app/patterns/breadcrumbs/@slot/page.tsx: Error: Cannot find module '@tailwindcss/typography'
[error] Require stack:
[error] - /Users/zackjackson/Documents/Codex/2026-10-02/task-4/stack5137/apps/next-app-router/next-app-router-4001/tailwind.config.ts
[error]     at Module._resolveFilename (node:internal/modules/cjs/loader:1476:15)
[error]     at wrapResolveFilename (node:internal/modules/cjs/loader:1049:27)
[error]     at resolveForCJSWithHooks (node:internal/modules/cjs/loader:1094:12)
[error]     at require.resolve (node:internal/modules/helpers:171:31)
[error]     at _resolve (/Users/zackjackson/Documents/Codex/2026-10-02/task-4/stack5137/node_modules/.pnpm/jiti@1.21.7/node_modules/jiti/dist/jiti.js:1:246378)
[error]     at jiti (/Users/zackjackson/Documents/Codex/2026-10-02/task-4/stack5137/node_modules/.pnpm/jiti@1.21.7/node_modules/jiti/dist/jiti.js:1:249092)
[error]     at /Users/zackjackson/Documents/Codex/2026-10-02/task-4/stack5137/apps/next-app-router/next-app-router-4001/tailwind.config.ts:89:13
[error]     at evalModule (/Users/zackjackson/Documents/Codex/2026-10-02/task-4/stack5137/node_modules/.pnpm/jiti@1.21.7/node_modules/jiti/dist/jiti.js:1:251913)
[error]     at jiti (/Users/zackjackson/Documents/Codex/2026-10-02/task-4/stack5137/node_modules/.pnpm/jiti@1.21.7/node_modules/jiti/dist/jiti.js:1:249841)
[error]     at /Users/zackjackson/Documents/Codex/2026-10-02/task-4/stack5137/node_modules/.pnpm/tailwindcss@3.4.13_ts-node@10.9.1_@swc+core@1.7.26_@swc+helpers@0.5.13__@types+node@20.19.5_typescript@6.0.3_/node_modules/tailwindcss/lib/lib/load-config.js:51:30
[error] apps/next-app-router/next-app-router-4001/app/patterns/breadcrumbs/layout.tsx: Error: Cannot find module '@tailwindcss/typography'
[error] Require stack:
[error] - /Users/zackjackson/Documents/Codex/2026-10-02/task-4/stack5137/apps/next-app-router/next-app-router-4001/tailwind.config.ts
[error]     at Module._resolveFilename (node:internal/modules/cjs/loader:1476:15)
[error]     at wrapResolveFilename (node:internal/modules/cjs/loader:1049:27)
[error]     at resolveForCJSWithHooks (node:internal/modules/cjs/loader:1094:12)
[error]     at require.resolve (node:internal/modules/helpers:171:31)
[error]     at _resolve (/Users/zackjackson/Documents/Codex/2026-10-02/task-4/stack5137/node_modules/.pnpm/jiti@1.21.7/node_modules/jiti/dist/jiti.js:1:246378)
[error]     at jiti (/Users/zackjackson/Documents/Codex/2026-10-02/task-4/stack5137/node_modules/.pnpm/jiti@1.21.7/node_modules/jiti/dist/jiti.js:1:249092)
[error]     at /Users/zackjackson/Documents/Codex/2026-10-02/task-4/stack5137/apps/next-app-router/next-app-router-4001/tailwind.config.ts:89:13
[error]     at evalModule (/Users/zackjackson/Documents/Codex/2026-10-02/task-4/stack5137/node_modules/.pnpm/jiti@1.21.7/node_modules/jiti/dist/jiti.js:1:251913)
[error]     at jiti (/Users/zackjackson/Documents/Codex/2026-10-02/task-4/stack5137/node_modules/.pnpm/jiti@1.21.7/node_modules/jiti/dist/jiti.js:1:249841)
[error]     at /Users/zackjackson/Documents/Codex/2026-10-02/task-4/stack5137/node_modules/.pnpm/tailwindcss@3.4.13_ts-node@10.9.1_@swc+core@1.7.26_@swc+helpers@0.5.13__@types+node@20.19.5_typescript@6.0.3_/node_modules/tailwindcss/lib/lib/load-config.js:51:30
[error] apps/next-app-router/next-app-router-4001/app/patterns/breadcrumbs/page.tsx: Error: Cannot find module '@tailwindcss/typography'
[error] Require stack:
[error] - /Users/zackjackson/Documents/Codex/2026-10-02/task-4/stack5137/apps/next-app-router/next-app-router-4001/tailwind.config.ts
[error]     at Module._resolveFilename (node:internal/modules/cjs/loader:1476:15)
[error]     at wrapResolveFilename (node:internal/modules/cjs/loader:1049:27)
[error]     at resolveForCJSWithHooks (node:internal/modules/cjs/loader:1094:12)
[error]     at require.resolve (node:internal/modules/helpers:171:31)
[error]     at _resolve (/Users/zackjackson/Documents/Codex/2026-10-02/task-4/stack5137/node_modules/.pnpm/jiti@1.21.7/node_modules/jiti/dist/jiti.js:1:246378)
[error]     at jiti (/Users/zackjackson/Documents/Codex/2026-10-02/task-4/stack5137/node_modules/.pnpm/jiti@1.21.7/node_modules/jiti/dist/jiti.js:1:249092)
[error]     at /Users/zackjackson/Documents/Codex/2026-10-02/task-4/stack5137/apps/next-app-router/next-app-router-4001/tailwind.config.ts:89:13
[error]     at evalModule (/Users/zackjackson/Documents/Codex/2026-10-02/task-4/stack5137/node_modules/.pnpm/jiti@1.21.7/node_modules/jiti/dist/jiti.js:1:251913)
[error]     at jiti (/Users/zackjackson/Documents/Codex/2026-10-02/task-4/stack5137/node_modules/.pnpm/jiti@1.21.7/node_modules/jiti/dist/jiti.js:1:249841)
[error]     at /Users/zackjackson/Documents/Codex/2026-10-02/task-4/stack5137/node_modules/.pnpm/tailwindcss@3.4.13_ts-node@10.9.1_@swc+core@1.7.26_@swc+helpers@0.5.13__@types+node@20.19.5_typescript@6.0.3_/node_modules/tailwindcss/lib/lib/load-config.js:51:30
[error] apps/next-app-router/next-app-router-4001/app/patterns/layout.tsx: Error: Cannot find module '@tailwindcss/typography'
[error] Require stack:
[error] - /Users/zackjackson/Documents/Codex/2026-10-02/task-4/stack5137/apps/next-app-router/next-app-router-4001/tailwind.config.ts
[error]     at Module._resolveFilename (node:internal/modules/cjs/loader:1476:15)
[error]     at wrapResolveFilename (node:internal/modules/cjs/loader:1049:27)
[error]     at resolveForCJSWithHooks (node:internal/modules/cjs/loader:1094:12)
[error]     at require.resolve (node:internal/modules/helpers:171:31)
[error]     at _resolve (/Users/zackjackson/Documents/Codex/2026-10-02/task-4/stack5137/node_modules/.pnpm/jiti@1.21.7/node_modules/jiti/dist/jiti.js:1:246378)
[error]     at jiti (/Users/zackjackson/Documents/Codex/2026-10-02/task-4/stack5137/node_modules/.pnpm/jiti@1.21.7/node_modules/jiti/dist/jiti.js:1:249092)
[error]     at /Users/zackjackson/Documents/Codex/2026-10-02/task-4/stack5137/apps/next-app-router/next-app-router-4001/tailwind.config.ts:89:13
[error]     at evalModule (/Users/zackjackson/Documents/Codex/2026-10-02/task-4/stack5137/node_modules/.pnpm/jiti@1.21.7/node_modules/jiti/dist/jiti.js:1:251913)
[error]     at jiti (/Users/zackjackson/Documents/Codex/2026-10-02/task-4/stack5137/node_modules/.pnpm/jiti@1.21.7/node_modules/jiti/dist/jiti.js:1:249841)
[error]     at /Users/zackjackson/Documents/Codex/2026-10-02/task-4/stack5137/node_modules/.pnpm/tailwindcss@3.4.13_ts-node@10.9.1_@swc+core@1.7.26_@swc+helpers@0.5.13__@types+node@20.19.5_typescript@6.0.3_/node_modules/tailwindcss/lib/lib/load-config.js:51:30
[error] apps/next-app-router/next-app-router-4001/app/patterns/page.tsx: Error: Cannot find module '@tailwindcss/typography'
[error] Require stack:
[error] - /Users/zackjackson/Documents/Codex/2026-10-02/task-4/stack5137/apps/next-app-router/next-app-router-4001/tailwind.config.ts
[error]     at Module._resolveFilename (node:internal/modules/cjs/loader:1476:15)
[error]     at wrapResolveFilename (node:internal/modules/cjs/loader:1049:27)
[error]     at resolveForCJSWithHooks (node:internal/modules/cjs/loader:1094:12)
[error]     at require.resolve (node:internal/modules/helpers:171:31)
[error]     at _resolve (/Users/zackjackson/Documents/Codex/2026-10-02/task-4/stack5137/node_modules/.pnpm/jiti@1.21.7/node_modules/jiti/dist/jiti.js:1:246378)
[error]     at jiti (/Users/zackjackson/Documents/Codex/2026-10-02/task-4/stack5137/node_modules/.pnpm/jiti@1.21.7/node_modules/jiti/dist/jiti.js:1:249092)
[error]     at /Users/zackjackson/Documents/Codex/2026-10-02/task-4/stack5137/apps/next-app-router/next-app-router-4001/tailwind.config.ts:89:13
[error]     at evalModule (/Users/zackjackson/Documents/Codex/2026-10-02/task-4/stack5137/node_modules/.pnpm/jiti@1.21.7/node_modules/jiti/dist/jiti.js:1:251913)
[error]     at jiti (/Users/zackjackson/Documents/Codex/2026-10-02/task-4/stack5137/node_modules/.pnpm/jiti@1.21.7/node_modules/jiti/dist/jiti.js:1:249841)
[error]     at /Users/zackjackson/Documents/Codex/2026-10-02/task-4/stack5137/node_modules/.pnpm/tailwindcss@3.4.13_ts-node@10.9.1_@swc+core@1.7.26_@swc+helpers@0.5.13__@types+node@20.19.5_typescript@6.0.3_/node_modules/tailwindcss/lib/lib/load-config.js:51:30
[error] apps/next-app-router/next-app-router-4001/app/patterns/search-params/active-link.tsx: Error: Cannot find module '@tailwindcss/typography'
[error] Require stack:
[error] - /Users/zackjackson/Documents/Codex/2026-10-02/task-4/stack5137/apps/next-app-router/next-app-router-4001/tailwind.config.ts
[error]     at Module._resolveFilename (node:internal/modules/cjs/loader:1476:15)
[error]     at wrapResolveFilename (node:internal/modules/cjs/loader:1049:27)
[error]     at resolveForCJSWithHooks (node:internal/modules/cjs/loader:1094:12)
[error]     at require.resolve (node:internal/modules/helpers:171:31)
[error]     at _resolve (/Users/zackjackson/Documents/Codex/2026-10-02/task-4/stack5137/node_modules/.pnpm/jiti@1.21.7/node_modules/jiti/dist/jiti.js:1:246378)
[error]     at jiti (/Users/zackjackson/Documents/Codex/2026-10-02/task-4/stack5137/node_modules/.pnpm/jiti@1.21.7/node_modules/jiti/dist/jiti.js:1:249092)
[error]     at /Users/zackjackson/Documents/Codex/2026-10-02/task-4/stack5137/apps/next-app-router/next-app-router-4001/tailwind.config.ts:89:13
[error]     at evalModule (/Users/zackjackson/Documents/Codex/2026-10-02/task-4/stack5137/node_modules/.pnpm/jiti@1.21.7/node_modules/jiti/dist/jiti.js:1:251913)
[error]     at jiti (/Users/zackjackson/Documents/Codex/2026-10-02/task-4/stack5137/node_modules/.pnpm/jiti@1.21.7/node_modules/jiti/dist/jiti.js:1:249841)
[error]     at /Users/zackjackson/Documents/Codex/2026-10-02/task-4/stack5137/node_modules/.pnpm/tailwindcss@3.4.13_ts-node@10.9.1_@swc+core@1.7.26_@swc+helpers@0.5.13__@types+node@20.19.5_typescript@6.0.3_/node_modules/tailwindcss/lib/lib/load-config.js:51:30
[error] apps/next-app-router/next-app-router-4001/app/patterns/search-params/client.tsx: Error: Cannot find module '@tailwindcss/typography'
[error] Require stack:
[error] - /Users/zackjackson/Documents/Codex/2026-10-02/task-4/stack5137/apps/next-app-router/next-app-router-4001/tailwind.config.ts
[error]     at Module._resolveFilename (node:internal/modules/cjs/loader:1476:15)
[error]     at wrapResolveFilename (node:internal/modules/cjs/loader:1049:27)
[error]     at resolveForCJSWithHooks (node:internal/modules/cjs/loader:1094:12)
[error]     at require.resolve (node:internal/modules/helpers:171:31)
[error]     at _resolve (/Users/zackjackson/Documents/Codex/2026-10-02/task-4/stack5137/node_modules/.pnpm/jiti@1.21.7/node_modules/jiti/dist/jiti.js:1:246378)
[error]     at jiti (/Users/zackjackson/Documents/Codex/2026-10-02/task-4/stack5137/node_modules/.pnpm/jiti@1.21.7/node_modules/jiti/dist/jiti.js:1:249092)
[error]     at /Users/zackjackson/Documents/Codex/2026-10-02/task-4/stack5137/apps/next-app-router/next-app-router-4001/tailwind.config.ts:89:13
[error]     at evalModule (/Users/zackjackson/Documents/Codex/2026-10-02/task-4/stack5137/node_modules/.pnpm/jiti@1.21.7/node_modules/jiti/dist/jiti.js:1:251913)
[error]     at jiti (/Users/zackjackson/Documents/Codex/2026-10-02/task-4/stack5137/node_modules/.pnpm/jiti@1.21.7/node_modules/jiti/dist/jiti.js:1:249841)
[error]     at /Users/zackjackson/Documents/Codex/2026-10-02/task-4/stack5137/node_modules/.pnpm/tailwindcss@3.4.13_ts-node@10.9.1_@swc+core@1.7.26_@swc+helpers@0.5.13__@types+node@20.19.5_typescript@6.0.3_/node_modules/tailwindcss/lib/lib/load-config.js:51:30
[error] apps/next-app-router/next-app-router-4001/app/patterns/search-params/page.tsx: Error: Cannot find module '@tailwindcss/typography'
[error] Require stack:
[error] - /Users/zackjackson/Documents/Codex/2026-10-02/task-4/stack5137/apps/next-app-router/next-app-router-4001/tailwind.config.ts
[error]     at Module._resolveFilename (node:internal/modules/cjs/loader:1476:15)
[error]     at wrapResolveFilename (node:internal/modules/cjs/loader:1049:27)
[error]     at resolveForCJSWithHooks (node:internal/modules/cjs/loader:1094:12)
[error]     at require.resolve (node:internal/modules/helpers:171:31)
[error]     at _resolve (/Users/zackjackson/Documents/Codex/2026-10-02/task-4/stack5137/node_modules/.pnpm/jiti@1.21.7/node_modules/jiti/dist/jiti.js:1:246378)
[error]     at jiti (/Users/zackjackson/Documents/Codex/2026-10-02/task-4/stack5137/node_modules/.pnpm/jiti@1.21.7/node_modules/jiti/dist/jiti.js:1:249092)
[error]     at /Users/zackjackson/Documents/Codex/2026-10-02/task-4/stack5137/apps/next-app-router/next-app-router-4001/tailwind.config.ts:89:13
[error]     at evalModule (/Users/zackjackson/Documents/Codex/2026-10-02/task-4/stack5137/node_modules/.pnpm/jiti@1.21.7/node_modules/jiti/dist/jiti.js:1:251913)
[error]     at jiti (/Users/zackjackson/Documents/Codex/2026-10-02/task-4/stack5137/node_modules/.pnpm/jiti@1.21.7/node_modules/jiti/dist/jiti.js:1:249841)
[error]     at /Users/zackjackson/Documents/Codex/2026-10-02/task-4/stack5137/node_modules/.pnpm/tailwindcss@3.4.13_ts-node@10.9.1_@swc+core@1.7.26_@swc+helpers@0.5.13__@types+node@20.19.5_typescript@6.0.3_/node_modules/tailwindcss/lib/lib/load-config.js:51:30
[error] apps/next-app-router/next-app-router-4001/app/route-groups/(checkout)/checkout/page.tsx: Error: Cannot find module '@tailwindcss/typography'
[error] Require stack:
[error] - /Users/zackjackson/Documents/Codex/2026-10-02/task-4/stack5137/apps/next-app-router/next-app-router-4001/tailwind.config.ts
[error]     at Module._resolveFilename (node:internal/modules/cjs/loader:1476:15)
[error]     at wrapResolveFilename (node:internal/modules/cjs/loader:1049:27)
[error]     at resolveForCJSWithHooks (node:internal/modules/cjs/loader:1094:12)
[error]     at require.resolve (node:internal/modules/helpers:171:31)
[error]     at _resolve (/Users/zackjackson/Documents/Codex/2026-10-02/task-4/stack5137/node_modules/.pnpm/jiti@1.21.7/node_modules/jiti/dist/jiti.js:1:246378)
[error]     at jiti (/Users/zackjackson/Documents/Codex/2026-10-02/task-4/stack5137/node_modules/.pnpm/jiti@1.21.7/node_modules/jiti/dist/jiti.js:1:249092)
[error]     at /Users/zackjackson/Documents/Codex/2026-10-02/task-4/stack5137/apps/next-app-router/next-app-router-4001/tailwind.config.ts:89:13
[error]     at evalModule (/Users/zackjackson/Documents/Codex/2026-10-02/task-4/stack5137/node_modules/.pnpm/jiti@1.21.7/node_modules/jiti/dist/jiti.js:1:251913)
[error]     at jiti (/Users/zackjackson/Documents/Codex/2026-10-02/task-4/stack5137/node_modules/.pnpm/jiti@1.21.7/node_modules/jiti/dist/jiti.js:1:249841)
[error]     at /Users/zackjackson/Documents/Codex/2026-10-02/task-4/stack5137/node_modules/.pnpm/tailwindcss@3.4.13_ts-node@10.9.1_@swc+core@1.7.26_@swc+helpers@0.5.13__@types+node@20.19.5_typescript@6.0.3_/node_modules/tailwindcss/lib/lib/load-config.js:51:30
[error] apps/next-app-router/next-app-router-4001/app/route-groups/(checkout)/layout.tsx: Error: Cannot find module '@tailwindcss/typography'
[error] Require stack:
[error] - /Users/zackjackson/Documents/Codex/2026-10-02/task-4/stack5137/apps/next-app-router/next-app-router-4001/tailwind.config.ts
[error]     at Module._resolveFilename (node:internal/modules/cjs/loader:1476:15)
[error]     at wrapResolveFilename (node:internal/modules/cjs/loader:1049:27)
[error]     at resolveForCJSWithHooks (node:internal/modules/cjs/loader:1094:12)
[error]     at require.resolve (node:internal/modules/helpers:171:31)
[error]     at _resolve (/Users/zackjackson/Documents/Codex/2026-10-02/task-4/stack5137/node_modules/.pnpm/jiti@1.21.7/node_modules/jiti/dist/jiti.js:1:246378)
[error]     at jiti (/Users/zackjackson/Documents/Codex/2026-10-02/task-4/stack5137/node_modules/.pnpm/jiti@1.21.7/node_modules/jiti/dist/jiti.js:1:249092)
[error]     at /Users/zackjackson/Documents/Codex/2026-10-02/task-4/stack5137/apps/next-app-router/next-app-router-4001/tailwind.config.ts:89:13
[error]     at evalModule (/Users/zackjackson/Documents/Codex/2026-10-02/task-4/stack5137/node_modules/.pnpm/jiti@1.21.7/node_modules/jiti/dist/jiti.js:1:251913)
[error]     at jiti (/Users/zackjackson/Documents/Codex/2026-10-02/task-4/stack5137/node_modules/.pnpm/jiti@1.21.7/node_modules/jiti/dist/jiti.js:1:249841)
[error]     at /Users/zackjackson/Documents/Codex/2026-10-02/task-4/stack5137/node_modules/.pnpm/tailwindcss@3.4.13_ts-node@10.9.1_@swc+core@1.7.26_@swc+helpers@0.5.13__@types+node@20.19.5_typescript@6.0.3_/node_modules/tailwindcss/lib/lib/load-config.js:51:30
[error] apps/next-app-router/next-app-router-4001/app/route-groups/(checkout)/template.tsx: Error: Cannot find module '@tailwindcss/typography'
[error] Require stack:
[error] - /Users/zackjackson/Documents/Codex/2026-10-02/task-4/stack5137/apps/next-app-router/next-app-router-4001/tailwind.config.ts
[error]     at Module._resolveFilename (node:internal/modules/cjs/loader:1476:15)
[error]     at wrapResolveFilename (node:internal/modules/cjs/loader:1049:27)
[error]     at resolveForCJSWithHooks (node:internal/modules/cjs/loader:1094:12)
[error]     at require.resolve (node:internal/modules/helpers:171:31)
[error]     at _resolve (/Users/zackjackson/Documents/Codex/2026-10-02/task-4/stack5137/node_modules/.pnpm/jiti@1.21.7/node_modules/jiti/dist/jiti.js:1:246378)
[error]     at jiti (/Users/zackjackson/Documents/Codex/2026-10-02/task-4/stack5137/node_modules/.pnpm/jiti@1.21.7/node_modules/jiti/dist/jiti.js:1:249092)
[error]     at /Users/zackjackson/Documents/Codex/2026-10-02/task-4/stack5137/apps/next-app-router/next-app-router-4001/tailwind.config.ts:89:13
[error]     at evalModule (/Users/zackjackson/Documents/Codex/2026-10-02/task-4/stack5137/node_modules/.pnpm/jiti@1.21.7/node_modules/jiti/dist/jiti.js:1:251913)
[error]     at jiti (/Users/zackjackson/Documents/Codex/2026-10-02/task-4/stack5137/node_modules/.pnpm/jiti@1.21.7/node_modules/jiti/dist/jiti.js:1:249841)
[error]     at /Users/zackjackson/Documents/Codex/2026-10-02/task-4/stack5137/node_modules/.pnpm/tailwindcss@3.4.13_ts-node@10.9.1_@swc+core@1.7.26_@swc+helpers@0.5.13__@types+node@20.19.5_typescript@6.0.3_/node_modules/tailwindcss/lib/lib/load-config.js:51:30
[error] apps/next-app-router/next-app-router-4001/app/route-groups/(main)/layout.tsx: Error: Cannot find module '@tailwindcss/typography'
[error] Require stack:
[error] - /Users/zackjackson/Documents/Codex/2026-10-02/task-4/stack5137/apps/next-app-router/next-app-router-4001/tailwind.config.ts
[error]     at Module._resolveFilename (node:internal/modules/cjs/loader:1476:15)
[error]     at wrapResolveFilename (node:internal/modules/cjs/loader:1049:27)
[error]     at resolveForCJSWithHooks (node:internal/modules/cjs/loader:1094:12)
[error]     at require.resolve (node:internal/modules/helpers:171:31)
[error]     at _resolve (/Users/zackjackson/Documents/Codex/2026-10-02/task-4/stack5137/node_modules/.pnpm/jiti@1.21.7/node_modules/jiti/dist/jiti.js:1:246378)
[error]     at jiti (/Users/zackjackson/Documents/Codex/2026-10-02/task-4/stack5137/node_modules/.pnpm/jiti@1.21.7/node_modules/jiti/dist/jiti.js:1:249092)
[error]     at /Users/zackjackson/Documents/Codex/2026-10-02/task-4/stack5137/apps/next-app-router/next-app-router-4001/tailwind.config.ts:89:13
[error]     at evalModule (/Users/zackjackson/Documents/Codex/2026-10-02/task-4/stack5137/node_modules/.pnpm/jiti@1.21.7/node_modules/jiti/dist/jiti.js:1:251913)
[error]     at jiti (/Users/zackjackson/Documents/Codex/2026-10-02/task-4/stack5137/node_modules/.pnpm/jiti@1.21.7/node_modules/jiti/dist/jiti.js:1:249841)
[error]     at /Users/zackjackson/Documents/Codex/2026-10-02/task-4/stack5137/node_modules/.pnpm/tailwindcss@3.4.13_ts-node@10.9.1_@swc+core@1.7.26_@swc+helpers@0.5.13__@types+node@20.19.5_typescript@6.0.3_/node_modules/tailwindcss/lib/lib/load-config.js:51:30
[error] apps/next-app-router/next-app-router-4001/app/route-groups/(main)/page.tsx: Error: Cannot find module '@tailwindcss/typography'
[error] Require stack:
[error] - /Users/zackjackson/Documents/Codex/2026-10-02/task-4/stack5137/apps/next-app-router/next-app-router-4001/tailwind.config.ts
[error]     at Module._resolveFilename (node:internal/modules/cjs/loader:1476:15)
[error]     at wrapResolveFilename (node:internal/modules/cjs/loader:1049:27)
[error]     at resolveForCJSWithHooks (node:internal/modules/cjs/loader:1094:12)
[error]     at require.resolve (node:internal/modules/helpers:171:31)
[error]     at _resolve (/Users/zackjackson/Documents/Codex/2026-10-02/task-4/stack5137/node_modules/.pnpm/jiti@1.21.7/node_modules/jiti/dist/jiti.js:1:246378)
[error]     at jiti (/Users/zackjackson/Documents/Codex/2026-10-02/task-4/stack5137/node_modules/.pnpm/jiti@1.21.7/node_modules/jiti/dist/jiti.js:1:249092)
[error]     at /Users/zackjackson/Documents/Codex/2026-10-02/task-4/stack5137/apps/next-app-router/next-app-router-4001/tailwind.config.ts:89:13
[error]     at evalModule (/Users/zackjackson/Documents/Codex/2026-10-02/task-4/stack5137/node_modules/.pnpm/jiti@1.21.7/node_modules/jiti/dist/jiti.js:1:251913)
[error]     at jiti (/Users/zackjackson/Documents/Codex/2026-10-02/task-4/stack5137/node_modules/.pnpm/jiti@1.21.7/node_modules/jiti/dist/jiti.js:1:249841)
[error]     at /Users/zackjackson/Documents/Codex/2026-10-02/task-4/stack5137/node_modules/.pnpm/tailwindcss@3.4.13_ts-node@10.9.1_@swc+core@1.7.26_@swc+helpers@0.5.13__@types+node@20.19.5_typescript@6.0.3_/node_modules/tailwindcss/lib/lib/load-config.js:51:30
[error] apps/next-app-router/next-app-router-4001/app/route-groups/(main)/template.tsx: Error: Cannot find module '@tailwindcss/typography'
[error] Require stack:
[error] - /Users/zackjackson/Documents/Codex/2026-10-02/task-4/stack5137/apps/next-app-router/next-app-router-4001/tailwind.config.ts
[error]     at Module._resolveFilename (node:internal/modules/cjs/loader:1476:15)
[error]     at wrapResolveFilename (node:internal/modules/cjs/loader:1049:27)
[error]     at resolveForCJSWithHooks (node:internal/modules/cjs/loader:1094:12)
[error]     at require.resolve (node:internal/modules/helpers:171:31)
[error]     at _resolve (/Users/zackjackson/Documents/Codex/2026-10-02/task-4/stack5137/node_modules/.pnpm/jiti@1.21.7/node_modules/jiti/dist/jiti.js:1:246378)
[error]     at jiti (/Users/zackjackson/Documents/Codex/2026-10-02/task-4/stack5137/node_modules/.pnpm/jiti@1.21.7/node_modules/jiti/dist/jiti.js:1:249092)
[error]     at /Users/zackjackson/Documents/Codex/2026-10-02/task-4/stack5137/apps/next-app-router/next-app-router-4001/tailwind.config.ts:89:13
[error]     at evalModule (/Users/zackjackson/Documents/Codex/2026-10-02/task-4/stack5137/node_modules/.pnpm/jiti@1.21.7/node_modules/jiti/dist/jiti.js:1:251913)
[error]     at jiti (/Users/zackjackson/Documents/Codex/2026-10-02/task-4/stack5137/node_modules/.pnpm/jiti@1.21.7/node_modules/jiti/dist/jiti.js:1:249841)
[error]     at /Users/zackjackson/Documents/Codex/2026-10-02/task-4/stack5137/node_modules/.pnpm/tailwindcss@3.4.13_ts-node@10.9.1_@swc+core@1.7.26_@swc+helpers@0.5.13__@types+node@20.19.5_typescript@6.0.3_/node_modules/tailwindcss/lib/lib/load-config.js:51:30
[error] apps/next-app-router/next-app-router-4001/app/route-groups/(marketing)/blog/page.tsx: Error: Cannot find module '@tailwindcss/typography'
[error] Require stack:
[error] - /Users/zackjackson/Documents/Codex/2026-10-02/task-4/stack5137/apps/next-app-router/next-app-router-4001/tailwind.config.ts
[error]     at Module._resolveFilename (node:internal/modules/cjs/loader:1476:15)
[error]     at wrapResolveFilename (node:internal/modules/cjs/loader:1049:27)
[error]     at resolveForCJSWithHooks (node:internal/modules/cjs/loader:1094:12)
[error]     at require.resolve (node:internal/modules/helpers:171:31)
[error]     at _resolve (/Users/zackjackson/Documents/Codex/2026-10-02/task-4/stack5137/node_modules/.pnpm/jiti@1.21.7/node_modules/jiti/dist/jiti.js:1:246378)
[error]     at jiti (/Users/zackjackson/Documents/Codex/2026-10-02/task-4/stack5137/node_modules/.pnpm/jiti@1.21.7/node_modules/jiti/dist/jiti.js:1:249092)
[error]     at /Users/zackjackson/Documents/Codex/2026-10-02/task-4/stack5137/apps/next-app-router/next-app-router-4001/tailwind.config.ts:89:13
[error]     at evalModule (/Users/zackjackson/Documents/Codex/2026-10-02/task-4/stack5137/node_modules/.pnpm/jiti@1.21.7/node_modules/jiti/dist/jiti.js:1:251913)
[error]     at jiti (/Users/zackjackson/Documents/Codex/2026-10-02/task-4/stack5137/node_modules/.pnpm/jiti@1.21.7/node_modules/jiti/dist/jiti.js:1:249841)
[error]     at /Users/zackjackson/Documents/Codex/2026-10-02/task-4/stack5137/node_modules/.pnpm/tailwindcss@3.4.13_ts-node@10.9.1_@swc+core@1.7.26_@swc+helpers@0.5.13__@types+node@20.19.5_typescript@6.0.3_/node_modules/tailwindcss/lib/lib/load-config.js:51:30
[error] apps/next-app-router/next-app-router-4001/app/route-groups/(marketing)/layout.tsx: Error: Cannot find module '@tailwindcss/typography'
[error] Require stack:
[error] - /Users/zackjackson/Documents/Codex/2026-10-02/task-4/stack5137/apps/next-app-router/next-app-router-4001/tailwind.config.ts
[error]     at Module._resolveFilename (node:internal/modules/cjs/loader:1476:15)
[error]     at wrapResolveFilename (node:internal/modules/cjs/loader:1049:27)
[error]     at resolveForCJSWithHooks (node:internal/modules/cjs/loader:1094:12)
[error]     at require.resolve (node:internal/modules/helpers:171:31)
[error]     at _resolve (/Users/zackjackson/Documents/Codex/2026-10-02/task-4/stack5137/node_modules/.pnpm/jiti@1.21.7/node_modules/jiti/dist/jiti.js:1:246378)
[error]     at jiti (/Users/zackjackson/Documents/Codex/2026-10-02/task-4/stack5137/node_modules/.pnpm/jiti@1.21.7/node_modules/jiti/dist/jiti.js:1:249092)
[error]     at /Users/zackjackson/Documents/Codex/2026-10-02/task-4/stack5137/apps/next-app-router/next-app-router-4001/tailwind.config.ts:89:13
[error]     at evalModule (/Users/zackjackson/Documents/Codex/2026-10-02/task-4/stack5137/node_modules/.pnpm/jiti@1.21.7/node_modules/jiti/dist/jiti.js:1:251913)
[error]     at jiti (/Users/zackjackson/Documents/Codex/2026-10-02/task-4/stack5137/node_modules/.pnpm/jiti@1.21.7/node_modules/jiti/dist/jiti.js:1:249841)
[error]     at /Users/zackjackson/Documents/Codex/2026-10-02/task-4/stack5137/node_modules/.pnpm/tailwindcss@3.4.13_ts-node@10.9.1_@swc+core@1.7.26_@swc+helpers@0.5.13__@types+node@20.19.5_typescript@6.0.3_/node_modules/tailwindcss/lib/lib/load-config.js:51:30
[error] apps/next-app-router/next-app-router-4001/app/route-groups/(marketing)/template.tsx: Error: Cannot find module '@tailwindcss/typography'
[error] Require stack:
[error] - /Users/zackjackson/Documents/Codex/2026-10-02/task-4/stack5137/apps/next-app-router/next-app-router-4001/tailwind.config.ts
[error]     at Module._resolveFilename (node:internal/modules/cjs/loader:1476:15)
[error]     at wrapResolveFilename (node:internal/modules/cjs/loader:1049:27)
[error]     at resolveForCJSWithHooks (node:internal/modules/cjs/loader:1094:12)
[error]     at require.resolve (node:internal/modules/helpers:171:31)
[error]     at _resolve (/Users/zackjackson/Documents/Codex/2026-10-02/task-4/stack5137/node_modules/.pnpm/jiti@1.21.7/node_modules/jiti/dist/jiti.js:1:246378)
[error]     at jiti (/Users/zackjackson/Documents/Codex/2026-10-02/task-4/stack5137/node_modules/.pnpm/jiti@1.21.7/node_modules/jiti/dist/jiti.js:1:249092)
[error]     at /Users/zackjackson/Documents/Codex/2026-10-02/task-4/stack5137/apps/next-app-router/next-app-router-4001/tailwind.config.ts:89:13
[error]     at evalModule (/Users/zackjackson/Documents/Codex/2026-10-02/task-4/stack5137/node_modules/.pnpm/jiti@1.21.7/node_modules/jiti/dist/jiti.js:1:251913)
[error]     at jiti (/Users/zackjackson/Documents/Codex/2026-10-02/task-4/stack5137/node_modules/.pnpm/jiti@1.21.7/node_modules/jiti/dist/jiti.js:1:249841)
[error]     at /Users/zackjackson/Documents/Codex/2026-10-02/task-4/stack5137/node_modules/.pnpm/tailwindcss@3.4.13_ts-node@10.9.1_@swc+core@1.7.26_@swc+helpers@0.5.13__@types+node@20.19.5_typescript@6.0.3_/node_modules/tailwindcss/lib/lib/load-config.js:51:30
[error] apps/next-app-router/next-app-router-4001/app/route-groups/(shop)/[categorySlug]/[subCategorySlug]/page.tsx: Error: Cannot find module '@tailwindcss/typography'
[error] Require stack:
[error] - /Users/zackjackson/Documents/Codex/2026-10-02/task-4/stack5137/apps/next-app-router/next-app-router-4001/tailwind.config.ts
[error]     at Module._resolveFilename (node:internal/modules/cjs/loader:1476:15)
[error]     at wrapResolveFilename (node:internal/modules/cjs/loader:1049:27)
[error]     at resolveForCJSWithHooks (node:internal/modules/cjs/loader:1094:12)
[error]     at require.resolve (node:internal/modules/helpers:171:31)
[error]     at _resolve (/Users/zackjackson/Documents/Codex/2026-10-02/task-4/stack5137/node_modules/.pnpm/jiti@1.21.7/node_modules/jiti/dist/jiti.js:1:246378)
[error]     at jiti (/Users/zackjackson/Documents/Codex/2026-10-02/task-4/stack5137/node_modules/.pnpm/jiti@1.21.7/node_modules/jiti/dist/jiti.js:1:249092)
[error]     at /Users/zackjackson/Documents/Codex/2026-10-02/task-4/stack5137/apps/next-app-router/next-app-router-4001/tailwind.config.ts:89:13
[error]     at evalModule (/Users/zackjackson/Documents/Codex/2026-10-02/task-4/stack5137/node_modules/.pnpm/jiti@1.21.7/node_modules/jiti/dist/jiti.js:1:251913)
[error]     at jiti (/Users/zackjackson/Documents/Codex/2026-10-02/task-4/stack5137/node_modules/.pnpm/jiti@1.21.7/node_modules/jiti/dist/jiti.js:1:249841)
[error]     at /Users/zackjackson/Documents/Codex/2026-10-02/task-4/stack5137/node_modules/.pnpm/tailwindcss@3.4.13_ts-node@10.9.1_@swc+core@1.7.26_@swc+helpers@0.5.13__@types+node@20.19.5_typescript@6.0.3_/node_modules/tailwindcss/lib/lib/load-config.js:51:30
[error] apps/next-app-router/next-app-router-4001/app/route-groups/(shop)/[categorySlug]/layout.tsx: Error: Cannot find module '@tailwindcss/typography'
[error] Require stack:
[error] - /Users/zackjackson/Documents/Codex/2026-10-02/task-4/stack5137/apps/next-app-router/next-app-router-4001/tailwind.config.ts
[error]     at Module._resolveFilename (node:internal/modules/cjs/loader:1476:15)
[error]     at wrapResolveFilename (node:internal/modules/cjs/loader:1049:27)
[error]     at resolveForCJSWithHooks (node:internal/modules/cjs/loader:1094:12)
[error]     at require.resolve (node:internal/modules/helpers:171:31)
[error]     at _resolve (/Users/zackjackson/Documents/Codex/2026-10-02/task-4/stack5137/node_modules/.pnpm/jiti@1.21.7/node_modules/jiti/dist/jiti.js:1:246378)
[error]     at jiti (/Users/zackjackson/Documents/Codex/2026-10-02/task-4/stack5137/node_modules/.pnpm/jiti@1.21.7/node_modules/jiti/dist/jiti.js:1:249092)
[error]     at /Users/zackjackson/Documents/Codex/2026-10-02/task-4/stack5137/apps/next-app-router/next-app-router-4001/tailwind.config.ts:89:13
[error]     at evalModule (/Users/zackjackson/Documents/Codex/2026-10-02/task-4/stack5137/node_modules/.pnpm/jiti@1.21.7/node_modules/jiti/dist/jiti.js:1:251913)
[error]     at jiti (/Users/zackjackson/Documents/Codex/2026-10-02/task-4/stack5137/node_modules/.pnpm/jiti@1.21.7/node_modules/jiti/dist/jiti.js:1:249841)
[error]     at /Users/zackjackson/Documents/Codex/2026-10-02/task-4/stack5137/node_modules/.pnpm/tailwindcss@3.4.13_ts-node@10.9.1_@swc+core@1.7.26_@swc+helpers@0.5.13__@types+node@20.19.5_typescript@6.0.3_/node_modules/tailwindcss/lib/lib/load-config.js:51:30
[error] apps/next-app-router/next-app-router-4001/app/route-groups/(shop)/[categorySlug]/page.tsx: Error: Cannot find module '@tailwindcss/typography'
[error] Require stack:
[error] - /Users/zackjackson/Documents/Codex/2026-10-02/task-4/stack5137/apps/next-app-router/next-app-router-4001/tailwind.config.ts
[error]     at Module._resolveFilename (node:internal/modules/cjs/loader:1476:15)
[error]     at wrapResolveFilename (node:internal/modules/cjs/loader:1049:27)
[error]     at resolveForCJSWithHooks (node:internal/modules/cjs/loader:1094:12)
[error]     at require.resolve (node:internal/modules/helpers:171:31)
[error]     at _resolve (/Users/zackjackson/Documents/Codex/2026-10-02/task-4/stack5137/node_modules/.pnpm/jiti@1.21.7/node_modules/jiti/dist/jiti.js:1:246378)
[error]     at jiti (/Users/zackjackson/Documents/Codex/2026-10-02/task-4/stack5137/node_modules/.pnpm/jiti@1.21.7/node_modules/jiti/dist/jiti.js:1:249092)
[error]     at /Users/zackjackson/Documents/Codex/2026-10-02/task-4/stack5137/apps/next-app-router/next-app-router-4001/tailwind.config.ts:89:13
[error]     at evalModule (/Users/zackjackson/Documents/Codex/2026-10-02/task-4/stack5137/node_modules/.pnpm/jiti@1.21.7/node_modules/jiti/dist/jiti.js:1:251913)
[error]     at jiti (/Users/zackjackson/Documents/Codex/2026-10-02/task-4/stack5137/node_modules/.pnpm/jiti@1.21.7/node_modules/jiti/dist/jiti.js:1:249841)
[error]     at /Users/zackjackson/Documents/Codex/2026-10-02/task-4/stack5137/node_modules/.pnpm/tailwindcss@3.4.13_ts-node@10.9.1_@swc+core@1.7.26_@swc+helpers@0.5.13__@types+node@20.19.5_typescript@6.0.3_/node_modules/tailwindcss/lib/lib/load-config.js:51:30
[error] apps/next-app-router/next-app-router-4001/app/route-groups/(shop)/[categorySlug]/template.tsx: Error: Cannot find module '@tailwindcss/typography'
[error] Require stack:
[error] - /Users/zackjackson/Documents/Codex/2026-10-02/task-4/stack5137/apps/next-app-router/next-app-router-4001/tailwind.config.ts
[error]     at Module._resolveFilename (node:internal/modules/cjs/loader:1476:15)
[error]     at wrapResolveFilename (node:internal/modules/cjs/loader:1049:27)
[error]     at resolveForCJSWithHooks (node:internal/modules/cjs/loader:1094:12)
[error]     at require.resolve (node:internal/modules/helpers:171:31)
[error]     at _resolve (/Users/zackjackson/Documents/Codex/2026-10-02/task-4/stack5137/node_modules/.pnpm/jiti@1.21.7/node_modules/jiti/dist/jiti.js:1:246378)
[error]     at jiti (/Users/zackjackson/Documents/Codex/2026-10-02/task-4/stack5137/node_modules/.pnpm/jiti@1.21.7/node_modules/jiti/dist/jiti.js:1:249092)
[error]     at /Users/zackjackson/Documents/Codex/2026-10-02/task-4/stack5137/apps/next-app-router/next-app-router-4001/tailwind.config.ts:89:13
[error]     at evalModule (/Users/zackjackson/Documents/Codex/2026-10-02/task-4/stack5137/node_modules/.pnpm/jiti@1.21.7/node_modules/jiti/dist/jiti.js:1:251913)
[error]     at jiti (/Users/zackjackson/Documents/Codex/2026-10-02/task-4/stack5137/node_modules/.pnpm/jiti@1.21.7/node_modules/jiti/dist/jiti.js:1:249841)
[error]     at /Users/zackjackson/Documents/Codex/2026-10-02/task-4/stack5137/node_modules/.pnpm/tailwindcss@3.4.13_ts-node@10.9.1_@swc+core@1.7.26_@swc+helpers@0.5.13__@types+node@20.19.5_typescript@6.0.3_/node_modules/tailwindcss/lib/lib/load-config.js:51:30
[error] apps/next-app-router/next-app-router-4001/app/route-groups/(shop)/layout.tsx: Error: Cannot find module '@tailwindcss/typography'
[error] Require stack:
[error] - /Users/zackjackson/Documents/Codex/2026-10-02/task-4/stack5137/apps/next-app-router/next-app-router-4001/tailwind.config.ts
[error]     at Module._resolveFilename (node:internal/modules/cjs/loader:1476:15)
[error]     at wrapResolveFilename (node:internal/modules/cjs/loader:1049:27)
[error]     at resolveForCJSWithHooks (node:internal/modules/cjs/loader:1094:12)
[error]     at require.resolve (node:internal/modules/helpers:171:31)
[error]     at _resolve (/Users/zackjackson/Documents/Codex/2026-10-02/task-4/stack5137/node_modules/.pnpm/jiti@1.21.7/node_modules/jiti/dist/jiti.js:1:246378)
[error]     at jiti (/Users/zackjackson/Documents/Codex/2026-10-02/task-4/stack5137/node_modules/.pnpm/jiti@1.21.7/node_modules/jiti/dist/jiti.js:1:249092)
[error]     at /Users/zackjackson/Documents/Codex/2026-10-02/task-4/stack5137/apps/next-app-router/next-app-router-4001/tailwind.config.ts:89:13
[error]     at evalModule (/Users/zackjackson/Documents/Codex/2026-10-02/task-4/stack5137/node_modules/.pnpm/jiti@1.21.7/node_modules/jiti/dist/jiti.js:1:251913)
[error]     at jiti (/Users/zackjackson/Documents/Codex/2026-10-02/task-4/stack5137/node_modules/.pnpm/jiti@1.21.7/node_modules/jiti/dist/jiti.js:1:249841)
[error]     at /Users/zackjackson/Documents/Codex/2026-10-02/task-4/stack5137/node_modules/.pnpm/tailwindcss@3.4.13_ts-node@10.9.1_@swc+core@1.7.26_@swc+helpers@0.5.13__@types+node@20.19.5_typescript@6.0.3_/node_modules/tailwindcss/lib/lib/load-config.js:51:30
[error] apps/next-app-router/next-app-router-4001/app/route-groups/(shop)/template.tsx: Error: Cannot find module '@tailwindcss/typography'
[error] Require stack:
[error] - /Users/zackjackson/Documents/Codex/2026-10-02/task-4/stack5137/apps/next-app-router/next-app-router-4001/tailwind.config.ts
[error]     at Module._resolveFilename (node:internal/modules/cjs/loader:1476:15)
[error]     at wrapResolveFilename (node:internal/modules/cjs/loader:1049:27)
[error]     at resolveForCJSWithHooks (node:internal/modules/cjs/loader:1094:12)
[error]     at require.resolve (node:internal/modules/helpers:171:31)
[error]     at _resolve (/Users/zackjackson/Documents/Codex/2026-10-02/task-4/stack5137/node_modules/.pnpm/jiti@1.21.7/node_modules/jiti/dist/jiti.js:1:246378)
[error]     at jiti (/Users/zackjackson/Documents/Codex/2026-10-02/task-4/stack5137/node_modules/.pnpm/jiti@1.21.7/node_modules/jiti/dist/jiti.js:1:249092)
[error]     at /Users/zackjackson/Documents/Codex/2026-10-02/task-4/stack5137/apps/next-app-router/next-app-router-4001/tailwind.config.ts:89:13
[error]     at evalModule (/Users/zackjackson/Documents/Codex/2026-10-02/task-4/stack5137/node_modules/.pnpm/jiti@1.21.7/node_modules/jiti/dist/jiti.js:1:251913)
[error]     at jiti (/Users/zackjackson/Documents/Codex/2026-10-02/task-4/stack5137/node_modules/.pnpm/jiti@1.21.7/node_modules/jiti/dist/jiti.js:1:249841)
[error]     at /Users/zackjackson/Documents/Codex/2026-10-02/task-4/stack5137/node_modules/.pnpm/tailwindcss@3.4.13_ts-node@10.9.1_@swc+core@1.7.26_@swc+helpers@0.5.13__@types+node@20.19.5_typescript@6.0.3_/node_modules/tailwindcss/lib/lib/load-config.js:51:30
[error] apps/next-app-router/next-app-router-4001/app/route-groups/layout.tsx: Error: Cannot find module '@tailwindcss/typography'
[error] Require stack:
[error] - /Users/zackjackson/Documents/Codex/2026-10-02/task-4/stack5137/apps/next-app-router/next-app-router-4001/tailwind.config.ts
[error]     at Module._resolveFilename (node:internal/modules/cjs/loader:1476:15)
[error]     at wrapResolveFilename (node:internal/modules/cjs/loader:1049:27)
[error]     at resolveForCJSWithHooks (node:internal/modules/cjs/loader:1094:12)
[error]     at require.resolve (node:internal/modules/helpers:171:31)
[error]     at _resolve (/Users/zackjackson/Documents/Codex/2026-10-02/task-4/stack5137/node_modules/.pnpm/jiti@1.21.7/node_modules/jiti/dist/jiti.js:1:246378)
[error]     at jiti (/Users/zackjackson/Documents/Codex/2026-10-02/task-4/stack5137/node_modules/.pnpm/jiti@1.21.7/node_modules/jiti/dist/jiti.js:1:249092)
[error]     at /Users/zackjackson/Documents/Codex/2026-10-02/task-4/stack5137/apps/next-app-router/next-app-router-4001/tailwind.config.ts:89:13
[error]     at evalModule (/Users/zackjackson/Documents/Codex/2026-10-02/task-4/stack5137/node_modules/.pnpm/jiti@1.21.7/node_modules/jiti/dist/jiti.js:1:251913)
[error]     at jiti (/Users/zackjackson/Documents/Codex/2026-10-02/task-4/stack5137/node_modules/.pnpm/jiti@1.21.7/node_modules/jiti/dist/jiti.js:1:249841)
[error]     at /Users/zackjackson/Documents/Codex/2026-10-02/task-4/stack5137/node_modules/.pnpm/tailwindcss@3.4.13_ts-node@10.9.1_@swc+core@1.7.26_@swc+helpers@0.5.13__@types+node@20.19.5_typescript@6.0.3_/node_modules/tailwindcss/lib/lib/load-config.js:51:30
[error] apps/next-app-router/next-app-router-4001/app/ssr/[id]/page.tsx: Error: Cannot find module '@tailwindcss/typography'
[error] Require stack:
[error] - /Users/zackjackson/Documents/Codex/2026-10-02/task-4/stack5137/apps/next-app-router/next-app-router-4001/tailwind.config.ts
[error]     at Module._resolveFilename (node:internal/modules/cjs/loader:1476:15)
[error]     at wrapResolveFilename (node:internal/modules/cjs/loader:1049:27)
[error]     at resolveForCJSWithHooks (node:internal/modules/cjs/loader:1094:12)
[error]     at require.resolve (node:internal/modules/helpers:171:31)
[error]     at _resolve (/Users/zackjackson/Documents/Codex/2026-10-02/task-4/stack5137/node_modules/.pnpm/jiti@1.21.7/node_modules/jiti/dist/jiti.js:1:246378)
[error]     at jiti (/Users/zackjackson/Documents/Codex/2026-10-02/task-4/stack5137/node_modules/.pnpm/jiti@1.21.7/node_modules/jiti/dist/jiti.js:1:249092)
[error]     at /Users/zackjackson/Documents/Codex/2026-10-02/task-4/stack5137/apps/next-app-router/next-app-router-4001/tailwind.config.ts:89:13
[error]     at evalModule (/Users/zackjackson/Documents/Codex/2026-10-02/task-4/stack5137/node_modules/.pnpm/jiti@1.21.7/node_modules/jiti/dist/jiti.js:1:251913)
[error]     at jiti (/Users/zackjackson/Documents/Codex/2026-10-02/task-4/stack5137/node_modules/.pnpm/jiti@1.21.7/node_modules/jiti/dist/jiti.js:1:249841)
[error]     at /Users/zackjackson/Documents/Codex/2026-10-02/task-4/stack5137/node_modules/.pnpm/tailwindcss@3.4.13_ts-node@10.9.1_@swc+core@1.7.26_@swc+helpers@0.5.13__@types+node@20.19.5_typescript@6.0.3_/node_modules/tailwindcss/lib/lib/load-config.js:51:30
[error] apps/next-app-router/next-app-router-4001/app/ssr/layout.tsx: Error: Cannot find module '@tailwindcss/typography'
[error] Require stack:
[error] - /Users/zackjackson/Documents/Codex/2026-10-02/task-4/stack5137/apps/next-app-router/next-app-router-4001/tailwind.config.ts
[error]     at Module._resolveFilename (node:internal/modules/cjs/loader:1476:15)
[error]     at wrapResolveFilename (node:internal/modules/cjs/loader:1049:27)
[error]     at resolveForCJSWithHooks (node:internal/modules/cjs/loader:1094:12)
[error]     at require.resolve (node:internal/modules/helpers:171:31)
[error]     at _resolve (/Users/zackjackson/Documents/Codex/2026-10-02/task-4/stack5137/node_modules/.pnpm/jiti@1.21.7/node_modules/jiti/dist/jiti.js:1:246378)
[error]     at jiti (/Users/zackjackson/Documents/Codex/2026-10-02/task-4/stack5137/node_modules/.pnpm/jiti@1.21.7/node_modules/jiti/dist/jiti.js:1:249092)
[error]     at /Users/zackjackson/Documents/Codex/2026-10-02/task-4/stack5137/apps/next-app-router/next-app-router-4001/tailwind.config.ts:89:13
[error]     at evalModule (/Users/zackjackson/Documents/Codex/2026-10-02/task-4/stack5137/node_modules/.pnpm/jiti@1.21.7/node_modules/jiti/dist/jiti.js:1:251913)
[error]     at jiti (/Users/zackjackson/Documents/Codex/2026-10-02/task-4/stack5137/node_modules/.pnpm/jiti@1.21.7/node_modules/jiti/dist/jiti.js:1:249841)
[error]     at /Users/zackjackson/Documents/Codex/2026-10-02/task-4/stack5137/node_modules/.pnpm/tailwindcss@3.4.13_ts-node@10.9.1_@swc+core@1.7.26_@swc+helpers@0.5.13__@types+node@20.19.5_typescript@6.0.3_/node_modules/tailwindcss/lib/lib/load-config.js:51:30
[error] apps/next-app-router/next-app-router-4001/app/ssr/loading.tsx: Error: Cannot find module '@tailwindcss/typography'
[error] Require stack:
[error] - /Users/zackjackson/Documents/Codex/2026-10-02/task-4/stack5137/apps/next-app-router/next-app-router-4001/tailwind.config.ts
[error]     at Module._resolveFilename (node:internal/modules/cjs/loader:1476:15)
[error]     at wrapResolveFilename (node:internal/modules/cjs/loader:1049:27)
[error]     at resolveForCJSWithHooks (node:internal/modules/cjs/loader:1094:12)
[error]     at require.resolve (node:internal/modules/helpers:171:31)
[error]     at _resolve (/Users/zackjackson/Documents/Codex/2026-10-02/task-4/stack5137/node_modules/.pnpm/jiti@1.21.7/node_modules/jiti/dist/jiti.js:1:246378)
[error]     at jiti (/Users/zackjackson/Documents/Codex/2026-10-02/task-4/stack5137/node_modules/.pnpm/jiti@1.21.7/node_modules/jiti/dist/jiti.js:1:249092)
[error]     at /Users/zackjackson/Documents/Codex/2026-10-02/task-4/stack5137/apps/next-app-router/next-app-router-4001/tailwind.config.ts:89:13
[error]     at evalModule (/Users/zackjackson/Documents/Codex/2026-10-02/task-4/stack5137/node_modules/.pnpm/jiti@1.21.7/node_modules/jiti/dist/jiti.js:1:251913)
[error]     at jiti (/Users/zackjackson/Documents/Codex/2026-10-02/task-4/stack5137/node_modules/.pnpm/jiti@1.21.7/node_modules/jiti/dist/jiti.js:1:249841)
[error]     at /Users/zackjackson/Documents/Codex/2026-10-02/task-4/stack5137/node_modules/.pnpm/tailwindcss@3.4.13_ts-node@10.9.1_@swc+core@1.7.26_@swc+helpers@0.5.13__@types+node@20.19.5_typescript@6.0.3_/node_modules/tailwindcss/lib/lib/load-config.js:51:30
[error] apps/next-app-router/next-app-router-4001/app/ssr/page.tsx: Error: Cannot find module '@tailwindcss/typography'
[error] Require stack:
[error] - /Users/zackjackson/Documents/Codex/2026-10-02/task-4/stack5137/apps/next-app-router/next-app-router-4001/tailwind.config.ts
[error]     at Module._resolveFilename (node:internal/modules/cjs/loader:1476:15)
[error]     at wrapResolveFilename (node:internal/modules/cjs/loader:1049:27)
[error]     at resolveForCJSWithHooks (node:internal/modules/cjs/loader:1094:12)
[error]     at require.resolve (node:internal/modules/helpers:171:31)
[error]     at _resolve (/Users/zackjackson/Documents/Codex/2026-10-02/task-4/stack5137/node_modules/.pnpm/jiti@1.21.7/node_modules/jiti/dist/jiti.js:1:246378)
[error]     at jiti (/Users/zackjackson/Documents/Codex/2026-10-02/task-4/stack5137/node_modules/.pnpm/jiti@1.21.7/node_modules/jiti/dist/jiti.js:1:249092)
[error]     at /Users/zackjackson/Documents/Codex/2026-10-02/task-4/stack5137/apps/next-app-router/next-app-router-4001/tailwind.config.ts:89:13
[error]     at evalModule (/Users/zackjackson/Documents/Codex/2026-10-02/task-4/stack5137/node_modules/.pnpm/jiti@1.21.7/node_modules/jiti/dist/jiti.js:1:251913)
[error]     at jiti (/Users/zackjackson/Documents/Codex/2026-10-02/task-4/stack5137/node_modules/.pnpm/jiti@1.21.7/node_modules/jiti/dist/jiti.js:1:249841)
[error]     at /Users/zackjackson/Documents/Codex/2026-10-02/task-4/stack5137/node_modules/.pnpm/tailwindcss@3.4.13_ts-node@10.9.1_@swc+core@1.7.26_@swc+helpers@0.5.13__@types+node@20.19.5_typescript@6.0.3_/node_modules/tailwindcss/lib/lib/load-config.js:51:30
[error] apps/next-app-router/next-app-router-4001/app/ssr/template.tsx: Error: Cannot find module '@tailwindcss/typography'
[error] Require stack:
[error] - /Users/zackjackson/Documents/Codex/2026-10-02/task-4/stack5137/apps/next-app-router/next-app-router-4001/tailwind.config.ts
[error]     at Module._resolveFilename (node:internal/modules/cjs/loader:1476:15)
[error]     at wrapResolveFilename (node:internal/modules/cjs/loader:1049:27)
[error]     at resolveForCJSWithHooks (node:internal/modules/cjs/loader:1094:12)
[error]     at require.resolve (node:internal/modules/helpers:171:31)
[error]     at _resolve (/Users/zackjackson/Documents/Codex/2026-10-02/task-4/stack5137/node_modules/.pnpm/jiti@1.21.7/node_modules/jiti/dist/jiti.js:1:246378)
[error]     at jiti (/Users/zackjackson/Documents/Codex/2026-10-02/task-4/stack5137/node_modules/.pnpm/jiti@1.21.7/node_modules/jiti/dist/jiti.js:1:249092)
[error]     at /Users/zackjackson/Documents/Codex/2026-10-02/task-4/stack5137/apps/next-app-router/next-app-router-4001/tailwind.config.ts:89:13
[error]     at evalModule (/Users/zackjackson/Documents/Codex/2026-10-02/task-4/stack5137/node_modules/.pnpm/jiti@1.21.7/node_modules/jiti/dist/jiti.js:1:251913)
[error]     at jiti (/Users/zackjackson/Documents/Codex/2026-10-02/task-4/stack5137/node_modules/.pnpm/jiti@1.21.7/node_modules/jiti/dist/jiti.js:1:249841)
[error]     at /Users/zackjackson/Documents/Codex/2026-10-02/task-4/stack5137/node_modules/.pnpm/tailwindcss@3.4.13_ts-node@10.9.1_@swc+core@1.7.26_@swc+helpers@0.5.13__@types+node@20.19.5_typescript@6.0.3_/node_modules/tailwindcss/lib/lib/load-config.js:51:30
[error] apps/next-app-router/next-app-router-4001/app/streaming/_components/add-to-cart.tsx: Error: Cannot find module '@tailwindcss/typography'
[error] Require stack:
[error] - /Users/zackjackson/Documents/Codex/2026-10-02/task-4/stack5137/apps/next-app-router/next-app-router-4001/tailwind.config.ts
[error]     at Module._resolveFilename (node:internal/modules/cjs/loader:1476:15)
[error]     at wrapResolveFilename (node:internal/modules/cjs/loader:1049:27)
[error]     at resolveForCJSWithHooks (node:internal/modules/cjs/loader:1094:12)
[error]     at require.resolve (node:internal/modules/helpers:171:31)
[error]     at _resolve (/Users/zackjackson/Documents/Codex/2026-10-02/task-4/stack5137/node_modules/.pnpm/jiti@1.21.7/node_modules/jiti/dist/jiti.js:1:246378)
[error]     at jiti (/Users/zackjackson/Documents/Codex/2026-10-02/task-4/stack5137/node_modules/.pnpm/jiti@1.21.7/node_modules/jiti/dist/jiti.js:1:249092)
[error]     at /Users/zackjackson/Documents/Codex/2026-10-02/task-4/stack5137/apps/next-app-router/next-app-router-4001/tailwind.config.ts:89:13
[error]     at evalModule (/Users/zackjackson/Documents/Codex/2026-10-02/task-4/stack5137/node_modules/.pnpm/jiti@1.21.7/node_modules/jiti/dist/jiti.js:1:251913)
[error]     at jiti (/Users/zackjackson/Documents/Codex/2026-10-02/task-4/stack5137/node_modules/.pnpm/jiti@1.21.7/node_modules/jiti/dist/jiti.js:1:249841)
[error]     at /Users/zackjackson/Documents/Codex/2026-10-02/task-4/stack5137/node_modules/.pnpm/tailwindcss@3.4.13_ts-node@10.9.1_@swc+core@1.7.26_@swc+helpers@0.5.13__@types+node@20.19.5_typescript@6.0.3_/node_modules/tailwindcss/lib/lib/load-config.js:51:30
[error] apps/next-app-router/next-app-router-4001/app/streaming/_components/cart-count-context.tsx: Error: Cannot find module '@tailwindcss/typography'
[error] Require stack:
[error] - /Users/zackjackson/Documents/Codex/2026-10-02/task-4/stack5137/apps/next-app-router/next-app-router-4001/tailwind.config.ts
[error]     at Module._resolveFilename (node:internal/modules/cjs/loader:1476:15)
[error]     at wrapResolveFilename (node:internal/modules/cjs/loader:1049:27)
[error]     at resolveForCJSWithHooks (node:internal/modules/cjs/loader:1094:12)
[error]     at require.resolve (node:internal/modules/helpers:171:31)
[error]     at _resolve (/Users/zackjackson/Documents/Codex/2026-10-02/task-4/stack5137/node_modules/.pnpm/jiti@1.21.7/node_modules/jiti/dist/jiti.js:1:246378)
[error]     at jiti (/Users/zackjackson/Documents/Codex/2026-10-02/task-4/stack5137/node_modules/.pnpm/jiti@1.21.7/node_modules/jiti/dist/jiti.js:1:249092)
[error]     at /Users/zackjackson/Documents/Codex/2026-10-02/task-4/stack5137/apps/next-app-router/next-app-router-4001/tailwind.config.ts:89:13
[error]     at evalModule (/Users/zackjackson/Documents/Codex/2026-10-02/task-4/stack5137/node_modules/.pnpm/jiti@1.21.7/node_modules/jiti/dist/jiti.js:1:251913)
[error]     at jiti (/Users/zackjackson/Documents/Codex/2026-10-02/task-4/stack5137/node_modules/.pnpm/jiti@1.21.7/node_modules/jiti/dist/jiti.js:1:249841)
[error]     at /Users/zackjackson/Documents/Codex/2026-10-02/task-4/stack5137/node_modules/.pnpm/tailwindcss@3.4.13_ts-node@10.9.1_@swc+core@1.7.26_@swc+helpers@0.5.13__@types+node@20.19.5_typescript@6.0.3_/node_modules/tailwindcss/lib/lib/load-config.js:51:30
[error] apps/next-app-router/next-app-router-4001/app/streaming/_components/cart-count.tsx: Error: Cannot find module '@tailwindcss/typography'
[error] Require stack:
[error] - /Users/zackjackson/Documents/Codex/2026-10-02/task-4/stack5137/apps/next-app-router/next-app-router-4001/tailwind.config.ts
[error]     at Module._resolveFilename (node:internal/modules/cjs/loader:1476:15)
[error]     at wrapResolveFilename (node:internal/modules/cjs/loader:1049:27)
[error]     at resolveForCJSWithHooks (node:internal/modules/cjs/loader:1094:12)
[error]     at require.resolve (node:internal/modules/helpers:171:31)
[error]     at _resolve (/Users/zackjackson/Documents/Codex/2026-10-02/task-4/stack5137/node_modules/.pnpm/jiti@1.21.7/node_modules/jiti/dist/jiti.js:1:246378)
[error]     at jiti (/Users/zackjackson/Documents/Codex/2026-10-02/task-4/stack5137/node_modules/.pnpm/jiti@1.21.7/node_modules/jiti/dist/jiti.js:1:249092)
[error]     at /Users/zackjackson/Documents/Codex/2026-10-02/task-4/stack5137/apps/next-app-router/next-app-router-4001/tailwind.config.ts:89:13
[error]     at evalModule (/Users/zackjackson/Documents/Codex/2026-10-02/task-4/stack5137/node_modules/.pnpm/jiti@1.21.7/node_modules/jiti/dist/jiti.js:1:251913)
[error]     at jiti (/Users/zackjackson/Documents/Codex/2026-10-02/task-4/stack5137/node_modules/.pnpm/jiti@1.21.7/node_modules/jiti/dist/jiti.js:1:249841)
[error]     at /Users/zackjackson/Documents/Codex/2026-10-02/task-4/stack5137/node_modules/.pnpm/tailwindcss@3.4.13_ts-node@10.9.1_@swc+core@1.7.26_@swc+helpers@0.5.13__@types+node@20.19.5_typescript@6.0.3_/node_modules/tailwindcss/lib/lib/load-config.js:51:30
[error] apps/next-app-router/next-app-router-4001/app/streaming/_components/header.tsx: Error: Cannot find module '@tailwindcss/typography'
[error] Require stack:
[error] - /Users/zackjackson/Documents/Codex/2026-10-02/task-4/stack5137/apps/next-app-router/next-app-router-4001/tailwind.config.ts
[error]     at Module._resolveFilename (node:internal/modules/cjs/loader:1476:15)
[error]     at wrapResolveFilename (node:internal/modules/cjs/loader:1049:27)
[error]     at resolveForCJSWithHooks (node:internal/modules/cjs/loader:1094:12)
[error]     at require.resolve (node:internal/modules/helpers:171:31)
[error]     at _resolve (/Users/zackjackson/Documents/Codex/2026-10-02/task-4/stack5137/node_modules/.pnpm/jiti@1.21.7/node_modules/jiti/dist/jiti.js:1:246378)
[error]     at jiti (/Users/zackjackson/Documents/Codex/2026-10-02/task-4/stack5137/node_modules/.pnpm/jiti@1.21.7/node_modules/jiti/dist/jiti.js:1:249092)
[error]     at /Users/zackjackson/Documents/Codex/2026-10-02/task-4/stack5137/apps/next-app-router/next-app-router-4001/tailwind.config.ts:89:13
[error]     at evalModule (/Users/zackjackson/Documents/Codex/2026-10-02/task-4/stack5137/node_modules/.pnpm/jiti@1.21.7/node_modules/jiti/dist/jiti.js:1:251913)
[error]     at jiti (/Users/zackjackson/Documents/Codex/2026-10-02/task-4/stack5137/node_modules/.pnpm/jiti@1.21.7/node_modules/jiti/dist/jiti.js:1:249841)
[error]     at /Users/zackjackson/Documents/Codex/2026-10-02/task-4/stack5137/node_modules/.pnpm/tailwindcss@3.4.13_ts-node@10.9.1_@swc+core@1.7.26_@swc+helpers@0.5.13__@types+node@20.19.5_typescript@6.0.3_/node_modules/tailwindcss/lib/lib/load-config.js:51:30
[error] apps/next-app-router/next-app-router-4001/app/streaming/_components/pricing.tsx: Error: Cannot find module '@tailwindcss/typography'
[error] Require stack:
[error] - /Users/zackjackson/Documents/Codex/2026-10-02/task-4/stack5137/apps/next-app-router/next-app-router-4001/tailwind.config.ts
[error]     at Module._resolveFilename (node:internal/modules/cjs/loader:1476:15)
[error]     at wrapResolveFilename (node:internal/modules/cjs/loader:1049:27)
[error]     at resolveForCJSWithHooks (node:internal/modules/cjs/loader:1094:12)
[error]     at require.resolve (node:internal/modules/helpers:171:31)
[error]     at _resolve (/Users/zackjackson/Documents/Codex/2026-10-02/task-4/stack5137/node_modules/.pnpm/jiti@1.21.7/node_modules/jiti/dist/jiti.js:1:246378)
[error]     at jiti (/Users/zackjackson/Documents/Codex/2026-10-02/task-4/stack5137/node_modules/.pnpm/jiti@1.21.7/node_modules/jiti/dist/jiti.js:1:249092)
[error]     at /Users/zackjackson/Documents/Codex/2026-10-02/task-4/stack5137/apps/next-app-router/next-app-router-4001/tailwind.config.ts:89:13
[error]     at evalModule (/Users/zackjackson/Documents/Codex/2026-10-02/task-4/stack5137/node_modules/.pnpm/jiti@1.21.7/node_modules/jiti/dist/jiti.js:1:251913)
[error]     at jiti (/Users/zackjackson/Documents/Codex/2026-10-02/task-4/stack5137/node_modules/.pnpm/jiti@1.21.7/node_modules/jiti/dist/jiti.js:1:249841)
[error]     at /Users/zackjackson/Documents/Codex/2026-10-02/task-4/stack5137/node_modules/.pnpm/tailwindcss@3.4.13_ts-node@10.9.1_@swc+core@1.7.26_@swc+helpers@0.5.13__@types+node@20.19.5_typescript@6.0.3_/node_modules/tailwindcss/lib/lib/load-config.js:51:30
[error] apps/next-app-router/next-app-router-4001/app/streaming/_components/recommended-products.tsx: Error: Cannot find module '@tailwindcss/typography'
[error] Require stack:
[error] - /Users/zackjackson/Documents/Codex/2026-10-02/task-4/stack5137/apps/next-app-router/next-app-router-4001/tailwind.config.ts
[error]     at Module._resolveFilename (node:internal/modules/cjs/loader:1476:15)
[error]     at wrapResolveFilename (node:internal/modules/cjs/loader:1049:27)
[error]     at resolveForCJSWithHooks (node:internal/modules/cjs/loader:1094:12)
[error]     at require.resolve (node:internal/modules/helpers:171:31)
[error]     at _resolve (/Users/zackjackson/Documents/Codex/2026-10-02/task-4/stack5137/node_modules/.pnpm/jiti@1.21.7/node_modules/jiti/dist/jiti.js:1:246378)
[error]     at jiti (/Users/zackjackson/Documents/Codex/2026-10-02/task-4/stack5137/node_modules/.pnpm/jiti@1.21.7/node_modules/jiti/dist/jiti.js:1:249092)
[error]     at /Users/zackjackson/Documents/Codex/2026-10-02/task-4/stack5137/apps/next-app-router/next-app-router-4001/tailwind.config.ts:89:13
[error]     at evalModule (/Users/zackjackson/Documents/Codex/2026-10-02/task-4/stack5137/node_modules/.pnpm/jiti@1.21.7/node_modules/jiti/dist/jiti.js:1:251913)
[error]     at jiti (/Users/zackjackson/Documents/Codex/2026-10-02/task-4/stack5137/node_modules/.pnpm/jiti@1.21.7/node_modules/jiti/dist/jiti.js:1:249841)
[error]     at /Users/zackjackson/Documents/Codex/2026-10-02/task-4/stack5137/node_modules/.pnpm/tailwindcss@3.4.13_ts-node@10.9.1_@swc+core@1.7.26_@swc+helpers@0.5.13__@types+node@20.19.5_typescript@6.0.3_/node_modules/tailwindcss/lib/lib/load-config.js:51:30
[error] apps/next-app-router/next-app-router-4001/app/streaming/_components/reviews.tsx: Error: Cannot find module '@tailwindcss/typography'
[error] Require stack:
[error] - /Users/zackjackson/Documents/Codex/2026-10-02/task-4/stack5137/apps/next-app-router/next-app-router-4001/tailwind.config.ts
[error]     at Module._resolveFilename (node:internal/modules/cjs/loader:1476:15)
[error]     at wrapResolveFilename (node:internal/modules/cjs/loader:1049:27)
[error]     at resolveForCJSWithHooks (node:internal/modules/cjs/loader:1094:12)
[error]     at require.resolve (node:internal/modules/helpers:171:31)
[error]     at _resolve (/Users/zackjackson/Documents/Codex/2026-10-02/task-4/stack5137/node_modules/.pnpm/jiti@1.21.7/node_modules/jiti/dist/jiti.js:1:246378)
[error]     at jiti (/Users/zackjackson/Documents/Codex/2026-10-02/task-4/stack5137/node_modules/.pnpm/jiti@1.21.7/node_modules/jiti/dist/jiti.js:1:249092)
[error]     at /Users/zackjackson/Documents/Codex/2026-10-02/task-4/stack5137/apps/next-app-router/next-app-router-4001/tailwind.config.ts:89:13
[error]     at evalModule (/Users/zackjackson/Documents/Codex/2026-10-02/task-4/stack5137/node_modules/.pnpm/jiti@1.21.7/node_modules/jiti/dist/jiti.js:1:251913)
[error]     at jiti (/Users/zackjackson/Documents/Codex/2026-10-02/task-4/stack5137/node_modules/.pnpm/jiti@1.21.7/node_modules/jiti/dist/jiti.js:1:249841)
[error]     at /Users/zackjackson/Documents/Codex/2026-10-02/task-4/stack5137/node_modules/.pnpm/tailwindcss@3.4.13_ts-node@10.9.1_@swc+core@1.7.26_@swc+helpers@0.5.13__@types+node@20.19.5_typescript@6.0.3_/node_modules/tailwindcss/lib/lib/load-config.js:51:30
[error] apps/next-app-router/next-app-router-4001/app/streaming/_components/single-product.tsx: Error: Cannot find module '@tailwindcss/typography'
[error] Require stack:
[error] - /Users/zackjackson/Documents/Codex/2026-10-02/task-4/stack5137/apps/next-app-router/next-app-router-4001/tailwind.config.ts
[error]     at Module._resolveFilename (node:internal/modules/cjs/loader:1476:15)
[error]     at wrapResolveFilename (node:internal/modules/cjs/loader:1049:27)
[error]     at resolveForCJSWithHooks (node:internal/modules/cjs/loader:1094:12)
[error]     at require.resolve (node:internal/modules/helpers:171:31)
[error]     at _resolve (/Users/zackjackson/Documents/Codex/2026-10-02/task-4/stack5137/node_modules/.pnpm/jiti@1.21.7/node_modules/jiti/dist/jiti.js:1:246378)
[error]     at jiti (/Users/zackjackson/Documents/Codex/2026-10-02/task-4/stack5137/node_modules/.pnpm/jiti@1.21.7/node_modules/jiti/dist/jiti.js:1:249092)
[error]     at /Users/zackjackson/Documents/Codex/2026-10-02/task-4/stack5137/apps/next-app-router/next-app-router-4001/tailwind.config.ts:89:13
[error]     at evalModule (/Users/zackjackson/Documents/Codex/2026-10-02/task-4/stack5137/node_modules/.pnpm/jiti@1.21.7/node_modules/jiti/dist/jiti.js:1:251913)
[error]     at jiti (/Users/zackjackson/Documents/Codex/2026-10-02/task-4/stack5137/node_modules/.pnpm/jiti@1.21.7/node_modules/jiti/dist/jiti.js:1:249841)
[error]     at /Users/zackjackson/Documents/Codex/2026-10-02/task-4/stack5137/node_modules/.pnpm/tailwindcss@3.4.13_ts-node@10.9.1_@swc+core@1.7.26_@swc+helpers@0.5.13__@types+node@20.19.5_typescript@6.0.3_/node_modules/tailwindcss/lib/lib/load-config.js:51:30
[error] apps/next-app-router/next-app-router-4001/app/streaming/edge/layout.tsx: Error: Cannot find module '@tailwindcss/typography'
[error] Require stack:
[error] - /Users/zackjackson/Documents/Codex/2026-10-02/task-4/stack5137/apps/next-app-router/next-app-router-4001/tailwind.config.ts
[error]     at Module._resolveFilename (node:internal/modules/cjs/loader:1476:15)
[error]     at wrapResolveFilename (node:internal/modules/cjs/loader:1049:27)
[error]     at resolveForCJSWithHooks (node:internal/modules/cjs/loader:1094:12)
[error]     at require.resolve (node:internal/modules/helpers:171:31)
[error]     at _resolve (/Users/zackjackson/Documents/Codex/2026-10-02/task-4/stack5137/node_modules/.pnpm/jiti@1.21.7/node_modules/jiti/dist/jiti.js:1:246378)
[error]     at jiti (/Users/zackjackson/Documents/Codex/2026-10-02/task-4/stack5137/node_modules/.pnpm/jiti@1.21.7/node_modules/jiti/dist/jiti.js:1:249092)
[error]     at /Users/zackjackson/Documents/Codex/2026-10-02/task-4/stack5137/apps/next-app-router/next-app-router-4001/tailwind.config.ts:89:13
[error]     at evalModule (/Users/zackjackson/Documents/Codex/2026-10-02/task-4/stack5137/node_modules/.pnpm/jiti@1.21.7/node_modules/jiti/dist/jiti.js:1:251913)
[error]     at jiti (/Users/zackjackson/Documents/Codex/2026-10-02/task-4/stack5137/node_modules/.pnpm/jiti@1.21.7/node_modules/jiti/dist/jiti.js:1:249841)
[error]     at /Users/zackjackson/Documents/Codex/2026-10-02/task-4/stack5137/node_modules/.pnpm/tailwindcss@3.4.13_ts-node@10.9.1_@swc+core@1.7.26_@swc+helpers@0.5.13__@types+node@20.19.5_typescript@6.0.3_/node_modules/tailwindcss/lib/lib/load-config.js:51:30
[error] apps/next-app-router/next-app-router-4001/app/streaming/edge/product/[id]/page.tsx: Error: Cannot find module '@tailwindcss/typography'
[error] Require stack:
[error] - /Users/zackjackson/Documents/Codex/2026-10-02/task-4/stack5137/apps/next-app-router/next-app-router-4001/tailwind.config.ts
[error]     at Module._resolveFilename (node:internal/modules/cjs/loader:1476:15)
[error]     at wrapResolveFilename (node:internal/modules/cjs/loader:1049:27)
[error]     at resolveForCJSWithHooks (node:internal/modules/cjs/loader:1094:12)
[error]     at require.resolve (node:internal/modules/helpers:171:31)
[error]     at _resolve (/Users/zackjackson/Documents/Codex/2026-10-02/task-4/stack5137/node_modules/.pnpm/jiti@1.21.7/node_modules/jiti/dist/jiti.js:1:246378)
[error]     at jiti (/Users/zackjackson/Documents/Codex/2026-10-02/task-4/stack5137/node_modules/.pnpm/jiti@1.21.7/node_modules/jiti/dist/jiti.js:1:249092)
[error]     at /Users/zackjackson/Documents/Codex/2026-10-02/task-4/stack5137/apps/next-app-router/next-app-router-4001/tailwind.config.ts:89:13
[error]     at evalModule (/Users/zackjackson/Documents/Codex/2026-10-02/task-4/stack5137/node_modules/.pnpm/jiti@1.21.7/node_modules/jiti/dist/jiti.js:1:251913)
[error]     at jiti (/Users/zackjackson/Documents/Codex/2026-10-02/task-4/stack5137/node_modules/.pnpm/jiti@1.21.7/node_modules/jiti/dist/jiti.js:1:249841)
[error]     at /Users/zackjackson/Documents/Codex/2026-10-02/task-4/stack5137/node_modules/.pnpm/tailwindcss@3.4.13_ts-node@10.9.1_@swc+core@1.7.26_@swc+helpers@0.5.13__@types+node@20.19.5_typescript@6.0.3_/node_modules/tailwindcss/lib/lib/load-config.js:51:30
[error] apps/next-app-router/next-app-router-4001/app/streaming/layout.tsx: Error: Cannot find module '@tailwindcss/typography'
[error] Require stack:
[error] - /Users/zackjackson/Documents/Codex/2026-10-02/task-4/stack5137/apps/next-app-router/next-app-router-4001/tailwind.config.ts
[error]     at Module._resolveFilename (node:internal/modules/cjs/loader:1476:15)
[error]     at wrapResolveFilename (node:internal/modules/cjs/loader:1049:27)
[error]     at resolveForCJSWithHooks (node:internal/modules/cjs/loader:1094:12)
[error]     at require.resolve (node:internal/modules/helpers:171:31)
[error]     at _resolve (/Users/zackjackson/Documents/Codex/2026-10-02/task-4/stack5137/node_modules/.pnpm/jiti@1.21.7/node_modules/jiti/dist/jiti.js:1:246378)
[error]     at jiti (/Users/zackjackson/Documents/Codex/2026-10-02/task-4/stack5137/node_modules/.pnpm/jiti@1.21.7/node_modules/jiti/dist/jiti.js:1:249092)
[error]     at /Users/zackjackson/Documents/Codex/2026-10-02/task-4/stack5137/apps/next-app-router/next-app-router-4001/tailwind.config.ts:89:13
[error]     at evalModule (/Users/zackjackson/Documents/Codex/2026-10-02/task-4/stack5137/node_modules/.pnpm/jiti@1.21.7/node_modules/jiti/dist/jiti.js:1:251913)
[error]     at jiti (/Users/zackjackson/Documents/Codex/2026-10-02/task-4/stack5137/node_modules/.pnpm/jiti@1.21.7/node_modules/jiti/dist/jiti.js:1:249841)
[error]     at /Users/zackjackson/Documents/Codex/2026-10-02/task-4/stack5137/node_modules/.pnpm/tailwindcss@3.4.13_ts-node@10.9.1_@swc+core@1.7.26_@swc+helpers@0.5.13__@types+node@20.19.5_typescript@6.0.3_/node_modules/tailwindcss/lib/lib/load-config.js:51:30
[error] apps/next-app-router/next-app-router-4001/app/streaming/node/layout.tsx: Error: Cannot find module '@tailwindcss/typography'
[error] Require stack:
[error] - /Users/zackjackson/Documents/Codex/2026-10-02/task-4/stack5137/apps/next-app-router/next-app-router-4001/tailwind.config.ts
[error]     at Module._resolveFilename (node:internal/modules/cjs/loader:1476:15)
[error]     at wrapResolveFilename (node:internal/modules/cjs/loader:1049:27)
[error]     at resolveForCJSWithHooks (node:internal/modules/cjs/loader:1094:12)
[error]     at require.resolve (node:internal/modules/helpers:171:31)
[error]     at _resolve (/Users/zackjackson/Documents/Codex/2026-10-02/task-4/stack5137/node_modules/.pnpm/jiti@1.21.7/node_modules/jiti/dist/jiti.js:1:246378)
[error]     at jiti (/Users/zackjackson/Documents/Codex/2026-10-02/task-4/stack5137/node_modules/.pnpm/jiti@1.21.7/node_modules/jiti/dist/jiti.js:1:249092)
[error]     at /Users/zackjackson/Documents/Codex/2026-10-02/task-4/stack5137/apps/next-app-router/next-app-router-4001/tailwind.config.ts:89:13
[error]     at evalModule (/Users/zackjackson/Documents/Codex/2026-10-02/task-4/stack5137/node_modules/.pnpm/jiti@1.21.7/node_modules/jiti/dist/jiti.js:1:251913)
[error]     at jiti (/Users/zackjackson/Documents/Codex/2026-10-02/task-4/stack5137/node_modules/.pnpm/jiti@1.21.7/node_modules/jiti/dist/jiti.js:1:249841)
[error]     at /Users/zackjackson/Documents/Codex/2026-10-02/task-4/stack5137/node_modules/.pnpm/tailwindcss@3.4.13_ts-node@10.9.1_@swc+core@1.7.26_@swc+helpers@0.5.13__@types+node@20.19.5_typescript@6.0.3_/node_modules/tailwindcss/lib/lib/load-config.js:51:30
[error] apps/next-app-router/next-app-router-4001/app/streaming/node/product/[id]/page.tsx: Error: Cannot find module '@tailwindcss/typography'
[error] Require stack:
[error] - /Users/zackjackson/Documents/Codex/2026-10-02/task-4/stack5137/apps/next-app-router/next-app-router-4001/tailwind.config.ts
[error]     at Module._resolveFilename (node:internal/modules/cjs/loader:1476:15)
[error]     at wrapResolveFilename (node:internal/modules/cjs/loader:1049:27)
[error]     at resolveForCJSWithHooks (node:internal/modules/cjs/loader:1094:12)
[error]     at require.resolve (node:internal/modules/helpers:171:31)
[error]     at _resolve (/Users/zackjackson/Documents/Codex/2026-10-02/task-4/stack5137/node_modules/.pnpm/jiti@1.21.7/node_modules/jiti/dist/jiti.js:1:246378)
[error]     at jiti (/Users/zackjackson/Documents/Codex/2026-10-02/task-4/stack5137/node_modules/.pnpm/jiti@1.21.7/node_modules/jiti/dist/jiti.js:1:249092)
[error]     at /Users/zackjackson/Documents/Codex/2026-10-02/task-4/stack5137/apps/next-app-router/next-app-router-4001/tailwind.config.ts:89:13
[error]     at evalModule (/Users/zackjackson/Documents/Codex/2026-10-02/task-4/stack5137/node_modules/.pnpm/jiti@1.21.7/node_modules/jiti/dist/jiti.js:1:251913)
[error]     at jiti (/Users/zackjackson/Documents/Codex/2026-10-02/task-4/stack5137/node_modules/.pnpm/jiti@1.21.7/node_modules/jiti/dist/jiti.js:1:249841)
[error]     at /Users/zackjackson/Documents/Codex/2026-10-02/task-4/stack5137/node_modules/.pnpm/tailwindcss@3.4.13_ts-node@10.9.1_@swc+core@1.7.26_@swc+helpers@0.5.13__@types+node@20.19.5_typescript@6.0.3_/node_modules/tailwindcss/lib/lib/load-config.js:51:30
[error] apps/next-app-router/next-app-router-4001/app/streaming/page.tsx: Error: Cannot find module '@tailwindcss/typography'
[error] Require stack:
[error] - /Users/zackjackson/Documents/Codex/2026-10-02/task-4/stack5137/apps/next-app-router/next-app-router-4001/tailwind.config.ts
[error]     at Module._resolveFilename (node:internal/modules/cjs/loader:1476:15)
[error]     at wrapResolveFilename (node:internal/modules/cjs/loader:1049:27)
[error]     at resolveForCJSWithHooks (node:internal/modules/cjs/loader:1094:12)
[error]     at require.resolve (node:internal/modules/helpers:171:31)
[error]     at _resolve (/Users/zackjackson/Documents/Codex/2026-10-02/task-4/stack5137/node_modules/.pnpm/jiti@1.21.7/node_modules/jiti/dist/jiti.js:1:246378)
[error]     at jiti (/Users/zackjackson/Documents/Codex/2026-10-02/task-4/stack5137/node_modules/.pnpm/jiti@1.21.7/node_modules/jiti/dist/jiti.js:1:249092)
[error]     at /Users/zackjackson/Documents/Codex/2026-10-02/task-4/stack5137/apps/next-app-router/next-app-router-4001/tailwind.config.ts:89:13
[error]     at evalModule (/Users/zackjackson/Documents/Codex/2026-10-02/task-4/stack5137/node_modules/.pnpm/jiti@1.21.7/node_modules/jiti/dist/jiti.js:1:251913)
[error]     at jiti (/Users/zackjackson/Documents/Codex/2026-10-02/task-4/stack5137/node_modules/.pnpm/jiti@1.21.7/node_modules/jiti/dist/jiti.js:1:249841)
[error]     at /Users/zackjackson/Documents/Codex/2026-10-02/task-4/stack5137/node_modules/.pnpm/tailwindcss@3.4.13_ts-node@10.9.1_@swc+core@1.7.26_@swc+helpers@0.5.13__@types+node@20.19.5_typescript@6.0.3_/node_modules/tailwindcss/lib/lib/load-config.js:51:30
[error] apps/next-app-router/next-app-router-4001/app/styling/css-modules/page.tsx: Error: Cannot find module '@tailwindcss/typography'
[error] Require stack:
[error] - /Users/zackjackson/Documents/Codex/2026-10-02/task-4/stack5137/apps/next-app-router/next-app-router-4001/tailwind.config.ts
[error]     at Module._resolveFilename (node:internal/modules/cjs/loader:1476:15)
[error]     at wrapResolveFilename (node:internal/modules/cjs/loader:1049:27)
[error]     at resolveForCJSWithHooks (node:internal/modules/cjs/loader:1094:12)
[error]     at require.resolve (node:internal/modules/helpers:171:31)
[error]     at _resolve (/Users/zackjackson/Documents/Codex/2026-10-02/task-4/stack5137/node_modules/.pnpm/jiti@1.21.7/node_modules/jiti/dist/jiti.js:1:246378)
[error]     at jiti (/Users/zackjackson/Documents/Codex/2026-10-02/task-4/stack5137/node_modules/.pnpm/jiti@1.21.7/node_modules/jiti/dist/jiti.js:1:249092)
[error]     at /Users/zackjackson/Documents/Codex/2026-10-02/task-4/stack5137/apps/next-app-router/next-app-router-4001/tailwind.config.ts:89:13
[error]     at evalModule (/Users/zackjackson/Documents/Codex/2026-10-02/task-4/stack5137/node_modules/.pnpm/jiti@1.21.7/node_modules/jiti/dist/jiti.js:1:251913)
[error]     at jiti (/Users/zackjackson/Documents/Codex/2026-10-02/task-4/stack5137/node_modules/.pnpm/jiti@1.21.7/node_modules/jiti/dist/jiti.js:1:249841)
[error]     at /Users/zackjackson/Documents/Codex/2026-10-02/task-4/stack5137/node_modules/.pnpm/tailwindcss@3.4.13_ts-node@10.9.1_@swc+core@1.7.26_@swc+helpers@0.5.13__@types+node@20.19.5_typescript@6.0.3_/node_modules/tailwindcss/lib/lib/load-config.js:51:30
[error] apps/next-app-router/next-app-router-4001/app/styling/css-modules/styles.module.css: Error: Cannot find module '@tailwindcss/typography'
[error] Require stack:
[error] - /Users/zackjackson/Documents/Codex/2026-10-02/task-4/stack5137/apps/next-app-router/next-app-router-4001/tailwind.config.ts
[error]     at Module._resolveFilename (node:internal/modules/cjs/loader:1476:15)
[error]     at wrapResolveFilename (node:internal/modules/cjs/loader:1049:27)
[error]     at resolveForCJSWithHooks (node:internal/modules/cjs/loader:1094:12)
[error]     at require.resolve (node:internal/modules/helpers:171:31)
[error]     at _resolve (/Users/zackjackson/Documents/Codex/2026-10-02/task-4/stack5137/node_modules/.pnpm/jiti@1.21.7/node_modules/jiti/dist/jiti.js:1:246378)
[error]     at jiti (/Users/zackjackson/Documents/Codex/2026-10-02/task-4/stack5137/node_modules/.pnpm/jiti@1.21.7/node_modules/jiti/dist/jiti.js:1:249092)
[error]     at /Users/zackjackson/Documents/Codex/2026-10-02/task-4/stack5137/apps/next-app-router/next-app-router-4001/tailwind.config.ts:89:13
[error]     at evalModule (/Users/zackjackson/Documents/Codex/2026-10-02/task-4/stack5137/node_modules/.pnpm/jiti@1.21.7/node_modules/jiti/dist/jiti.js:1:251913)
[error]     at jiti (/Users/zackjackson/Documents/Codex/2026-10-02/task-4/stack5137/node_modules/.pnpm/jiti@1.21.7/node_modules/jiti/dist/jiti.js:1:249841)
[error]     at /Users/zackjackson/Documents/Codex/2026-10-02/task-4/stack5137/node_modules/.pnpm/tailwindcss@3.4.13_ts-node@10.9.1_@swc+core@1.7.26_@swc+helpers@0.5.13__@types+node@20.19.5_typescript@6.0.3_/node_modules/tailwindcss/lib/lib/load-config.js:51:30
[error] apps/next-app-router/next-app-router-4001/app/styling/global-css/page.tsx: Error: Cannot find module '@tailwindcss/typography'
[error] Require stack:
[error] - /Users/zackjackson/Documents/Codex/2026-10-02/task-4/stack5137/apps/next-app-router/next-app-router-4001/tailwind.config.ts
[error]     at Module._resolveFilename (node:internal/modules/cjs/loader:1476:15)
[error]     at wrapResolveFilename (node:internal/modules/cjs/loader:1049:27)
[error]     at resolveForCJSWithHooks (node:internal/modules/cjs/loader:1094:12)
[error]     at require.resolve (node:internal/modules/helpers:171:31)
[error]     at _resolve (/Users/zackjackson/Documents/Codex/2026-10-02/task-4/stack5137/node_modules/.pnpm/jiti@1.21.7/node_modules/jiti/dist/jiti.js:1:246378)
[error]     at jiti (/Users/zackjackson/Documents/Codex/2026-10-02/task-4/stack5137/node_modules/.pnpm/jiti@1.21.7/node_modules/jiti/dist/jiti.js:1:249092)
[error]     at /Users/zackjackson/Documents/Codex/2026-10-02/task-4/stack5137/apps/next-app-router/next-app-router-4001/tailwind.config.ts:89:13
[error]     at evalModule (/Users/zackjackson/Documents/Codex/2026-10-02/task-4/stack5137/node_modules/.pnpm/jiti@1.21.7/node_modules/jiti/dist/jiti.js:1:251913)
[error]     at jiti (/Users/zackjackson/Documents/Codex/2026-10-02/task-4/stack5137/node_modules/.pnpm/jiti@1.21.7/node_modules/jiti/dist/jiti.js:1:249841)
[error]     at /Users/zackjackson/Documents/Codex/2026-10-02/task-4/stack5137/node_modules/.pnpm/tailwindcss@3.4.13_ts-node@10.9.1_@swc+core@1.7.26_@swc+helpers@0.5.13__@types+node@20.19.5_typescript@6.0.3_/node_modules/tailwindcss/lib/lib/load-config.js:51:30
[error] apps/next-app-router/next-app-router-4001/app/styling/global-css/styles.css: Error: Cannot find module '@tailwindcss/typography'
[error] Require stack:
[error] - /Users/zackjackson/Documents/Codex/2026-10-02/task-4/stack5137/apps/next-app-router/next-app-router-4001/tailwind.config.ts
[error]     at Module._resolveFilename (node:internal/modules/cjs/loader:1476:15)
[error]     at wrapResolveFilename (node:internal/modules/cjs/loader:1049:27)
[error]     at resolveForCJSWithHooks (node:internal/modules/cjs/loader:1094:12)
[error]     at require.resolve (node:internal/modules/helpers:171:31)
[error]     at _resolve (/Users/zackjackson/Documents/Codex/2026-10-02/task-4/stack5137/node_modules/.pnpm/jiti@1.21.7/node_modules/jiti/dist/jiti.js:1:246378)
[error]     at jiti (/Users/zackjackson/Documents/Codex/2026-10-02/task-4/stack5137/node_modules/.pnpm/jiti@1.21.7/node_modules/jiti/dist/jiti.js:1:249092)
[error]     at /Users/zackjackson/Documents/Codex/2026-10-02/task-4/stack5137/apps/next-app-router/next-app-router-4001/tailwind.config.ts:89:13
[error]     at evalModule (/Users/zackjackson/Documents/Codex/2026-10-02/task-4/stack5137/node_modules/.pnpm/jiti@1.21.7/node_modules/jiti/dist/jiti.js:1:251913)
[error]     at jiti (/Users/zackjackson/Documents/Codex/2026-10-02/task-4/stack5137/node_modules/.pnpm/jiti@1.21.7/node_modules/jiti/dist/jiti.js:1:249841)
[error]     at /Users/zackjackson/Documents/Codex/2026-10-02/task-4/stack5137/node_modules/.pnpm/tailwindcss@3.4.13_ts-node@10.9.1_@swc+core@1.7.26_@swc+helpers@0.5.13__@types+node@20.19.5_typescript@6.0.3_/node_modules/tailwindcss/lib/lib/load-config.js:51:30
[error] apps/next-app-router/next-app-router-4001/app/styling/layout.tsx: Error: Cannot find module '@tailwindcss/typography'
[error] Require stack:
[error] - /Users/zackjackson/Documents/Codex/2026-10-02/task-4/stack5137/apps/next-app-router/next-app-router-4001/tailwind.config.ts
[error]     at Module._resolveFilename (node:internal/modules/cjs/loader:1476:15)
[error]     at wrapResolveFilename (node:internal/modules/cjs/loader:1049:27)
[error]     at resolveForCJSWithHooks (node:internal/modules/cjs/loader:1094:12)
[error]     at require.resolve (node:internal/modules/helpers:171:31)
[error]     at _resolve (/Users/zackjackson/Documents/Codex/2026-10-02/task-4/stack5137/node_modules/.pnpm/jiti@1.21.7/node_modules/jiti/dist/jiti.js:1:246378)
[error]     at jiti (/Users/zackjackson/Documents/Codex/2026-10-02/task-4/stack5137/node_modules/.pnpm/jiti@1.21.7/node_modules/jiti/dist/jiti.js:1:249092)
[error]     at /Users/zackjackson/Documents/Codex/2026-10-02/task-4/stack5137/apps/next-app-router/next-app-router-4001/tailwind.config.ts:89:13
[error]     at evalModule (/Users/zackjackson/Documents/Codex/2026-10-02/task-4/stack5137/node_modules/.pnpm/jiti@1.21.7/node_modules/jiti/dist/jiti.js:1:251913)
[error]     at jiti (/Users/zackjackson/Documents/Codex/2026-10-02/task-4/stack5137/node_modules/.pnpm/jiti@1.21.7/node_modules/jiti/dist/jiti.js:1:249841)
[error]     at /Users/zackjackson/Documents/Codex/2026-10-02/task-4/stack5137/node_modules/.pnpm/tailwindcss@3.4.13_ts-node@10.9.1_@swc+core@1.7.26_@swc+helpers@0.5.13__@types+node@20.19.5_typescript@6.0.3_/node_modules/tailwindcss/lib/lib/load-config.js:51:30
[error] apps/next-app-router/next-app-router-4001/app/styling/page.tsx: Error: Cannot find module '@tailwindcss/typography'
[error] Require stack:
[error] - /Users/zackjackson/Documents/Codex/2026-10-02/task-4/stack5137/apps/next-app-router/next-app-router-4001/tailwind.config.ts
[error]     at Module._resolveFilename (node:internal/modules/cjs/loader:1476:15)
[error]     at wrapResolveFilename (node:internal/modules/cjs/loader:1049:27)
[error]     at resolveForCJSWithHooks (node:internal/modules/cjs/loader:1094:12)
[error]     at require.resolve (node:internal/modules/helpers:171:31)
[error]     at _resolve (/Users/zackjackson/Documents/Codex/2026-10-02/task-4/stack5137/node_modules/.pnpm/jiti@1.21.7/node_modules/jiti/dist/jiti.js:1:246378)
[error]     at jiti (/Users/zackjackson/Documents/Codex/2026-10-02/task-4/stack5137/node_modules/.pnpm/jiti@1.21.7/node_modules/jiti/dist/jiti.js:1:249092)
[error]     at /Users/zackjackson/Documents/Codex/2026-10-02/task-4/stack5137/apps/next-app-router/next-app-router-4001/tailwind.config.ts:89:13
[error]     at evalModule (/Users/zackjackson/Documents/Codex/2026-10-02/task-4/stack5137/node_modules/.pnpm/jiti@1.21.7/node_modules/jiti/dist/jiti.js:1:251913)
[error]     at jiti (/Users/zackjackson/Documents/Codex/2026-10-02/task-4/stack5137/node_modules/.pnpm/jiti@1.21.7/node_modules/jiti/dist/jiti.js:1:249841)
[error]     at /Users/zackjackson/Documents/Codex/2026-10-02/task-4/stack5137/node_modules/.pnpm/tailwindcss@3.4.13_ts-node@10.9.1_@swc+core@1.7.26_@swc+helpers@0.5.13__@types+node@20.19.5_typescript@6.0.3_/node_modules/tailwindcss/lib/lib/load-config.js:51:30
[error] apps/next-app-router/next-app-router-4001/app/styling/styled-components/layout.tsx: Error: Cannot find module '@tailwindcss/typography'
[error] Require stack:
[error] - /Users/zackjackson/Documents/Codex/2026-10-02/task-4/stack5137/apps/next-app-router/next-app-router-4001/tailwind.config.ts
[error]     at Module._resolveFilename (node:internal/modules/cjs/loader:1476:15)
[error]     at wrapResolveFilename (node:internal/modules/cjs/loader:1049:27)
[error]     at resolveForCJSWithHooks (node:internal/modules/cjs/loader:1094:12)
[error]     at require.resolve (node:internal/modules/helpers:171:31)
[error]     at _resolve (/Users/zackjackson/Documents/Codex/2026-10-02/task-4/stack5137/node_modules/.pnpm/jiti@1.21.7/node_modules/jiti/dist/jiti.js:1:246378)
[error]     at jiti (/Users/zackjackson/Documents/Codex/2026-10-02/task-4/stack5137/node_modules/.pnpm/jiti@1.21.7/node_modules/jiti/dist/jiti.js:1:249092)
[error]     at /Users/zackjackson/Documents/Codex/2026-10-02/task-4/stack5137/apps/next-app-router/next-app-router-4001/tailwind.config.ts:89:13
[error]     at evalModule (/Users/zackjackson/Documents/Codex/2026-10-02/task-4/stack5137/node_modules/.pnpm/jiti@1.21.7/node_modules/jiti/dist/jiti.js:1:251913)
[error]     at jiti (/Users/zackjackson/Documents/Codex/2026-10-02/task-4/stack5137/node_modules/.pnpm/jiti@1.21.7/node_modules/jiti/dist/jiti.js:1:249841)
[error]     at /Users/zackjackson/Documents/Codex/2026-10-02/task-4/stack5137/node_modules/.pnpm/tailwindcss@3.4.13_ts-node@10.9.1_@swc+core@1.7.26_@swc+helpers@0.5.13__@types+node@20.19.5_typescript@6.0.3_/node_modules/tailwindcss/lib/lib/load-config.js:51:30
[error] apps/next-app-router/next-app-router-4001/app/styling/styled-components/page.tsx: Error: Cannot find module '@tailwindcss/typography'
[error] Require stack:
[error] - /Users/zackjackson/Documents/Codex/2026-10-02/task-4/stack5137/apps/next-app-router/next-app-router-4001/tailwind.config.ts
[error]     at Module._resolveFilename (node:internal/modules/cjs/loader:1476:15)
[error]     at wrapResolveFilename (node:internal/modules/cjs/loader:1049:27)
[error]     at resolveForCJSWithHooks (node:internal/modules/cjs/loader:1094:12)
[error]     at require.resolve (node:internal/modules/helpers:171:31)
[error]     at _resolve (/Users/zackjackson/Documents/Codex/2026-10-02/task-4/stack5137/node_modules/.pnpm/jiti@1.21.7/node_modules/jiti/dist/jiti.js:1:246378)
[error]     at jiti (/Users/zackjackson/Documents/Codex/2026-10-02/task-4/stack5137/node_modules/.pnpm/jiti@1.21.7/node_modules/jiti/dist/jiti.js:1:249092)
[error]     at /Users/zackjackson/Documents/Codex/2026-10-02/task-4/stack5137/apps/next-app-router/next-app-router-4001/tailwind.config.ts:89:13
[error]     at evalModule (/Users/zackjackson/Documents/Codex/2026-10-02/task-4/stack5137/node_modules/.pnpm/jiti@1.21.7/node_modules/jiti/dist/jiti.js:1:251913)
[error]     at jiti (/Users/zackjackson/Documents/Codex/2026-10-02/task-4/stack5137/node_modules/.pnpm/jiti@1.21.7/node_modules/jiti/dist/jiti.js:1:249841)
[error]     at /Users/zackjackson/Documents/Codex/2026-10-02/task-4/stack5137/node_modules/.pnpm/tailwindcss@3.4.13_ts-node@10.9.1_@swc+core@1.7.26_@swc+helpers@0.5.13__@types+node@20.19.5_typescript@6.0.3_/node_modules/tailwindcss/lib/lib/load-config.js:51:30
[error] apps/next-app-router/next-app-router-4001/app/styling/styled-components/registry.tsx: Error: Cannot find module '@tailwindcss/typography'
[error] Require stack:
[error] - /Users/zackjackson/Documents/Codex/2026-10-02/task-4/stack5137/apps/next-app-router/next-app-router-4001/tailwind.config.ts
[error]     at Module._resolveFilename (node:internal/modules/cjs/loader:1476:15)
[error]     at wrapResolveFilename (node:internal/modules/cjs/loader:1049:27)
[error]     at resolveForCJSWithHooks (node:internal/modules/cjs/loader:1094:12)
[error]     at require.resolve (node:internal/modules/helpers:171:31)
[error]     at _resolve (/Users/zackjackson/Documents/Codex/2026-10-02/task-4/stack5137/node_modules/.pnpm/jiti@1.21.7/node_modules/jiti/dist/jiti.js:1:246378)
[error]     at jiti (/Users/zackjackson/Documents/Codex/2026-10-02/task-4/stack5137/node_modules/.pnpm/jiti@1.21.7/node_modules/jiti/dist/jiti.js:1:249092)
[error]     at /Users/zackjackson/Documents/Codex/2026-10-02/task-4/stack5137/apps/next-app-router/next-app-router-4001/tailwind.config.ts:89:13
[error]     at evalModule (/Users/zackjackson/Documents/Codex/2026-10-02/task-4/stack5137/node_modules/.pnpm/jiti@1.21.7/node_modules/jiti/dist/jiti.js:1:251913)
[error]     at jiti (/Users/zackjackson/Documents/Codex/2026-10-02/task-4/stack5137/node_modules/.pnpm/jiti@1.21.7/node_modules/jiti/dist/jiti.js:1:249841)
[error]     at /Users/zackjackson/Documents/Codex/2026-10-02/task-4/stack5137/node_modules/.pnpm/tailwindcss@3.4.13_ts-node@10.9.1_@swc+core@1.7.26_@swc+helpers@0.5.13__@types+node@20.19.5_typescript@6.0.3_/node_modules/tailwindcss/lib/lib/load-config.js:51:30
[error] apps/next-app-router/next-app-router-4001/app/styling/styled-jsx/layout.tsx: Error: Cannot find module '@tailwindcss/typography'
[error] Require stack:
[error] - /Users/zackjackson/Documents/Codex/2026-10-02/task-4/stack5137/apps/next-app-router/next-app-router-4001/tailwind.config.ts
[error]     at Module._resolveFilename (node:internal/modules/cjs/loader:1476:15)
[error]     at wrapResolveFilename (node:internal/modules/cjs/loader:1049:27)
[error]     at resolveForCJSWithHooks (node:internal/modules/cjs/loader:1094:12)
[error]     at require.resolve (node:internal/modules/helpers:171:31)
[error]     at _resolve (/Users/zackjackson/Documents/Codex/2026-10-02/task-4/stack5137/node_modules/.pnpm/jiti@1.21.7/node_modules/jiti/dist/jiti.js:1:246378)
[error]     at jiti (/Users/zackjackson/Documents/Codex/2026-10-02/task-4/stack5137/node_modules/.pnpm/jiti@1.21.7/node_modules/jiti/dist/jiti.js:1:249092)
[error]     at /Users/zackjackson/Documents/Codex/2026-10-02/task-4/stack5137/apps/next-app-router/next-app-router-4001/tailwind.config.ts:89:13
[error]     at evalModule (/Users/zackjackson/Documents/Codex/2026-10-02/task-4/stack5137/node_modules/.pnpm/jiti@1.21.7/node_modules/jiti/dist/jiti.js:1:251913)
[error]     at jiti (/Users/zackjackson/Documents/Codex/2026-10-02/task-4/stack5137/node_modules/.pnpm/jiti@1.21.7/node_modules/jiti/dist/jiti.js:1:249841)
[error]     at /Users/zackjackson/Documents/Codex/2026-10-02/task-4/stack5137/node_modules/.pnpm/tailwindcss@3.4.13_ts-node@10.9.1_@swc+core@1.7.26_@swc+helpers@0.5.13__@types+node@20.19.5_typescript@6.0.3_/node_modules/tailwindcss/lib/lib/load-config.js:51:30
[error] apps/next-app-router/next-app-router-4001/app/styling/styled-jsx/page.tsx: Error: Cannot find module '@tailwindcss/typography'
[error] Require stack:
[error] - /Users/zackjackson/Documents/Codex/2026-10-02/task-4/stack5137/apps/next-app-router/next-app-router-4001/tailwind.config.ts
[error]     at Module._resolveFilename (node:internal/modules/cjs/loader:1476:15)
[error]     at wrapResolveFilename (node:internal/modules/cjs/loader:1049:27)
[error]     at resolveForCJSWithHooks (node:internal/modules/cjs/loader:1094:12)
[error]     at require.resolve (node:internal/modules/helpers:171:31)
[error]     at _resolve (/Users/zackjackson/Documents/Codex/2026-10-02/task-4/stack5137/node_modules/.pnpm/jiti@1.21.7/node_modules/jiti/dist/jiti.js:1:246378)
[error]     at jiti (/Users/zackjackson/Documents/Codex/2026-10-02/task-4/stack5137/node_modules/.pnpm/jiti@1.21.7/node_modules/jiti/dist/jiti.js:1:249092)
[error]     at /Users/zackjackson/Documents/Codex/2026-10-02/task-4/stack5137/apps/next-app-router/next-app-router-4001/tailwind.config.ts:89:13
[error]     at evalModule (/Users/zackjackson/Documents/Codex/2026-10-02/task-4/stack5137/node_modules/.pnpm/jiti@1.21.7/node_modules/jiti/dist/jiti.js:1:251913)
[error]     at jiti (/Users/zackjackson/Documents/Codex/2026-10-02/task-4/stack5137/node_modules/.pnpm/jiti@1.21.7/node_modules/jiti/dist/jiti.js:1:249841)
[error]     at /Users/zackjackson/Documents/Codex/2026-10-02/task-4/stack5137/node_modules/.pnpm/tailwindcss@3.4.13_ts-node@10.9.1_@swc+core@1.7.26_@swc+helpers@0.5.13__@types+node@20.19.5_typescript@6.0.3_/node_modules/tailwindcss/lib/lib/load-config.js:51:30
[error] apps/next-app-router/next-app-router-4001/app/styling/styled-jsx/registry.tsx: Error: Cannot find module '@tailwindcss/typography'
[error] Require stack:
[error] - /Users/zackjackson/Documents/Codex/2026-10-02/task-4/stack5137/apps/next-app-router/next-app-router-4001/tailwind.config.ts
[error]     at Module._resolveFilename (node:internal/modules/cjs/loader:1476:15)
[error]     at wrapResolveFilename (node:internal/modules/cjs/loader:1049:27)
[error]     at resolveForCJSWithHooks (node:internal/modules/cjs/loader:1094:12)
[error]     at require.resolve (node:internal/modules/helpers:171:31)
[error]     at _resolve (/Users/zackjackson/Documents/Codex/2026-10-02/task-4/stack5137/node_modules/.pnpm/jiti@1.21.7/node_modules/jiti/dist/jiti.js:1:246378)
[error]     at jiti (/Users/zackjackson/Documents/Codex/2026-10-02/task-4/stack5137/node_modules/.pnpm/jiti@1.21.7/node_modules/jiti/dist/jiti.js:1:249092)
[error]     at /Users/zackjackson/Documents/Codex/2026-10-02/task-4/stack5137/apps/next-app-router/next-app-router-4001/tailwind.config.ts:89:13
[error]     at evalModule (/Users/zackjackson/Documents/Codex/2026-10-02/task-4/stack5137/node_modules/.pnpm/jiti@1.21.7/node_modules/jiti/dist/jiti.js:1:251913)
[error]     at jiti (/Users/zackjackson/Documents/Codex/2026-10-02/task-4/stack5137/node_modules/.pnpm/jiti@1.21.7/node_modules/jiti/dist/jiti.js:1:249841)
[error]     at /Users/zackjackson/Documents/Codex/2026-10-02/task-4/stack5137/node_modules/.pnpm/tailwindcss@3.4.13_ts-node@10.9.1_@swc+core@1.7.26_@swc+helpers@0.5.13__@types+node@20.19.5_typescript@6.0.3_/node_modules/tailwindcss/lib/lib/load-config.js:51:30
[error] apps/next-app-router/next-app-router-4001/app/styling/tailwind/page.tsx: Error: Cannot find module '@tailwindcss/typography'
[error] Require stack:
[error] - /Users/zackjackson/Documents/Codex/2026-10-02/task-4/stack5137/apps/next-app-router/next-app-router-4001/tailwind.config.ts
[error]     at Module._resolveFilename (node:internal/modules/cjs/loader:1476:15)
[error]     at wrapResolveFilename (node:internal/modules/cjs/loader:1049:27)
[error]     at resolveForCJSWithHooks (node:internal/modules/cjs/loader:1094:12)
[error]     at require.resolve (node:internal/modules/helpers:171:31)
[error]     at _resolve (/Users/zackjackson/Documents/Codex/2026-10-02/task-4/stack5137/node_modules/.pnpm/jiti@1.21.7/node_modules/jiti/dist/jiti.js:1:246378)
[error]     at jiti (/Users/zackjackson/Documents/Codex/2026-10-02/task-4/stack5137/node_modules/.pnpm/jiti@1.21.7/node_modules/jiti/dist/jiti.js:1:249092)
[error]     at /Users/zackjackson/Documents/Codex/2026-10-02/task-4/stack5137/apps/next-app-router/next-app-router-4001/tailwind.config.ts:89:13
[error]     at evalModule (/Users/zackjackson/Documents/Codex/2026-10-02/task-4/stack5137/node_modules/.pnpm/jiti@1.21.7/node_modules/jiti/dist/jiti.js:1:251913)
[error]     at jiti (/Users/zackjackson/Documents/Codex/2026-10-02/task-4/stack5137/node_modules/.pnpm/jiti@1.21.7/node_modules/jiti/dist/jiti.js:1:249841)
[error]     at /Users/zackjackson/Documents/Codex/2026-10-02/task-4/stack5137/node_modules/.pnpm/tailwindcss@3.4.13_ts-node@10.9.1_@swc+core@1.7.26_@swc+helpers@0.5.13__@types+node@20.19.5_typescript@6.0.3_/node_modules/tailwindcss/lib/lib/load-config.js:51:30
[error] apps/next-app-router/next-app-router-4001/app/styling/template.tsx: Error: Cannot find module '@tailwindcss/typography'
[error] Require stack:
[error] - /Users/zackjackson/Documents/Codex/2026-10-02/task-4/stack5137/apps/next-app-router/next-app-router-4001/tailwind.config.ts
[error]     at Module._resolveFilename (node:internal/modules/cjs/loader:1476:15)
[error]     at wrapResolveFilename (node:internal/modules/cjs/loader:1049:27)
[error]     at resolveForCJSWithHooks (node:internal/modules/cjs/loader:1094:12)
[error]     at require.resolve (node:internal/modules/helpers:171:31)
[error]     at _resolve (/Users/zackjackson/Documents/Codex/2026-10-02/task-4/stack5137/node_modules/.pnpm/jiti@1.21.7/node_modules/jiti/dist/jiti.js:1:246378)
[error]     at jiti (/Users/zackjackson/Documents/Codex/2026-10-02/task-4/stack5137/node_modules/.pnpm/jiti@1.21.7/node_modules/jiti/dist/jiti.js:1:249092)
[error]     at /Users/zackjackson/Documents/Codex/2026-10-02/task-4/stack5137/apps/next-app-router/next-app-router-4001/tailwind.config.ts:89:13
[error]     at evalModule (/Users/zackjackson/Documents/Codex/2026-10-02/task-4/stack5137/node_modules/.pnpm/jiti@1.21.7/node_modules/jiti/dist/jiti.js:1:251913)
[error]     at jiti (/Users/zackjackson/Documents/Codex/2026-10-02/task-4/stack5137/node_modules/.pnpm/jiti@1.21.7/node_modules/jiti/dist/jiti.js:1:249841)
[error]     at /Users/zackjackson/Documents/Codex/2026-10-02/task-4/stack5137/node_modules/.pnpm/tailwindcss@3.4.13_ts-node@10.9.1_@swc+core@1.7.26_@swc+helpers@0.5.13__@types+node@20.19.5_typescript@6.0.3_/node_modules/tailwindcss/lib/lib/load-config.js:51:30
[error] apps/next-app-router/next-app-router-4001/cypress.config.ts: Error: Cannot find module '@tailwindcss/typography'
[error] Require stack:
[error] - /Users/zackjackson/Documents/Codex/2026-10-02/task-4/stack5137/apps/next-app-router/next-app-router-4001/tailwind.config.ts
[error]     at Module._resolveFilename (node:internal/modules/cjs/loader:1476:15)
[error]     at wrapResolveFilename (node:internal/modules/cjs/loader:1049:27)
[error]     at resolveForCJSWithHooks (node:internal/modules/cjs/loader:1094:12)
[error]     at require.resolve (node:internal/modules/helpers:171:31)
[error]     at _resolve (/Users/zackjackson/Documents/Codex/2026-10-02/task-4/stack5137/node_modules/.pnpm/jiti@1.21.7/node_modules/jiti/dist/jiti.js:1:246378)
[error]     at jiti (/Users/zackjackson/Documents/Codex/2026-10-02/task-4/stack5137/node_modules/.pnpm/jiti@1.21.7/node_modules/jiti/dist/jiti.js:1:249092)
[error]     at /Users/zackjackson/Documents/Codex/2026-10-02/task-4/stack5137/apps/next-app-router/next-app-router-4001/tailwind.config.ts:89:13
[error]     at evalModule (/Users/zackjackson/Documents/Codex/2026-10-02/task-4/stack5137/node_modules/.pnpm/jiti@1.21.7/node_modules/jiti/dist/jiti.js:1:251913)
[error]     at jiti (/Users/zackjackson/Documents/Codex/2026-10-02/task-4/stack5137/node_modules/.pnpm/jiti@1.21.7/node_modules/jiti/dist/jiti.js:1:249841)
[error]     at /Users/zackjackson/Documents/Codex/2026-10-02/task-4/stack5137/node_modules/.pnpm/tailwindcss@3.4.13_ts-node@10.9.1_@swc+core@1.7.26_@swc+helpers@0.5.13__@types+node@20.19.5_typescript@6.0.3_/node_modules/tailwindcss/lib/lib/load-config.js:51:30
[error] apps/next-app-router/next-app-router-4001/cypress/e2e/app.cy.ts: Error: Cannot find module '@tailwindcss/typography'
[error] Require stack:
[error] - /Users/zackjackson/Documents/Codex/2026-10-02/task-4/stack5137/apps/next-app-router/next-app-router-4001/tailwind.config.ts
[error]     at Module._resolveFilename (node:internal/modules/cjs/loader:1476:15)
[error]     at wrapResolveFilename (node:internal/modules/cjs/loader:1049:27)
[error]     at resolveForCJSWithHooks (node:internal/modules/cjs/loader:1094:12)
[error]     at require.resolve (node:internal/modules/helpers:171:31)
[error]     at _resolve (/Users/zackjackson/Documents/Codex/2026-10-02/task-4/stack5137/node_modules/.pnpm/jiti@1.21.7/node_modules/jiti/dist/jiti.js:1:246378)
[error]     at jiti (/Users/zackjackson/Documents/Codex/2026-10-02/task-4/stack5137/node_modules/.pnpm/jiti@1.21.7/node_modules/jiti/dist/jiti.js:1:249092)
[error]     at /Users/zackjackson/Documents/Codex/2026-10-02/task-4/stack5137/apps/next-app-router/next-app-router-4001/tailwind.config.ts:89:13
[error]     at evalModule (/Users/zackjackson/Documents/Codex/2026-10-02/task-4/stack5137/node_modules/.pnpm/jiti@1.21.7/node_modules/jiti/dist/jiti.js:1:251913)
[error]     at jiti (/Users/zackjackson/Documents/Codex/2026-10-02/task-4/stack5137/node_modules/.pnpm/jiti@1.21.7/node_modules/jiti/dist/jiti.js:1:249841)
[error]     at /Users/zackjackson/Documents/Codex/2026-10-02/task-4/stack5137/node_modules/.pnpm/tailwindcss@3.4.13_ts-node@10.9.1_@swc+core@1.7.26_@swc+helpers@0.5.13__@types+node@20.19.5_typescript@6.0.3_/node_modules/tailwindcss/lib/lib/load-config.js:51:30
[error] apps/next-app-router/next-app-router-4001/cypress/support/app.po.ts: Error: Cannot find module '@tailwindcss/typography'
[error] Require stack:
[error] - /Users/zackjackson/Documents/Codex/2026-10-02/task-4/stack5137/apps/next-app-router/next-app-router-4001/tailwind.config.ts
[error]     at Module._resolveFilename (node:internal/modules/cjs/loader:1476:15)
[error]     at wrapResolveFilename (node:internal/modules/cjs/loader:1049:27)
[error]     at resolveForCJSWithHooks (node:internal/modules/cjs/loader:1094:12)
[error]     at require.resolve (node:internal/modules/helpers:171:31)
[error]     at _resolve (/Users/zackjackson/Documents/Codex/2026-10-02/task-4/stack5137/node_modules/.pnpm/jiti@1.21.7/node_modules/jiti/dist/jiti.js:1:246378)
[error]     at jiti (/Users/zackjackson/Documents/Codex/2026-10-02/task-4/stack5137/node_modules/.pnpm/jiti@1.21.7/node_modules/jiti/dist/jiti.js:1:249092)
[error]     at /Users/zackjackson/Documents/Codex/2026-10-02/task-4/stack5137/apps/next-app-router/next-app-router-4001/tailwind.config.ts:89:13
[error]     at evalModule (/Users/zackjackson/Documents/Codex/2026-10-02/task-4/stack5137/node_modules/.pnpm/jiti@1.21.7/node_modules/jiti/dist/jiti.js:1:251913)
[error]     at jiti (/Users/zackjackson/Documents/Codex/2026-10-02/task-4/stack5137/node_modules/.pnpm/jiti@1.21.7/node_modules/jiti/dist/jiti.js:1:249841)
[error]     at /Users/zackjackson/Documents/Codex/2026-10-02/task-4/stack5137/node_modules/.pnpm/tailwindcss@3.4.13_ts-node@10.9.1_@swc+core@1.7.26_@swc+helpers@0.5.13__@types+node@20.19.5_typescript@6.0.3_/node_modules/tailwindcss/lib/lib/load-config.js:51:30
[error] apps/next-app-router/next-app-router-4001/cypress/support/commands.ts: Error: Cannot find module '@tailwindcss/typography'
[error] Require stack:
[error] - /Users/zackjackson/Documents/Codex/2026-10-02/task-4/stack5137/apps/next-app-router/next-app-router-4001/tailwind.config.ts
[error]     at Module._resolveFilename (node:internal/modules/cjs/loader:1476:15)
[error]     at wrapResolveFilename (node:internal/modules/cjs/loader:1049:27)
[error]     at resolveForCJSWithHooks (node:internal/modules/cjs/loader:1094:12)
[error]     at require.resolve (node:internal/modules/helpers:171:31)
[error]     at _resolve (/Users/zackjackson/Documents/Codex/2026-10-02/task-4/stack5137/node_modules/.pnpm/jiti@1.21.7/node_modules/jiti/dist/jiti.js:1:246378)
[error]     at jiti (/Users/zackjackson/Documents/Codex/2026-10-02/task-4/stack5137/node_modules/.pnpm/jiti@1.21.7/node_modules/jiti/dist/jiti.js:1:249092)
[error]     at /Users/zackjackson/Documents/Codex/2026-10-02/task-4/stack5137/apps/next-app-router/next-app-router-4001/tailwind.config.ts:89:13
[error]     at evalModule (/Users/zackjackson/Documents/Codex/2026-10-02/task-4/stack5137/node_modules/.pnpm/jiti@1.21.7/node_modules/jiti/dist/jiti.js:1:251913)
[error]     at jiti (/Users/zackjackson/Documents/Codex/2026-10-02/task-4/stack5137/node_modules/.pnpm/jiti@1.21.7/node_modules/jiti/dist/jiti.js:1:249841)
[error]     at /Users/zackjackson/Documents/Codex/2026-10-02/task-4/stack5137/node_modules/.pnpm/tailwindcss@3.4.13_ts-node@10.9.1_@swc+core@1.7.26_@swc+helpers@0.5.13__@types+node@20.19.5_typescript@6.0.3_/node_modules/tailwindcss/lib/lib/load-config.js:51:30
[error] apps/next-app-router/next-app-router-4001/cypress/support/e2e.ts: Error: Cannot find module '@tailwindcss/typography'
[error] Require stack:
[error] - /Users/zackjackson/Documents/Codex/2026-10-02/task-4/stack5137/apps/next-app-router/next-app-router-4001/tailwind.config.ts
[error]     at Module._resolveFilename (node:internal/modules/cjs/loader:1476:15)
[error]     at wrapResolveFilename (node:internal/modules/cjs/loader:1049:27)
[error]     at resolveForCJSWithHooks (node:internal/modules/cjs/loader:1094:12)
[error]     at require.resolve (node:internal/modules/helpers:171:31)
[error]     at _resolve (/Users/zackjackson/Documents/Codex/2026-10-02/task-4/stack5137/node_modules/.pnpm/jiti@1.21.7/node_modules/jiti/dist/jiti.js:1:246378)
[error]     at jiti (/Users/zackjackson/Documents/Codex/2026-10-02/task-4/stack5137/node_modules/.pnpm/jiti@1.21.7/node_modules/jiti/dist/jiti.js:1:249092)
[error]     at /Users/zackjackson/Documents/Codex/2026-10-02/task-4/stack5137/apps/next-app-router/next-app-router-4001/tailwind.config.ts:89:13
[error]     at evalModule (/Users/zackjackson/Documents/Codex/2026-10-02/task-4/stack5137/node_modules/.pnpm/jiti@1.21.7/node_modules/jiti/dist/jiti.js:1:251913)
[error]     at jiti (/Users/zackjackson/Documents/Codex/2026-10-02/task-4/stack5137/node_modules/.pnpm/jiti@1.21.7/node_modules/jiti/dist/jiti.js:1:249841)
[error]     at /Users/zackjackson/Documents/Codex/2026-10-02/task-4/stack5137/node_modules/.pnpm/tailwindcss@3.4.13_ts-node@10.9.1_@swc+core@1.7.26_@swc+helpers@0.5.13__@types+node@20.19.5_typescript@6.0.3_/node_modules/tailwindcss/lib/lib/load-config.js:51:30
[error] apps/next-app-router/next-app-router-4001/lib/demos.ts: Error: Cannot find module '@tailwindcss/typography'
[error] Require stack:
[error] - /Users/zackjackson/Documents/Codex/2026-10-02/task-4/stack5137/apps/next-app-router/next-app-router-4001/tailwind.config.ts
[error]     at Module._resolveFilename (node:internal/modules/cjs/loader:1476:15)
[error]     at wrapResolveFilename (node:internal/modules/cjs/loader:1049:27)
[error]     at resolveForCJSWithHooks (node:internal/modules/cjs/loader:1094:12)
[error]     at require.resolve (node:internal/modules/helpers:171:31)
[error]     at _resolve (/Users/zackjackson/Documents/Codex/2026-10-02/task-4/stack5137/node_modules/.pnpm/jiti@1.21.7/node_modules/jiti/dist/jiti.js:1:246378)
[error]     at jiti (/Users/zackjackson/Documents/Codex/2026-10-02/task-4/stack5137/node_modules/.pnpm/jiti@1.21.7/node_modules/jiti/dist/jiti.js:1:249092)
[error]     at /Users/zackjackson/Documents/Codex/2026-10-02/task-4/stack5137/apps/next-app-router/next-app-router-4001/tailwind.config.ts:89:13
[error]     at evalModule (/Users/zackjackson/Documents/Codex/2026-10-02/task-4/stack5137/node_modules/.pnpm/jiti@1.21.7/node_modules/jiti/dist/jiti.js:1:251913)
[error]     at jiti (/Users/zackjackson/Documents/Codex/2026-10-02/task-4/stack5137/node_modules/.pnpm/jiti@1.21.7/node_modules/jiti/dist/jiti.js:1:249841)
[error]     at /Users/zackjackson/Documents/Codex/2026-10-02/task-4/stack5137/node_modules/.pnpm/tailwindcss@3.4.13_ts-node@10.9.1_@swc+core@1.7.26_@swc+helpers@0.5.13__@types+node@20.19.5_typescript@6.0.3_/node_modules/tailwindcss/lib/lib/load-config.js:51:30
[error] apps/next-app-router/next-app-router-4001/next-env.d.ts: Error: Cannot find module '@tailwindcss/typography'
[error] Require stack:
[error] - /Users/zackjackson/Documents/Codex/2026-10-02/task-4/stack5137/apps/next-app-router/next-app-router-4001/tailwind.config.ts
[error]     at Module._resolveFilename (node:internal/modules/cjs/loader:1476:15)
[error]     at wrapResolveFilename (node:internal/modules/cjs/loader:1049:27)
[error]     at resolveForCJSWithHooks (node:internal/modules/cjs/loader:1094:12)
[error]     at require.resolve (node:internal/modules/helpers:171:31)
[error]     at _resolve (/Users/zackjackson/Documents/Codex/2026-10-02/task-4/stack5137/node_modules/.pnpm/jiti@1.21.7/node_modules/jiti/dist/jiti.js:1:246378)
[error]     at jiti (/Users/zackjackson/Documents/Codex/2026-10-02/task-4/stack5137/node_modules/.pnpm/jiti@1.21.7/node_modules/jiti/dist/jiti.js:1:249092)
[error]     at /Users/zackjackson/Documents/Codex/2026-10-02/task-4/stack5137/apps/next-app-router/next-app-router-4001/tailwind.config.ts:89:13
[error]     at evalModule (/Users/zackjackson/Documents/Codex/2026-10-02/task-4/stack5137/node_modules/.pnpm/jiti@1.21.7/node_modules/jiti/dist/jiti.js:1:251913)
[error]     at jiti (/Users/zackjackson/Documents/Codex/2026-10-02/task-4/stack5137/node_modules/.pnpm/jiti@1.21.7/node_modules/jiti/dist/jiti.js:1:249841)
[error]     at /Users/zackjackson/Documents/Codex/2026-10-02/task-4/stack5137/node_modules/.pnpm/tailwindcss@3.4.13_ts-node@10.9.1_@swc+core@1.7.26_@swc+helpers@0.5.13__@types+node@20.19.5_typescript@6.0.3_/node_modules/tailwindcss/lib/lib/load-config.js:51:30
[error] apps/next-app-router/next-app-router-4001/next.config.js: Error: Cannot find module '@tailwindcss/typography'
[error] Require stack:
[error] - /Users/zackjackson/Documents/Codex/2026-10-02/task-4/stack5137/apps/next-app-router/next-app-router-4001/tailwind.config.ts
[error]     at Module._resolveFilename (node:internal/modules/cjs/loader:1476:15)
[error]     at wrapResolveFilename (node:internal/modules/cjs/loader:1049:27)
[error]     at resolveForCJSWithHooks (node:internal/modules/cjs/loader:1094:12)
[error]     at require.resolve (node:internal/modules/helpers:171:31)
[error]     at _resolve (/Users/zackjackson/Documents/Codex/2026-10-02/task-4/stack5137/node_modules/.pnpm/jiti@1.21.7/node_modules/jiti/dist/jiti.js:1:246378)
[error]     at jiti (/Users/zackjackson/Documents/Codex/2026-10-02/task-4/stack5137/node_modules/.pnpm/jiti@1.21.7/node_modules/jiti/dist/jiti.js:1:249092)
[error]     at /Users/zackjackson/Documents/Codex/2026-10-02/task-4/stack5137/apps/next-app-router/next-app-router-4001/tailwind.config.ts:89:13
[error]     at evalModule (/Users/zackjackson/Documents/Codex/2026-10-02/task-4/stack5137/node_modules/.pnpm/jiti@1.21.7/node_modules/jiti/dist/jiti.js:1:251913)
[error]     at jiti (/Users/zackjackson/Documents/Codex/2026-10-02/task-4/stack5137/node_modules/.pnpm/jiti@1.21.7/node_modules/jiti/dist/jiti.js:1:249841)
[error]     at /Users/zackjackson/Documents/Codex/2026-10-02/task-4/stack5137/node_modules/.pnpm/tailwindcss@3.4.13_ts-node@10.9.1_@swc+core@1.7.26_@swc+helpers@0.5.13__@types+node@20.19.5_typescript@6.0.3_/node_modules/tailwindcss/lib/lib/load-config.js:51:30
[error] apps/next-app-router/next-app-router-4001/postcss.config.js: Error: Cannot find module '@tailwindcss/typography'
[error] Require stack:
[error] - /Users/zackjackson/Documents/Codex/2026-10-02/task-4/stack5137/apps/next-app-router/next-app-router-4001/tailwind.config.ts
[error]     at Module._resolveFilename (node:internal/modules/cjs/loader:1476:15)
[error]     at wrapResolveFilename (node:internal/modules/cjs/loader:1049:27)
[error]     at resolveForCJSWithHooks (node:internal/modules/cjs/loader:1094:12)
[error]     at require.resolve (node:internal/modules/helpers:171:31)
[error]     at _resolve (/Users/zackjackson/Documents/Codex/2026-10-02/task-4/stack5137/node_modules/.pnpm/jiti@1.21.7/node_modules/jiti/dist/jiti.js:1:246378)
[error]     at jiti (/Users/zackjackson/Documents/Codex/2026-10-02/task-4/stack5137/node_modules/.pnpm/jiti@1.21.7/node_modules/jiti/dist/jiti.js:1:249092)
[error]     at /Users/zackjackson/Documents/Codex/2026-10-02/task-4/stack5137/apps/next-app-router/next-app-router-4001/tailwind.config.ts:89:13
[error]     at evalModule (/Users/zackjackson/Documents/Codex/2026-10-02/task-4/stack5137/node_modules/.pnpm/jiti@1.21.7/node_modules/jiti/dist/jiti.js:1:251913)
[error]     at jiti (/Users/zackjackson/Documents/Codex/2026-10-02/task-4/stack5137/node_modules/.pnpm/jiti@1.21.7/node_modules/jiti/dist/jiti.js:1:249841)
[error]     at /Users/zackjackson/Documents/Codex/2026-10-02/task-4/stack5137/node_modules/.pnpm/tailwindcss@3.4.13_ts-node@10.9.1_@swc+core@1.7.26_@swc+helpers@0.5.13__@types+node@20.19.5_typescript@6.0.3_/node_modules/tailwindcss/lib/lib/load-config.js:51:30
[error] apps/next-app-router/next-app-router-4001/prettier.config.js: Error: Cannot find module '@tailwindcss/typography'
[error] Require stack:
[error] - /Users/zackjackson/Documents/Codex/2026-10-02/task-4/stack5137/apps/next-app-router/next-app-router-4001/tailwind.config.ts
[error]     at Module._resolveFilename (node:internal/modules/cjs/loader:1476:15)
[error]     at wrapResolveFilename (node:internal/modules/cjs/loader:1049:27)
[error]     at resolveForCJSWithHooks (node:internal/modules/cjs/loader:1094:12)
[error]     at require.resolve (node:internal/modules/helpers:171:31)
[error]     at _resolve (/Users/zackjackson/Documents/Codex/2026-10-02/task-4/stack5137/node_modules/.pnpm/jiti@1.21.7/node_modules/jiti/dist/jiti.js:1:246378)
[error]     at jiti (/Users/zackjackson/Documents/Codex/2026-10-02/task-4/stack5137/node_modules/.pnpm/jiti@1.21.7/node_modules/jiti/dist/jiti.js:1:249092)
[error]     at /Users/zackjackson/Documents/Codex/2026-10-02/task-4/stack5137/apps/next-app-router/next-app-router-4001/tailwind.config.ts:89:13
[error]     at evalModule (/Users/zackjackson/Documents/Codex/2026-10-02/task-4/stack5137/node_modules/.pnpm/jiti@1.21.7/node_modules/jiti/dist/jiti.js:1:251913)
[error]     at jiti (/Users/zackjackson/Documents/Codex/2026-10-02/task-4/stack5137/node_modules/.pnpm/jiti@1.21.7/node_modules/jiti/dist/jiti.js:1:249841)
[error]     at /Users/zackjackson/Documents/Codex/2026-10-02/task-4/stack5137/node_modules/.pnpm/tailwindcss@3.4.13_ts-node@10.9.1_@swc+core@1.7.26_@swc+helpers@0.5.13__@types+node@20.19.5_typescript@6.0.3_/node_modules/tailwindcss/lib/lib/load-config.js:51:30
[error] apps/next-app-router/next-app-router-4001/styles/globals.css: Error: Cannot find module '@tailwindcss/typography'
[error] Require stack:
[error] - /Users/zackjackson/Documents/Codex/2026-10-02/task-4/stack5137/apps/next-app-router/next-app-router-4001/tailwind.config.ts
[error]     at Module._resolveFilename (node:internal/modules/cjs/loader:1476:15)
[error]     at wrapResolveFilename (node:internal/modules/cjs/loader:1049:27)
[error]     at resolveForCJSWithHooks (node:internal/modules/cjs/loader:1094:12)
[error]     at require.resolve (node:internal/modules/helpers:171:31)
[error]     at _resolve (/Users/zackjackson/Documents/Codex/2026-10-02/task-4/stack5137/node_modules/.pnpm/jiti@1.21.7/node_modules/jiti/dist/jiti.js:1:246378)
[error]     at jiti (/Users/zackjackson/Documents/Codex/2026-10-02/task-4/stack5137/node_modules/.pnpm/jiti@1.21.7/node_modules/jiti/dist/jiti.js:1:249092)
[error]     at /Users/zackjackson/Documents/Codex/2026-10-02/task-4/stack5137/apps/next-app-router/next-app-router-4001/tailwind.config.ts:89:13
[error]     at evalModule (/Users/zackjackson/Documents/Codex/2026-10-02/task-4/stack5137/node_modules/.pnpm/jiti@1.21.7/node_modules/jiti/dist/jiti.js:1:251913)
[error]     at jiti (/Users/zackjackson/Documents/Codex/2026-10-02/task-4/stack5137/node_modules/.pnpm/jiti@1.21.7/node_modules/jiti/dist/jiti.js:1:249841)
[error]     at /Users/zackjackson/Documents/Codex/2026-10-02/task-4/stack5137/node_modules/.pnpm/tailwindcss@3.4.13_ts-node@10.9.1_@swc+core@1.7.26_@swc+helpers@0.5.13__@types+node@20.19.5_typescript@6.0.3_/node_modules/tailwindcss/lib/lib/load-config.js:51:30
[error] apps/next-app-router/next-app-router-4001/tailwind.config.ts: Error: Cannot find module '@tailwindcss/typography'
[error] Require stack:
[error] - /Users/zackjackson/Documents/Codex/2026-10-02/task-4/stack5137/apps/next-app-router/next-app-router-4001/tailwind.config.ts
[error]     at Module._resolveFilename (node:internal/modules/cjs/loader:1476:15)
[error]     at wrapResolveFilename (node:internal/modules/cjs/loader:1049:27)
[error]     at resolveForCJSWithHooks (node:internal/modules/cjs/loader:1094:12)
[error]     at require.resolve (node:internal/modules/helpers:171:31)
[error]     at _resolve (/Users/zackjackson/Documents/Codex/2026-10-02/task-4/stack5137/node_modules/.pnpm/jiti@1.21.7/node_modules/jiti/dist/jiti.js:1:246378)
[error]     at jiti (/Users/zackjackson/Documents/Codex/2026-10-02/task-4/stack5137/node_modules/.pnpm/jiti@1.21.7/node_modules/jiti/dist/jiti.js:1:249092)
[error]     at /Users/zackjackson/Documents/Codex/2026-10-02/task-4/stack5137/apps/next-app-router/next-app-router-4001/tailwind.config.ts:89:13
[error]     at evalModule (/Users/zackjackson/Documents/Codex/2026-10-02/task-4/stack5137/node_modules/.pnpm/jiti@1.21.7/node_modules/jiti/dist/jiti.js:1:251913)
[error]     at jiti (/Users/zackjackson/Documents/Codex/2026-10-02/task-4/stack5137/node_modules/.pnpm/jiti@1.21.7/node_modules/jiti/dist/jiti.js:1:249841)
[error]     at /Users/zackjackson/Documents/Codex/2026-10-02/task-4/stack5137/node_modules/.pnpm/tailwindcss@3.4.13_ts-node@10.9.1_@swc+core@1.7.26_@swc+helpers@0.5.13__@types+node@20.19.5_typescript@6.0.3_/node_modules/tailwindcss/lib/lib/load-config.js:51:30
[error] apps/next-app-router/next-app-router-4001/ui/address-bar.tsx: Error: Cannot find module '@tailwindcss/typography'
[error] Require stack:
[error] - /Users/zackjackson/Documents/Codex/2026-10-02/task-4/stack5137/apps/next-app-router/next-app-router-4001/tailwind.config.ts
[error]     at Module._resolveFilename (node:internal/modules/cjs/loader:1476:15)
[error]     at wrapResolveFilename (node:internal/modules/cjs/loader:1049:27)
[error]     at resolveForCJSWithHooks (node:internal/modules/cjs/loader:1094:12)
[error]     at require.resolve (node:internal/modules/helpers:171:31)
[error]     at _resolve (/Users/zackjackson/Documents/Codex/2026-10-02/task-4/stack5137/node_modules/.pnpm/jiti@1.21.7/node_modules/jiti/dist/jiti.js:1:246378)
[error]     at jiti (/Users/zackjackson/Documents/Codex/2026-10-02/task-4/stack5137/node_modules/.pnpm/jiti@1.21.7/node_modules/jiti/dist/jiti.js:1:249092)
[error]     at /Users/zackjackson/Documents/Codex/2026-10-02/task-4/stack5137/apps/next-app-router/next-app-router-4001/tailwind.config.ts:89:13
[error]     at evalModule (/Users/zackjackson/Documents/Codex/2026-10-02/task-4/stack5137/node_modules/.pnpm/jiti@1.21.7/node_modules/jiti/dist/jiti.js:1:251913)
[error]     at jiti (/Users/zackjackson/Documents/Codex/2026-10-02/task-4/stack5137/node_modules/.pnpm/jiti@1.21.7/node_modules/jiti/dist/jiti.js:1:249841)
[error]     at /Users/zackjackson/Documents/Codex/2026-10-02/task-4/stack5137/node_modules/.pnpm/tailwindcss@3.4.13_ts-node@10.9.1_@swc+core@1.7.26_@swc+helpers@0.5.13__@types+node@20.19.5_typescript@6.0.3_/node_modules/tailwindcss/lib/lib/load-config.js:51:30
[error] apps/next-app-router/next-app-router-4001/ui/boundary.tsx: Error: Cannot find module '@tailwindcss/typography'
[error] Require stack:
[error] - /Users/zackjackson/Documents/Codex/2026-10-02/task-4/stack5137/apps/next-app-router/next-app-router-4001/tailwind.config.ts
[error]     at Module._resolveFilename (node:internal/modules/cjs/loader:1476:15)
[error]     at wrapResolveFilename (node:internal/modules/cjs/loader:1049:27)
[error]     at resolveForCJSWithHooks (node:internal/modules/cjs/loader:1094:12)
[error]     at require.resolve (node:internal/modules/helpers:171:31)
[error]     at _resolve (/Users/zackjackson/Documents/Codex/2026-10-02/task-4/stack5137/node_modules/.pnpm/jiti@1.21.7/node_modules/jiti/dist/jiti.js:1:246378)
[error]     at jiti (/Users/zackjackson/Documents/Codex/2026-10-02/task-4/stack5137/node_modules/.pnpm/jiti@1.21.7/node_modules/jiti/dist/jiti.js:1:249092)
[error]     at /Users/zackjackson/Documents/Codex/2026-10-02/task-4/stack5137/apps/next-app-router/next-app-router-4001/tailwind.config.ts:89:13
[error]     at evalModule (/Users/zackjackson/Documents/Codex/2026-10-02/task-4/stack5137/node_modules/.pnpm/jiti@1.21.7/node_modules/jiti/dist/jiti.js:1:251913)
[error]     at jiti (/Users/zackjackson/Documents/Codex/2026-10-02/task-4/stack5137/node_modules/.pnpm/jiti@1.21.7/node_modules/jiti/dist/jiti.js:1:249841)
[error]     at /Users/zackjackson/Documents/Codex/2026-10-02/task-4/stack5137/node_modules/.pnpm/tailwindcss@3.4.13_ts-node@10.9.1_@swc+core@1.7.26_@swc+helpers@0.5.13__@types+node@20.19.5_typescript@6.0.3_/node_modules/tailwindcss/lib/lib/load-config.js:51:30
[error] apps/next-app-router/next-app-router-4001/ui/buggy-button.tsx: Error: Cannot find module '@tailwindcss/typography'
[error] Require stack:
[error] - /Users/zackjackson/Documents/Codex/2026-10-02/task-4/stack5137/apps/next-app-router/next-app-router-4001/tailwind.config.ts
[error]     at Module._resolveFilename (node:internal/modules/cjs/loader:1476:15)
[error]     at wrapResolveFilename (node:internal/modules/cjs/loader:1049:27)
[error]     at resolveForCJSWithHooks (node:internal/modules/cjs/loader:1094:12)
[error]     at require.resolve (node:internal/modules/helpers:171:31)
[error]     at _resolve (/Users/zackjackson/Documents/Codex/2026-10-02/task-4/stack5137/node_modules/.pnpm/jiti@1.21.7/node_modules/jiti/dist/jiti.js:1:246378)
[error]     at jiti (/Users/zackjackson/Documents/Codex/2026-10-02/task-4/stack5137/node_modules/.pnpm/jiti@1.21.7/node_modules/jiti/dist/jiti.js:1:249092)
[error]     at /Users/zackjackson/Documents/Codex/2026-10-02/task-4/stack5137/apps/next-app-router/next-app-router-4001/tailwind.config.ts:89:13
[error]     at evalModule (/Users/zackjackson/Documents/Codex/2026-10-02/task-4/stack5137/node_modules/.pnpm/jiti@1.21.7/node_modules/jiti/dist/jiti.js:1:251913)
[error]     at jiti (/Users/zackjackson/Documents/Codex/2026-10-02/task-4/stack5137/node_modules/.pnpm/jiti@1.21.7/node_modules/jiti/dist/jiti.js:1:249841)
[error]     at /Users/zackjackson/Documents/Codex/2026-10-02/task-4/stack5137/node_modules/.pnpm/tailwindcss@3.4.13_ts-node@10.9.1_@swc+core@1.7.26_@swc+helpers@0.5.13__@types+node@20.19.5_typescript@6.0.3_/node_modules/tailwindcss/lib/lib/load-config.js:51:30
[error] apps/next-app-router/next-app-router-4001/ui/button.tsx: Error: Cannot find module '@tailwindcss/typography'
[error] Require stack:
[error] - /Users/zackjackson/Documents/Codex/2026-10-02/task-4/stack5137/apps/next-app-router/next-app-router-4001/tailwind.config.ts
[error]     at Module._resolveFilename (node:internal/modules/cjs/loader:1476:15)
[error]     at wrapResolveFilename (node:internal/modules/cjs/loader:1049:27)
[error]     at resolveForCJSWithHooks (node:internal/modules/cjs/loader:1094:12)
[error]     at require.resolve (node:internal/modules/helpers:171:31)
[error]     at _resolve (/Users/zackjackson/Documents/Codex/2026-10-02/task-4/stack5137/node_modules/.pnpm/jiti@1.21.7/node_modules/jiti/dist/jiti.js:1:246378)
[error]     at jiti (/Users/zackjackson/Documents/Codex/2026-10-02/task-4/stack5137/node_modules/.pnpm/jiti@1.21.7/node_modules/jiti/dist/jiti.js:1:249092)
[error]     at /Users/zackjackson/Documents/Codex/2026-10-02/task-4/stack5137/apps/next-app-router/next-app-router-4001/tailwind.config.ts:89:13
[error]     at evalModule (/Users/zackjackson/Documents/Codex/2026-10-02/task-4/stack5137/node_modules/.pnpm/jiti@1.21.7/node_modules/jiti/dist/jiti.js:1:251913)
[error]     at jiti (/Users/zackjackson/Documents/Codex/2026-10-02/task-4/stack5137/node_modules/.pnpm/jiti@1.21.7/node_modules/jiti/dist/jiti.js:1:249841)
[error]     at /Users/zackjackson/Documents/Codex/2026-10-02/task-4/stack5137/node_modules/.pnpm/tailwindcss@3.4.13_ts-node@10.9.1_@swc+core@1.7.26_@swc+helpers@0.5.13__@types+node@20.19.5_typescript@6.0.3_/node_modules/tailwindcss/lib/lib/load-config.js:51:30
[error] apps/next-app-router/next-app-router-4001/ui/byline.tsx: Error: Cannot find module '@tailwindcss/typography'
[error] Require stack:
[error] - /Users/zackjackson/Documents/Codex/2026-10-02/task-4/stack5137/apps/next-app-router/next-app-router-4001/tailwind.config.ts
[error]     at Module._resolveFilename (node:internal/modules/cjs/loader:1476:15)
[error]     at wrapResolveFilename (node:internal/modules/cjs/loader:1049:27)
[error]     at resolveForCJSWithHooks (node:internal/modules/cjs/loader:1094:12)
[error]     at require.resolve (node:internal/modules/helpers:171:31)
[error]     at _resolve (/Users/zackjackson/Documents/Codex/2026-10-02/task-4/stack5137/node_modules/.pnpm/jiti@1.21.7/node_modules/jiti/dist/jiti.js:1:246378)
[error]     at jiti (/Users/zackjackson/Documents/Codex/2026-10-02/task-4/stack5137/node_modules/.pnpm/jiti@1.21.7/node_modules/jiti/dist/jiti.js:1:249092)
[error]     at /Users/zackjackson/Documents/Codex/2026-10-02/task-4/stack5137/apps/next-app-router/next-app-router-4001/tailwind.config.ts:89:13
[error]     at evalModule (/Users/zackjackson/Documents/Codex/2026-10-02/task-4/stack5137/node_modules/.pnpm/jiti@1.21.7/node_modules/jiti/dist/jiti.js:1:251913)
[error]     at jiti (/Users/zackjackson/Documents/Codex/2026-10-02/task-4/stack5137/node_modules/.pnpm/jiti@1.21.7/node_modules/jiti/dist/jiti.js:1:249841)
[error]     at /Users/zackjackson/Documents/Codex/2026-10-02/task-4/stack5137/node_modules/.pnpm/tailwindcss@3.4.13_ts-node@10.9.1_@swc+core@1.7.26_@swc+helpers@0.5.13__@types+node@20.19.5_typescript@6.0.3_/node_modules/tailwindcss/lib/lib/load-config.js:51:30
[error] apps/next-app-router/next-app-router-4001/ui/click-counter.tsx: Error: Cannot find module '@tailwindcss/typography'
[error] Require stack:
[error] - /Users/zackjackson/Documents/Codex/2026-10-02/task-4/stack5137/apps/next-app-router/next-app-router-4001/tailwind.config.ts
[error]     at Module._resolveFilename (node:internal/modules/cjs/loader:1476:15)
[error]     at wrapResolveFilename (node:internal/modules/cjs/loader:1049:27)
[error]     at resolveForCJSWithHooks (node:internal/modules/cjs/loader:1094:12)
[error]     at require.resolve (node:internal/modules/helpers:171:31)
[error]     at _resolve (/Users/zackjackson/Documents/Codex/2026-10-02/task-4/stack5137/node_modules/.pnpm/jiti@1.21.7/node_modules/jiti/dist/jiti.js:1:246378)
[error]     at jiti (/Users/zackjackson/Documents/Codex/2026-10-02/task-4/stack5137/node_modules/.pnpm/jiti@1.21.7/node_modules/jiti/dist/jiti.js:1:249092)
[error]     at /Users/zackjackson/Documents/Codex/2026-10-02/task-4/stack5137/apps/next-app-router/next-app-router-4001/tailwind.config.ts:89:13
[error]     at evalModule (/Users/zackjackson/Documents/Codex/2026-10-02/task-4/stack5137/node_modules/.pnpm/jiti@1.21.7/node_modules/jiti/dist/jiti.js:1:251913)
[error]     at jiti (/Users/zackjackson/Documents/Codex/2026-10-02/task-4/stack5137/node_modules/.pnpm/jiti@1.21.7/node_modules/jiti/dist/jiti.js:1:249841)
[error]     at /Users/zackjackson/Documents/Codex/2026-10-02/task-4/stack5137/node_modules/.pnpm/tailwindcss@3.4.13_ts-node@10.9.1_@swc+core@1.7.26_@swc+helpers@0.5.13__@types+node@20.19.5_typescript@6.0.3_/node_modules/tailwindcss/lib/lib/load-config.js:51:30
[error] apps/next-app-router/next-app-router-4001/ui/component-tree.tsx: Error: Cannot find module '@tailwindcss/typography'
[error] Require stack:
[error] - /Users/zackjackson/Documents/Codex/2026-10-02/task-4/stack5137/apps/next-app-router/next-app-router-4001/tailwind.config.ts
[error]     at Module._resolveFilename (node:internal/modules/cjs/loader:1476:15)
[error]     at wrapResolveFilename (node:internal/modules/cjs/loader:1049:27)
[error]     at resolveForCJSWithHooks (node:internal/modules/cjs/loader:1094:12)
[error]     at require.resolve (node:internal/modules/helpers:171:31)
[error]     at _resolve (/Users/zackjackson/Documents/Codex/2026-10-02/task-4/stack5137/node_modules/.pnpm/jiti@1.21.7/node_modules/jiti/dist/jiti.js:1:246378)
[error]     at jiti (/Users/zackjackson/Documents/Codex/2026-10-02/task-4/stack5137/node_modules/.pnpm/jiti@1.21.7/node_modules/jiti/dist/jiti.js:1:249092)
[error]     at /Users/zackjackson/Documents/Codex/2026-10-02/task-4/stack5137/apps/next-app-router/next-app-router-4001/tailwind.config.ts:89:13
[error]     at evalModule (/Users/zackjackson/Documents/Codex/2026-10-02/task-4/stack5137/node_modules/.pnpm/jiti@1.21.7/node_modules/jiti/dist/jiti.js:1:251913)
[error]     at jiti (/Users/zackjackson/Documents/Codex/2026-10-02/task-4/stack5137/node_modules/.pnpm/jiti@1.21.7/node_modules/jiti/dist/jiti.js:1:249841)
[error]     at /Users/zackjackson/Documents/Codex/2026-10-02/task-4/stack5137/node_modules/.pnpm/tailwindcss@3.4.13_ts-node@10.9.1_@swc+core@1.7.26_@swc+helpers@0.5.13__@types+node@20.19.5_typescript@6.0.3_/node_modules/tailwindcss/lib/lib/load-config.js:51:30
[error] apps/next-app-router/next-app-router-4001/ui/count-up.tsx: Error: Cannot find module '@tailwindcss/typography'
[error] Require stack:
[error] - /Users/zackjackson/Documents/Codex/2026-10-02/task-4/stack5137/apps/next-app-router/next-app-router-4001/tailwind.config.ts
[error]     at Module._resolveFilename (node:internal/modules/cjs/loader:1476:15)
[error]     at wrapResolveFilename (node:internal/modules/cjs/loader:1049:27)
[error]     at resolveForCJSWithHooks (node:internal/modules/cjs/loader:1094:12)
[error]     at require.resolve (node:internal/modules/helpers:171:31)
[error]     at _resolve (/Users/zackjackson/Documents/Codex/2026-10-02/task-4/stack5137/node_modules/.pnpm/jiti@1.21.7/node_modules/jiti/dist/jiti.js:1:246378)
[error]     at jiti (/Users/zackjackson/Documents/Codex/2026-10-02/task-4/stack5137/node_modules/.pnpm/jiti@1.21.7/node_modules/jiti/dist/jiti.js:1:249092)
[error]     at /Users/zackjackson/Documents/Codex/2026-10-02/task-4/stack5137/apps/next-app-router/next-app-router-4001/tailwind.config.ts:89:13
[error]     at evalModule (/Users/zackjackson/Documents/Codex/2026-10-02/task-4/stack5137/node_modules/.pnpm/jiti@1.21.7/node_modules/jiti/dist/jiti.js:1:251913)
[error]     at jiti (/Users/zackjackson/Documents/Codex/2026-10-02/task-4/stack5137/node_modules/.pnpm/jiti@1.21.7/node_modules/jiti/dist/jiti.js:1:249841)
[error]     at /Users/zackjackson/Documents/Codex/2026-10-02/task-4/stack5137/node_modules/.pnpm/tailwindcss@3.4.13_ts-node@10.9.1_@swc+core@1.7.26_@swc+helpers@0.5.13__@types+node@20.19.5_typescript@6.0.3_/node_modules/tailwindcss/lib/lib/load-config.js:51:30
[error] apps/next-app-router/next-app-router-4001/ui/external-link.tsx: Error: Cannot find module '@tailwindcss/typography'
[error] Require stack:
[error] - /Users/zackjackson/Documents/Codex/2026-10-02/task-4/stack5137/apps/next-app-router/next-app-router-4001/tailwind.config.ts
[error]     at Module._resolveFilename (node:internal/modules/cjs/loader:1476:15)
[error]     at wrapResolveFilename (node:internal/modules/cjs/loader:1049:27)
[error]     at resolveForCJSWithHooks (node:internal/modules/cjs/loader:1094:12)
[error]     at require.resolve (node:internal/modules/helpers:171:31)
[error]     at _resolve (/Users/zackjackson/Documents/Codex/2026-10-02/task-4/stack5137/node_modules/.pnpm/jiti@1.21.7/node_modules/jiti/dist/jiti.js:1:246378)
[error]     at jiti (/Users/zackjackson/Documents/Codex/2026-10-02/task-4/stack5137/node_modules/.pnpm/jiti@1.21.7/node_modules/jiti/dist/jiti.js:1:249092)
[error]     at /Users/zackjackson/Documents/Codex/2026-10-02/task-4/stack5137/apps/next-app-router/next-app-router-4001/tailwind.config.ts:89:13
[error]     at evalModule (/Users/zackjackson/Documents/Codex/2026-10-02/task-4/stack5137/node_modules/.pnpm/jiti@1.21.7/node_modules/jiti/dist/jiti.js:1:251913)
[error]     at jiti (/Users/zackjackson/Documents/Codex/2026-10-02/task-4/stack5137/node_modules/.pnpm/jiti@1.21.7/node_modules/jiti/dist/jiti.js:1:249841)
[error]     at /Users/zackjackson/Documents/Codex/2026-10-02/task-4/stack5137/node_modules/.pnpm/tailwindcss@3.4.13_ts-node@10.9.1_@swc+core@1.7.26_@swc+helpers@0.5.13__@types+node@20.19.5_typescript@6.0.3_/node_modules/tailwindcss/lib/lib/load-config.js:51:30
[error] apps/next-app-router/next-app-router-4001/ui/footer.tsx: Error: Cannot find module '@tailwindcss/typography'
[error] Require stack:
[error] - /Users/zackjackson/Documents/Codex/2026-10-02/task-4/stack5137/apps/next-app-router/next-app-router-4001/tailwind.config.ts
[error]     at Module._resolveFilename (node:internal/modules/cjs/loader:1476:15)
[error]     at wrapResolveFilename (node:internal/modules/cjs/loader:1049:27)
[error]     at resolveForCJSWithHooks (node:internal/modules/cjs/loader:1094:12)
[error]     at require.resolve (node:internal/modules/helpers:171:31)
[error]     at _resolve (/Users/zackjackson/Documents/Codex/2026-10-02/task-4/stack5137/node_modules/.pnpm/jiti@1.21.7/node_modules/jiti/dist/jiti.js:1:246378)
[error]     at jiti (/Users/zackjackson/Documents/Codex/2026-10-02/task-4/stack5137/node_modules/.pnpm/jiti@1.21.7/node_modules/jiti/dist/jiti.js:1:249092)
[error]     at /Users/zackjackson/Documents/Codex/2026-10-02/task-4/stack5137/apps/next-app-router/next-app-router-4001/tailwind.config.ts:89:13
[error]     at evalModule (/Users/zackjackson/Documents/Codex/2026-10-02/task-4/stack5137/node_modules/.pnpm/jiti@1.21.7/node_modules/jiti/dist/jiti.js:1:251913)
[error]     at jiti (/Users/zackjackson/Documents/Codex/2026-10-02/task-4/stack5137/node_modules/.pnpm/jiti@1.21.7/node_modules/jiti/dist/jiti.js:1:249841)
[error]     at /Users/zackjackson/Documents/Codex/2026-10-02/task-4/stack5137/node_modules/.pnpm/tailwindcss@3.4.13_ts-node@10.9.1_@swc+core@1.7.26_@swc+helpers@0.5.13__@types+node@20.19.5_typescript@6.0.3_/node_modules/tailwindcss/lib/lib/load-config.js:51:30
[error] apps/next-app-router/next-app-router-4001/ui/global-nav.tsx: Error: Cannot find module '@tailwindcss/typography'
[error] Require stack:
[error] - /Users/zackjackson/Documents/Codex/2026-10-02/task-4/stack5137/apps/next-app-router/next-app-router-4001/tailwind.config.ts
[error]     at Module._resolveFilename (node:internal/modules/cjs/loader:1476:15)
[error]     at wrapResolveFilename (node:internal/modules/cjs/loader:1049:27)
[error]     at resolveForCJSWithHooks (node:internal/modules/cjs/loader:1094:12)
[error]     at require.resolve (node:internal/modules/helpers:171:31)
[error]     at _resolve (/Users/zackjackson/Documents/Codex/2026-10-02/task-4/stack5137/node_modules/.pnpm/jiti@1.21.7/node_modules/jiti/dist/jiti.js:1:246378)
[error]     at jiti (/Users/zackjackson/Documents/Codex/2026-10-02/task-4/stack5137/node_modules/.pnpm/jiti@1.21.7/node_modules/jiti/dist/jiti.js:1:249092)
[error]     at /Users/zackjackson/Documents/Codex/2026-10-02/task-4/stack5137/apps/next-app-router/next-app-router-4001/tailwind.config.ts:89:13
[error]     at evalModule (/Users/zackjackson/Documents/Codex/2026-10-02/task-4/stack5137/node_modules/.pnpm/jiti@1.21.7/node_modules/jiti/dist/jiti.js:1:251913)
[error]     at jiti (/Users/zackjackson/Documents/Codex/2026-10-02/task-4/stack5137/node_modules/.pnpm/jiti@1.21.7/node_modules/jiti/dist/jiti.js:1:249841)
[error]     at /Users/zackjackson/Documents/Codex/2026-10-02/task-4/stack5137/node_modules/.pnpm/tailwindcss@3.4.13_ts-node@10.9.1_@swc+core@1.7.26_@swc+helpers@0.5.13__@types+node@20.19.5_typescript@6.0.3_/node_modules/tailwindcss/lib/lib/load-config.js:51:30
[error] apps/next-app-router/next-app-router-4001/ui/header.tsx: Error: Cannot find module '@tailwindcss/typography'
[error] Require stack:
[error] - /Users/zackjackson/Documents/Codex/2026-10-02/task-4/stack5137/apps/next-app-router/next-app-router-4001/tailwind.config.ts
[error]     at Module._resolveFilename (node:internal/modules/cjs/loader:1476:15)
[error]     at wrapResolveFilename (node:internal/modules/cjs/loader:1049:27)
[error]     at resolveForCJSWithHooks (node:internal/modules/cjs/loader:1094:12)
[error]     at require.resolve (node:internal/modules/helpers:171:31)
[error]     at _resolve (/Users/zackjackson/Documents/Codex/2026-10-02/task-4/stack5137/node_modules/.pnpm/jiti@1.21.7/node_modules/jiti/dist/jiti.js:1:246378)
[error]     at jiti (/Users/zackjackson/Documents/Codex/2026-10-02/task-4/stack5137/node_modules/.pnpm/jiti@1.21.7/node_modules/jiti/dist/jiti.js:1:249092)
[error]     at /Users/zackjackson/Documents/Codex/2026-10-02/task-4/stack5137/apps/next-app-router/next-app-router-4001/tailwind.config.ts:89:13
[error]     at evalModule (/Users/zackjackson/Documents/Codex/2026-10-02/task-4/stack5137/node_modules/.pnpm/jiti@1.21.7/node_modules/jiti/dist/jiti.js:1:251913)
[error]     at jiti (/Users/zackjackson/Documents/Codex/2026-10-02/task-4/stack5137/node_modules/.pnpm/jiti@1.21.7/node_modules/jiti/dist/jiti.js:1:249841)
[error]     at /Users/zackjackson/Documents/Codex/2026-10-02/task-4/stack5137/node_modules/.pnpm/tailwindcss@3.4.13_ts-node@10.9.1_@swc+core@1.7.26_@swc+helpers@0.5.13__@types+node@20.19.5_typescript@6.0.3_/node_modules/tailwindcss/lib/lib/load-config.js:51:30
[error] apps/next-app-router/next-app-router-4001/ui/mobile-nav-toggle.tsx: Error: Cannot find module '@tailwindcss/typography'
[error] Require stack:
[error] - /Users/zackjackson/Documents/Codex/2026-10-02/task-4/stack5137/apps/next-app-router/next-app-router-4001/tailwind.config.ts
[error]     at Module._resolveFilename (node:internal/modules/cjs/loader:1476:15)
[error]     at wrapResolveFilename (node:internal/modules/cjs/loader:1049:27)
[error]     at resolveForCJSWithHooks (node:internal/modules/cjs/loader:1094:12)
[error]     at require.resolve (node:internal/modules/helpers:171:31)
[error]     at _resolve (/Users/zackjackson/Documents/Codex/2026-10-02/task-4/stack5137/node_modules/.pnpm/jiti@1.21.7/node_modules/jiti/dist/jiti.js:1:246378)
[error]     at jiti (/Users/zackjackson/Documents/Codex/2026-10-02/task-4/stack5137/node_modules/.pnpm/jiti@1.21.7/node_modules/jiti/dist/jiti.js:1:249092)
[error]     at /Users/zackjackson/Documents/Codex/2026-10-02/task-4/stack5137/apps/next-app-router/next-app-router-4001/tailwind.config.ts:89:13
[error]     at evalModule (/Users/zackjackson/Documents/Codex/2026-10-02/task-4/stack5137/node_modules/.pnpm/jiti@1.21.7/node_modules/jiti/dist/jiti.js:1:251913)
[error]     at jiti (/Users/zackjackson/Documents/Codex/2026-10-02/task-4/stack5137/node_modules/.pnpm/jiti@1.21.7/node_modules/jiti/dist/jiti.js:1:249841)
[error]     at /Users/zackjackson/Documents/Codex/2026-10-02/task-4/stack5137/node_modules/.pnpm/tailwindcss@3.4.13_ts-node@10.9.1_@swc+core@1.7.26_@swc+helpers@0.5.13__@types+node@20.19.5_typescript@6.0.3_/node_modules/tailwindcss/lib/lib/load-config.js:51:30
[error] apps/next-app-router/next-app-router-4001/ui/next-logo.tsx: Error: Cannot find module '@tailwindcss/typography'
[error] Require stack:
[error] - /Users/zackjackson/Documents/Codex/2026-10-02/task-4/stack5137/apps/next-app-router/next-app-router-4001/tailwind.config.ts
[error]     at Module._resolveFilename (node:internal/modules/cjs/loader:1476:15)
[error]     at wrapResolveFilename (node:internal/modules/cjs/loader:1049:27)
[error]     at resolveForCJSWithHooks (node:internal/modules/cjs/loader:1094:12)
[error]     at require.resolve (node:internal/modules/helpers:171:31)
[error]     at _resolve (/Users/zackjackson/Documents/Codex/2026-10-02/task-4/stack5137/node_modules/.pnpm/jiti@1.21.7/node_modules/jiti/dist/jiti.js:1:246378)
[error]     at jiti (/Users/zackjackson/Documents/Codex/2026-10-02/task-4/stack5137/node_modules/.pnpm/jiti@1.21.7/node_modules/jiti/dist/jiti.js:1:249092)
[error]     at /Users/zackjackson/Documents/Codex/2026-10-02/task-4/stack5137/apps/next-app-router/next-app-router-4001/tailwind.config.ts:89:13
[error]     at evalModule (/Users/zackjackson/Documents/Codex/2026-10-02/task-4/stack5137/node_modules/.pnpm/jiti@1.21.7/node_modules/jiti/dist/jiti.js:1:251913)
[error]     at jiti (/Users/zackjackson/Documents/Codex/2026-10-02/task-4/stack5137/node_modules/.pnpm/jiti@1.21.7/node_modules/jiti/dist/jiti.js:1:249841)
[error]     at /Users/zackjackson/Documents/Codex/2026-10-02/task-4/stack5137/node_modules/.pnpm/tailwindcss@3.4.13_ts-node@10.9.1_@swc+core@1.7.26_@swc+helpers@0.5.13__@types+node@20.19.5_typescript@6.0.3_/node_modules/tailwindcss/lib/lib/load-config.js:51:30
[error] apps/next-app-router/next-app-router-4001/ui/ping.tsx: Error: Cannot find module '@tailwindcss/typography'
[error] Require stack:
[error] - /Users/zackjackson/Documents/Codex/2026-10-02/task-4/stack5137/apps/next-app-router/next-app-router-4001/tailwind.config.ts
[error]     at Module._resolveFilename (node:internal/modules/cjs/loader:1476:15)
[error]     at wrapResolveFilename (node:internal/modules/cjs/loader:1049:27)
[error]     at resolveForCJSWithHooks (node:internal/modules/cjs/loader:1094:12)
[error]     at require.resolve (node:internal/modules/helpers:171:31)
[error]     at _resolve (/Users/zackjackson/Documents/Codex/2026-10-02/task-4/stack5137/node_modules/.pnpm/jiti@1.21.7/node_modules/jiti/dist/jiti.js:1:246378)
[error]     at jiti (/Users/zackjackson/Documents/Codex/2026-10-02/task-4/stack5137/node_modules/.pnpm/jiti@1.21.7/node_modules/jiti/dist/jiti.js:1:249092)
[error]     at /Users/zackjackson/Documents/Codex/2026-10-02/task-4/stack5137/apps/next-app-router/next-app-router-4001/tailwind.config.ts:89:13
[error]     at evalModule (/Users/zackjackson/Documents/Codex/2026-10-02/task-4/stack5137/node_modules/.pnpm/jiti@1.21.7/node_modules/jiti/dist/jiti.js:1:251913)
[error]     at jiti (/Users/zackjackson/Documents/Codex/2026-10-02/task-4/stack5137/node_modules/.pnpm/jiti@1.21.7/node_modules/jiti/dist/jiti.js:1:249841)
[error]     at /Users/zackjackson/Documents/Codex/2026-10-02/task-4/stack5137/node_modules/.pnpm/tailwindcss@3.4.13_ts-node@10.9.1_@swc+core@1.7.26_@swc+helpers@0.5.13__@types+node@20.19.5_typescript@6.0.3_/node_modules/tailwindcss/lib/lib/load-config.js:51:30
[error] apps/next-app-router/next-app-router-4001/ui/product-best-seller.tsx: Error: Cannot find module '@tailwindcss/typography'
[error] Require stack:
[error] - /Users/zackjackson/Documents/Codex/2026-10-02/task-4/stack5137/apps/next-app-router/next-app-router-4001/tailwind.config.ts
[error]     at Module._resolveFilename (node:internal/modules/cjs/loader:1476:15)
[error]     at wrapResolveFilename (node:internal/modules/cjs/loader:1049:27)
[error]     at resolveForCJSWithHooks (node:internal/modules/cjs/loader:1094:12)
[error]     at require.resolve (node:internal/modules/helpers:171:31)
[error]     at _resolve (/Users/zackjackson/Documents/Codex/2026-10-02/task-4/stack5137/node_modules/.pnpm/jiti@1.21.7/node_modules/jiti/dist/jiti.js:1:246378)
[error]     at jiti (/Users/zackjackson/Documents/Codex/2026-10-02/task-4/stack5137/node_modules/.pnpm/jiti@1.21.7/node_modules/jiti/dist/jiti.js:1:249092)
[error]     at /Users/zackjackson/Documents/Codex/2026-10-02/task-4/stack5137/apps/next-app-router/next-app-router-4001/tailwind.config.ts:89:13
[error]     at evalModule (/Users/zackjackson/Documents/Codex/2026-10-02/task-4/stack5137/node_modules/.pnpm/jiti@1.21.7/node_modules/jiti/dist/jiti.js:1:251913)
[error]     at jiti (/Users/zackjackson/Documents/Codex/2026-10-02/task-4/stack5137/node_modules/.pnpm/jiti@1.21.7/node_modules/jiti/dist/jiti.js:1:249841)
[error]     at /Users/zackjackson/Documents/Codex/2026-10-02/task-4/stack5137/node_modules/.pnpm/tailwindcss@3.4.13_ts-node@10.9.1_@swc+core@1.7.26_@swc+helpers@0.5.13__@types+node@20.19.5_typescript@6.0.3_/node_modules/tailwindcss/lib/lib/load-config.js:51:30
[error] apps/next-app-router/next-app-router-4001/ui/product-card.tsx: Error: Cannot find module '@tailwindcss/typography'
[error] Require stack:
[error] - /Users/zackjackson/Documents/Codex/2026-10-02/task-4/stack5137/apps/next-app-router/next-app-router-4001/tailwind.config.ts
[error]     at Module._resolveFilename (node:internal/modules/cjs/loader:1476:15)
[error]     at wrapResolveFilename (node:internal/modules/cjs/loader:1049:27)
[error]     at resolveForCJSWithHooks (node:internal/modules/cjs/loader:1094:12)
[error]     at require.resolve (node:internal/modules/helpers:171:31)
[error]     at _resolve (/Users/zackjackson/Documents/Codex/2026-10-02/task-4/stack5137/node_modules/.pnpm/jiti@1.21.7/node_modules/jiti/dist/jiti.js:1:246378)
[error]     at jiti (/Users/zackjackson/Documents/Codex/2026-10-02/task-4/stack5137/node_modules/.pnpm/jiti@1.21.7/node_modules/jiti/dist/jiti.js:1:249092)
[error]     at /Users/zackjackson/Documents/Codex/2026-10-02/task-4/stack5137/apps/next-app-router/next-app-router-4001/tailwind.config.ts:89:13
[error]     at evalModule (/Users/zackjackson/Documents/Codex/2026-10-02/task-4/stack5137/node_modules/.pnpm/jiti@1.21.7/node_modules/jiti/dist/jiti.js:1:251913)
[error]     at jiti (/Users/zackjackson/Documents/Codex/2026-10-02/task-4/stack5137/node_modules/.pnpm/jiti@1.21.7/node_modules/jiti/dist/jiti.js:1:249841)
[error]     at /Users/zackjackson/Documents/Codex/2026-10-02/task-4/stack5137/node_modules/.pnpm/tailwindcss@3.4.13_ts-node@10.9.1_@swc+core@1.7.26_@swc+helpers@0.5.13__@types+node@20.19.5_typescript@6.0.3_/node_modules/tailwindcss/lib/lib/load-config.js:51:30
[error] apps/next-app-router/next-app-router-4001/ui/product-currency-symbol.tsx: Error: Cannot find module '@tailwindcss/typography'
[error] Require stack:
[error] - /Users/zackjackson/Documents/Codex/2026-10-02/task-4/stack5137/apps/next-app-router/next-app-router-4001/tailwind.config.ts
[error]     at Module._resolveFilename (node:internal/modules/cjs/loader:1476:15)
[error]     at wrapResolveFilename (node:internal/modules/cjs/loader:1049:27)
[error]     at resolveForCJSWithHooks (node:internal/modules/cjs/loader:1094:12)
[error]     at require.resolve (node:internal/modules/helpers:171:31)
[error]     at _resolve (/Users/zackjackson/Documents/Codex/2026-10-02/task-4/stack5137/node_modules/.pnpm/jiti@1.21.7/node_modules/jiti/dist/jiti.js:1:246378)
[error]     at jiti (/Users/zackjackson/Documents/Codex/2026-10-02/task-4/stack5137/node_modules/.pnpm/jiti@1.21.7/node_modules/jiti/dist/jiti.js:1:249092)
[error]     at /Users/zackjackson/Documents/Codex/2026-10-02/task-4/stack5137/apps/next-app-router/next-app-router-4001/tailwind.config.ts:89:13
[error]     at evalModule (/Users/zackjackson/Documents/Codex/2026-10-02/task-4/stack5137/node_modules/.pnpm/jiti@1.21.7/node_modules/jiti/dist/jiti.js:1:251913)
[error]     at jiti (/Users/zackjackson/Documents/Codex/2026-10-02/task-4/stack5137/node_modules/.pnpm/jiti@1.21.7/node_modules/jiti/dist/jiti.js:1:249841)
[error]     at /Users/zackjackson/Documents/Codex/2026-10-02/task-4/stack5137/node_modules/.pnpm/tailwindcss@3.4.13_ts-node@10.9.1_@swc+core@1.7.26_@swc+helpers@0.5.13__@types+node@20.19.5_typescript@6.0.3_/node_modules/tailwindcss/lib/lib/load-config.js:51:30
[error] apps/next-app-router/next-app-router-4001/ui/product-deal.tsx: Error: Cannot find module '@tailwindcss/typography'
[error] Require stack:
[error] - /Users/zackjackson/Documents/Codex/2026-10-02/task-4/stack5137/apps/next-app-router/next-app-router-4001/tailwind.config.ts
[error]     at Module._resolveFilename (node:internal/modules/cjs/loader:1476:15)
[error]     at wrapResolveFilename (node:internal/modules/cjs/loader:1049:27)
[error]     at resolveForCJSWithHooks (node:internal/modules/cjs/loader:1094:12)
[error]     at require.resolve (node:internal/modules/helpers:171:31)
[error]     at _resolve (/Users/zackjackson/Documents/Codex/2026-10-02/task-4/stack5137/node_modules/.pnpm/jiti@1.21.7/node_modules/jiti/dist/jiti.js:1:246378)
[error]     at jiti (/Users/zackjackson/Documents/Codex/2026-10-02/task-4/stack5137/node_modules/.pnpm/jiti@1.21.7/node_modules/jiti/dist/jiti.js:1:249092)
[error]     at /Users/zackjackson/Documents/Codex/2026-10-02/task-4/stack5137/apps/next-app-router/next-app-router-4001/tailwind.config.ts:89:13
[error]     at evalModule (/Users/zackjackson/Documents/Codex/2026-10-02/task-4/stack5137/node_modules/.pnpm/jiti@1.21.7/node_modules/jiti/dist/jiti.js:1:251913)
[error]     at jiti (/Users/zackjackson/Documents/Codex/2026-10-02/task-4/stack5137/node_modules/.pnpm/jiti@1.21.7/node_modules/jiti/dist/jiti.js:1:249841)
[error]     at /Users/zackjackson/Documents/Codex/2026-10-02/task-4/stack5137/node_modules/.pnpm/tailwindcss@3.4.13_ts-node@10.9.1_@swc+core@1.7.26_@swc+helpers@0.5.13__@types+node@20.19.5_typescript@6.0.3_/node_modules/tailwindcss/lib/lib/load-config.js:51:30
[error] apps/next-app-router/next-app-router-4001/ui/product-estimated-arrival.tsx: Error: Cannot find module '@tailwindcss/typography'
[error] Require stack:
[error] - /Users/zackjackson/Documents/Codex/2026-10-02/task-4/stack5137/apps/next-app-router/next-app-router-4001/tailwind.config.ts
[error]     at Module._resolveFilename (node:internal/modules/cjs/loader:1476:15)
[error]     at wrapResolveFilename (node:internal/modules/cjs/loader:1049:27)
[error]     at resolveForCJSWithHooks (node:internal/modules/cjs/loader:1094:12)
[error]     at require.resolve (node:internal/modules/helpers:171:31)
[error]     at _resolve (/Users/zackjackson/Documents/Codex/2026-10-02/task-4/stack5137/node_modules/.pnpm/jiti@1.21.7/node_modules/jiti/dist/jiti.js:1:246378)
[error]     at jiti (/Users/zackjackson/Documents/Codex/2026-10-02/task-4/stack5137/node_modules/.pnpm/jiti@1.21.7/node_modules/jiti/dist/jiti.js:1:249092)
[error]     at /Users/zackjackson/Documents/Codex/2026-10-02/task-4/stack5137/apps/next-app-router/next-app-router-4001/tailwind.config.ts:89:13
[error]     at evalModule (/Users/zackjackson/Documents/Codex/2026-10-02/task-4/stack5137/node_modules/.pnpm/jiti@1.21.7/node_modules/jiti/dist/jiti.js:1:251913)
[error]     at jiti (/Users/zackjackson/Documents/Codex/2026-10-02/task-4/stack5137/node_modules/.pnpm/jiti@1.21.7/node_modules/jiti/dist/jiti.js:1:249841)
[error]     at /Users/zackjackson/Documents/Codex/2026-10-02/task-4/stack5137/node_modules/.pnpm/tailwindcss@3.4.13_ts-node@10.9.1_@swc+core@1.7.26_@swc+helpers@0.5.13__@types+node@20.19.5_typescript@6.0.3_/node_modules/tailwindcss/lib/lib/load-config.js:51:30
[error] apps/next-app-router/next-app-router-4001/ui/product-lightening-deal.tsx: Error: Cannot find module '@tailwindcss/typography'
[error] Require stack:
[error] - /Users/zackjackson/Documents/Codex/2026-10-02/task-4/stack5137/apps/next-app-router/next-app-router-4001/tailwind.config.ts
[error]     at Module._resolveFilename (node:internal/modules/cjs/loader:1476:15)
[error]     at wrapResolveFilename (node:internal/modules/cjs/loader:1049:27)
[error]     at resolveForCJSWithHooks (node:internal/modules/cjs/loader:1094:12)
[error]     at require.resolve (node:internal/modules/helpers:171:31)
[error]     at _resolve (/Users/zackjackson/Documents/Codex/2026-10-02/task-4/stack5137/node_modules/.pnpm/jiti@1.21.7/node_modules/jiti/dist/jiti.js:1:246378)
[error]     at jiti (/Users/zackjackson/Documents/Codex/2026-10-02/task-4/stack5137/node_modules/.pnpm/jiti@1.21.7/node_modules/jiti/dist/jiti.js:1:249092)
[error]     at /Users/zackjackson/Documents/Codex/2026-10-02/task-4/stack5137/apps/next-app-router/next-app-router-4001/tailwind.config.ts:89:13
[error]     at evalModule (/Users/zackjackson/Documents/Codex/2026-10-02/task-4/stack5137/node_modules/.pnpm/jiti@1.21.7/node_modules/jiti/dist/jiti.js:1:251913)
[error]     at jiti (/Users/zackjackson/Documents/Codex/2026-10-02/task-4/stack5137/node_modules/.pnpm/jiti@1.21.7/node_modules/jiti/dist/jiti.js:1:249841)
[error]     at /Users/zackjackson/Documents/Codex/2026-10-02/task-4/stack5137/node_modules/.pnpm/tailwindcss@3.4.13_ts-node@10.9.1_@swc+core@1.7.26_@swc+helpers@0.5.13__@types+node@20.19.5_typescript@6.0.3_/node_modules/tailwindcss/lib/lib/load-config.js:51:30
[error] apps/next-app-router/next-app-router-4001/ui/product-low-stock-warning.tsx: Error: Cannot find module '@tailwindcss/typography'
[error] Require stack:
[error] - /Users/zackjackson/Documents/Codex/2026-10-02/task-4/stack5137/apps/next-app-router/next-app-router-4001/tailwind.config.ts
[error]     at Module._resolveFilename (node:internal/modules/cjs/loader:1476:15)
[error]     at wrapResolveFilename (node:internal/modules/cjs/loader:1049:27)
[error]     at resolveForCJSWithHooks (node:internal/modules/cjs/loader:1094:12)
[error]     at require.resolve (node:internal/modules/helpers:171:31)
[error]     at _resolve (/Users/zackjackson/Documents/Codex/2026-10-02/task-4/stack5137/node_modules/.pnpm/jiti@1.21.7/node_modules/jiti/dist/jiti.js:1:246378)
[error]     at jiti (/Users/zackjackson/Documents/Codex/2026-10-02/task-4/stack5137/node_modules/.pnpm/jiti@1.21.7/node_modules/jiti/dist/jiti.js:1:249092)
[error]     at /Users/zackjackson/Documents/Codex/2026-10-02/task-4/stack5137/apps/next-app-router/next-app-router-4001/tailwind.config.ts:89:13
[error]     at evalModule (/Users/zackjackson/Documents/Codex/2026-10-02/task-4/stack5137/node_modules/.pnpm/jiti@1.21.7/node_modules/jiti/dist/jiti.js:1:251913)
[error]     at jiti (/Users/zackjackson/Documents/Codex/2026-10-02/task-4/stack5137/node_modules/.pnpm/jiti@1.21.7/node_modules/jiti/dist/jiti.js:1:249841)
[error]     at /Users/zackjackson/Documents/Codex/2026-10-02/task-4/stack5137/node_modules/.pnpm/tailwindcss@3.4.13_ts-node@10.9.1_@swc+core@1.7.26_@swc+helpers@0.5.13__@types+node@20.19.5_typescript@6.0.3_/node_modules/tailwindcss/lib/lib/load-config.js:51:30
[error] apps/next-app-router/next-app-router-4001/ui/product-price.tsx: Error: Cannot find module '@tailwindcss/typography'
[error] Require stack:
[error] - /Users/zackjackson/Documents/Codex/2026-10-02/task-4/stack5137/apps/next-app-router/next-app-router-4001/tailwind.config.ts
[error]     at Module._resolveFilename (node:internal/modules/cjs/loader:1476:15)
[error]     at wrapResolveFilename (node:internal/modules/cjs/loader:1049:27)
[error]     at resolveForCJSWithHooks (node:internal/modules/cjs/loader:1094:12)
[error]     at require.resolve (node:internal/modules/helpers:171:31)
[error]     at _resolve (/Users/zackjackson/Documents/Codex/2026-10-02/task-4/stack5137/node_modules/.pnpm/jiti@1.21.7/node_modules/jiti/dist/jiti.js:1:246378)
[error]     at jiti (/Users/zackjackson/Documents/Codex/2026-10-02/task-4/stack5137/node_modules/.pnpm/jiti@1.21.7/node_modules/jiti/dist/jiti.js:1:249092)
[error]     at /Users/zackjackson/Documents/Codex/2026-10-02/task-4/stack5137/apps/next-app-router/next-app-router-4001/tailwind.config.ts:89:13
[error]     at evalModule (/Users/zackjackson/Documents/Codex/2026-10-02/task-4/stack5137/node_modules/.pnpm/jiti@1.21.7/node_modules/jiti/dist/jiti.js:1:251913)
[error]     at jiti (/Users/zackjackson/Documents/Codex/2026-10-02/task-4/stack5137/node_modules/.pnpm/jiti@1.21.7/node_modules/jiti/dist/jiti.js:1:249841)
[error]     at /Users/zackjackson/Documents/Codex/2026-10-02/task-4/stack5137/node_modules/.pnpm/tailwindcss@3.4.13_ts-node@10.9.1_@swc+core@1.7.26_@swc+helpers@0.5.13__@types+node@20.19.5_typescript@6.0.3_/node_modules/tailwindcss/lib/lib/load-config.js:51:30
[error] apps/next-app-router/next-app-router-4001/ui/product-rating.tsx: Error: Cannot find module '@tailwindcss/typography'
[error] Require stack:
[error] - /Users/zackjackson/Documents/Codex/2026-10-02/task-4/stack5137/apps/next-app-router/next-app-router-4001/tailwind.config.ts
[error]     at Module._resolveFilename (node:internal/modules/cjs/loader:1476:15)
[error]     at wrapResolveFilename (node:internal/modules/cjs/loader:1049:27)
[error]     at resolveForCJSWithHooks (node:internal/modules/cjs/loader:1094:12)
[error]     at require.resolve (node:internal/modules/helpers:171:31)
[error]     at _resolve (/Users/zackjackson/Documents/Codex/2026-10-02/task-4/stack5137/node_modules/.pnpm/jiti@1.21.7/node_modules/jiti/dist/jiti.js:1:246378)
[error]     at jiti (/Users/zackjackson/Documents/Codex/2026-10-02/task-4/stack5137/node_modules/.pnpm/jiti@1.21.7/node_modules/jiti/dist/jiti.js:1:249092)
[error]     at /Users/zackjackson/Documents/Codex/2026-10-02/task-4/stack5137/apps/next-app-router/next-app-router-4001/tailwind.config.ts:89:13
[error]     at evalModule (/Users/zackjackson/Documents/Codex/2026-10-02/task-4/stack5137/node_modules/.pnpm/jiti@1.21.7/node_modules/jiti/dist/jiti.js:1:251913)
[error]     at jiti (/Users/zackjackson/Documents/Codex/2026-10-02/task-4/stack5137/node_modules/.pnpm/jiti@1.21.7/node_modules/jiti/dist/jiti.js:1:249841)
[error]     at /Users/zackjackson/Documents/Codex/2026-10-02/task-4/stack5137/node_modules/.pnpm/tailwindcss@3.4.13_ts-node@10.9.1_@swc+core@1.7.26_@swc+helpers@0.5.13__@types+node@20.19.5_typescript@6.0.3_/node_modules/tailwindcss/lib/lib/load-config.js:51:30
[error] apps/next-app-router/next-app-router-4001/ui/product-review-card.tsx: Error: Cannot find module '@tailwindcss/typography'
[error] Require stack:
[error] - /Users/zackjackson/Documents/Codex/2026-10-02/task-4/stack5137/apps/next-app-router/next-app-router-4001/tailwind.config.ts
[error]     at Module._resolveFilename (node:internal/modules/cjs/loader:1476:15)
[error]     at wrapResolveFilename (node:internal/modules/cjs/loader:1049:27)
[error]     at resolveForCJSWithHooks (node:internal/modules/cjs/loader:1094:12)
[error]     at require.resolve (node:internal/modules/helpers:171:31)
[error]     at _resolve (/Users/zackjackson/Documents/Codex/2026-10-02/task-4/stack5137/node_modules/.pnpm/jiti@1.21.7/node_modules/jiti/dist/jiti.js:1:246378)
[error]     at jiti (/Users/zackjackson/Documents/Codex/2026-10-02/task-4/stack5137/node_modules/.pnpm/jiti@1.21.7/node_modules/jiti/dist/jiti.js:1:249092)
[error]     at /Users/zackjackson/Documents/Codex/2026-10-02/task-4/stack5137/apps/next-app-router/next-app-router-4001/tailwind.config.ts:89:13
[error]     at evalModule (/Users/zackjackson/Documents/Codex/2026-10-02/task-4/stack5137/node_modules/.pnpm/jiti@1.21.7/node_modules/jiti/dist/jiti.js:1:251913)
[error]     at jiti (/Users/zackjackson/Documents/Codex/2026-10-02/task-4/stack5137/node_modules/.pnpm/jiti@1.21.7/node_modules/jiti/dist/jiti.js:1:249841)
[error]     at /Users/zackjackson/Documents/Codex/2026-10-02/task-4/stack5137/node_modules/.pnpm/tailwindcss@3.4.13_ts-node@10.9.1_@swc+core@1.7.26_@swc+helpers@0.5.13__@types+node@20.19.5_typescript@6.0.3_/node_modules/tailwindcss/lib/lib/load-config.js:51:30
[error] apps/next-app-router/next-app-router-4001/ui/product-split-payments.tsx: Error: Cannot find module '@tailwindcss/typography'
[error] Require stack:
[error] - /Users/zackjackson/Documents/Codex/2026-10-02/task-4/stack5137/apps/next-app-router/next-app-router-4001/tailwind.config.ts
[error]     at Module._resolveFilename (node:internal/modules/cjs/loader:1476:15)
[error]     at wrapResolveFilename (node:internal/modules/cjs/loader:1049:27)
[error]     at resolveForCJSWithHooks (node:internal/modules/cjs/loader:1094:12)
[error]     at require.resolve (node:internal/modules/helpers:171:31)
[error]     at _resolve (/Users/zackjackson/Documents/Codex/2026-10-02/task-4/stack5137/node_modules/.pnpm/jiti@1.21.7/node_modules/jiti/dist/jiti.js:1:246378)
[error]     at jiti (/Users/zackjackson/Documents/Codex/2026-10-02/task-4/stack5137/node_modules/.pnpm/jiti@1.21.7/node_modules/jiti/dist/jiti.js:1:249092)
[error]     at /Users/zackjackson/Documents/Codex/2026-10-02/task-4/stack5137/apps/next-app-router/next-app-router-4001/tailwind.config.ts:89:13
[error]     at evalModule (/Users/zackjackson/Documents/Codex/2026-10-02/task-4/stack5137/node_modules/.pnpm/jiti@1.21.7/node_modules/jiti/dist/jiti.js:1:251913)
[error]     at jiti (/Users/zackjackson/Documents/Codex/2026-10-02/task-4/stack5137/node_modules/.pnpm/jiti@1.21.7/node_modules/jiti/dist/jiti.js:1:249841)
[error]     at /Users/zackjackson/Documents/Codex/2026-10-02/task-4/stack5137/node_modules/.pnpm/tailwindcss@3.4.13_ts-node@10.9.1_@swc+core@1.7.26_@swc+helpers@0.5.13__@types+node@20.19.5_typescript@6.0.3_/node_modules/tailwindcss/lib/lib/load-config.js:51:30
[error] apps/next-app-router/next-app-router-4001/ui/product-used-price.tsx: Error: Cannot find module '@tailwindcss/typography'
[error] Require stack:
[error] - /Users/zackjackson/Documents/Codex/2026-10-02/task-4/stack5137/apps/next-app-router/next-app-router-4001/tailwind.config.ts
[error]     at Module._resolveFilename (node:internal/modules/cjs/loader:1476:15)
[error]     at wrapResolveFilename (node:internal/modules/cjs/loader:1049:27)
[error]     at resolveForCJSWithHooks (node:internal/modules/cjs/loader:1094:12)
[error]     at require.resolve (node:internal/modules/helpers:171:31)
[error]     at _resolve (/Users/zackjackson/Documents/Codex/2026-10-02/task-4/stack5137/node_modules/.pnpm/jiti@1.21.7/node_modules/jiti/dist/jiti.js:1:246378)
[error]     at jiti (/Users/zackjackson/Documents/Codex/2026-10-02/task-4/stack5137/node_modules/.pnpm/jiti@1.21.7/node_modules/jiti/dist/jiti.js:1:249092)
[error]     at /Users/zackjackson/Documents/Codex/2026-10-02/task-4/stack5137/apps/next-app-router/next-app-router-4001/tailwind.config.ts:89:13
[error]     at evalModule (/Users/zackjackson/Documents/Codex/2026-10-02/task-4/stack5137/node_modules/.pnpm/jiti@1.21.7/node_modules/jiti/dist/jiti.js:1:251913)
[error]     at jiti (/Users/zackjackson/Documents/Codex/2026-10-02/task-4/stack5137/node_modules/.pnpm/jiti@1.21.7/node_modules/jiti/dist/jiti.js:1:249841)
[error]     at /Users/zackjackson/Documents/Codex/2026-10-02/task-4/stack5137/node_modules/.pnpm/tailwindcss@3.4.13_ts-node@10.9.1_@swc+core@1.7.26_@swc+helpers@0.5.13__@types+node@20.19.5_typescript@6.0.3_/node_modules/tailwindcss/lib/lib/load-config.js:51:30
[error] apps/next-app-router/next-app-router-4001/ui/rendered-time-ago.tsx: Error: Cannot find module '@tailwindcss/typography'
[error] Require stack:
[error] - /Users/zackjackson/Documents/Codex/2026-10-02/task-4/stack5137/apps/next-app-router/next-app-router-4001/tailwind.config.ts
[error]     at Module._resolveFilename (node:internal/modules/cjs/loader:1476:15)
[error]     at wrapResolveFilename (node:internal/modules/cjs/loader:1049:27)
[error]     at resolveForCJSWithHooks (node:internal/modules/cjs/loader:1094:12)
[error]     at require.resolve (node:internal/modules/helpers:171:31)
[error]     at _resolve (/Users/zackjackson/Documents/Codex/2026-10-02/task-4/stack5137/node_modules/.pnpm/jiti@1.21.7/node_modules/jiti/dist/jiti.js:1:246378)
[error]     at jiti (/Users/zackjackson/Documents/Codex/2026-10-02/task-4/stack5137/node_modules/.pnpm/jiti@1.21.7/node_modules/jiti/dist/jiti.js:1:249092)
[error]     at /Users/zackjackson/Documents/Codex/2026-10-02/task-4/stack5137/apps/next-app-router/next-app-router-4001/tailwind.config.ts:89:13
[error]     at evalModule (/Users/zackjackson/Documents/Codex/2026-10-02/task-4/stack5137/node_modules/.pnpm/jiti@1.21.7/node_modules/jiti/dist/jiti.js:1:251913)
[error]     at jiti (/Users/zackjackson/Documents/Codex/2026-10-02/task-4/stack5137/node_modules/.pnpm/jiti@1.21.7/node_modules/jiti/dist/jiti.js:1:249841)
[error]     at /Users/zackjackson/Documents/Codex/2026-10-02/task-4/stack5137/node_modules/.pnpm/tailwindcss@3.4.13_ts-node@10.9.1_@swc+core@1.7.26_@swc+helpers@0.5.13__@types+node@20.19.5_typescript@6.0.3_/node_modules/tailwindcss/lib/lib/load-config.js:51:30
[error] apps/next-app-router/next-app-router-4001/ui/rendering-info.tsx: Error: Cannot find module '@tailwindcss/typography'
[error] Require stack:
[error] - /Users/zackjackson/Documents/Codex/2026-10-02/task-4/stack5137/apps/next-app-router/next-app-router-4001/tailwind.config.ts
[error]     at Module._resolveFilename (node:internal/modules/cjs/loader:1476:15)
[error]     at wrapResolveFilename (node:internal/modules/cjs/loader:1049:27)
[error]     at resolveForCJSWithHooks (node:internal/modules/cjs/loader:1094:12)
[error]     at require.resolve (node:internal/modules/helpers:171:31)
[error]     at _resolve (/Users/zackjackson/Documents/Codex/2026-10-02/task-4/stack5137/node_modules/.pnpm/jiti@1.21.7/node_modules/jiti/dist/jiti.js:1:246378)
[error]     at jiti (/Users/zackjackson/Documents/Codex/2026-10-02/task-4/stack5137/node_modules/.pnpm/jiti@1.21.7/node_modules/jiti/dist/jiti.js:1:249092)
[error]     at /Users/zackjackson/Documents/Codex/2026-10-02/task-4/stack5137/apps/next-app-router/next-app-router-4001/tailwind.config.ts:89:13
[error]     at evalModule (/Users/zackjackson/Documents/Codex/2026-10-02/task-4/stack5137/node_modules/.pnpm/jiti@1.21.7/node_modules/jiti/dist/jiti.js:1:251913)
[error]     at jiti (/Users/zackjackson/Documents/Codex/2026-10-02/task-4/stack5137/node_modules/.pnpm/jiti@1.21.7/node_modules/jiti/dist/jiti.js:1:249841)
[error]     at /Users/zackjackson/Documents/Codex/2026-10-02/task-4/stack5137/node_modules/.pnpm/tailwindcss@3.4.13_ts-node@10.9.1_@swc+core@1.7.26_@swc+helpers@0.5.13__@types+node@20.19.5_typescript@6.0.3_/node_modules/tailwindcss/lib/lib/load-config.js:51:30
[error] apps/next-app-router/next-app-router-4001/ui/rendering-page-skeleton.tsx: Error: Cannot find module '@tailwindcss/typography'
[error] Require stack:
[error] - /Users/zackjackson/Documents/Codex/2026-10-02/task-4/stack5137/apps/next-app-router/next-app-router-4001/tailwind.config.ts
[error]     at Module._resolveFilename (node:internal/modules/cjs/loader:1476:15)
[error]     at wrapResolveFilename (node:internal/modules/cjs/loader:1049:27)
[error]     at resolveForCJSWithHooks (node:internal/modules/cjs/loader:1094:12)
[error]     at require.resolve (node:internal/modules/helpers:171:31)
[error]     at _resolve (/Users/zackjackson/Documents/Codex/2026-10-02/task-4/stack5137/node_modules/.pnpm/jiti@1.21.7/node_modules/jiti/dist/jiti.js:1:246378)
[error]     at jiti (/Users/zackjackson/Documents/Codex/2026-10-02/task-4/stack5137/node_modules/.pnpm/jiti@1.21.7/node_modules/jiti/dist/jiti.js:1:249092)
[error]     at /Users/zackjackson/Documents/Codex/2026-10-02/task-4/stack5137/apps/next-app-router/next-app-router-4001/tailwind.config.ts:89:13
[error]     at evalModule (/Users/zackjackson/Documents/Codex/2026-10-02/task-4/stack5137/node_modules/.pnpm/jiti@1.21.7/node_modules/jiti/dist/jiti.js:1:251913)
[error]     at jiti (/Users/zackjackson/Documents/Codex/2026-10-02/task-4/stack5137/node_modules/.pnpm/jiti@1.21.7/node_modules/jiti/dist/jiti.js:1:249841)
[error]     at /Users/zackjackson/Documents/Codex/2026-10-02/task-4/stack5137/node_modules/.pnpm/tailwindcss@3.4.13_ts-node@10.9.1_@swc+core@1.7.26_@swc+helpers@0.5.13__@types+node@20.19.5_typescript@6.0.3_/node_modules/tailwindcss/lib/lib/load-config.js:51:30
[error] apps/next-app-router/next-app-router-4001/ui/section-link.tsx: Error: Cannot find module '@tailwindcss/typography'
[error] Require stack:
[error] - /Users/zackjackson/Documents/Codex/2026-10-02/task-4/stack5137/apps/next-app-router/next-app-router-4001/tailwind.config.ts
[error]     at Module._resolveFilename (node:internal/modules/cjs/loader:1476:15)
[error]     at wrapResolveFilename (node:internal/modules/cjs/loader:1049:27)
[error]     at resolveForCJSWithHooks (node:internal/modules/cjs/loader:1094:12)
[error]     at require.resolve (node:internal/modules/helpers:171:31)
[error]     at _resolve (/Users/zackjackson/Documents/Codex/2026-10-02/task-4/stack5137/node_modules/.pnpm/jiti@1.21.7/node_modules/jiti/dist/jiti.js:1:246378)
[error]     at jiti (/Users/zackjackson/Documents/Codex/2026-10-02/task-4/stack5137/node_modules/.pnpm/jiti@1.21.7/node_modules/jiti/dist/jiti.js:1:249092)
[error]     at /Users/zackjackson/Documents/Codex/2026-10-02/task-4/stack5137/apps/next-app-router/next-app-router-4001/tailwind.config.ts:89:13
[error]     at evalModule (/Users/zackjackson/Documents/Codex/2026-10-02/task-4/stack5137/node_modules/.pnpm/jiti@1.21.7/node_modules/jiti/dist/jiti.js:1:251913)
[error]     at jiti (/Users/zackjackson/Documents/Codex/2026-10-02/task-4/stack5137/node_modules/.pnpm/jiti@1.21.7/node_modules/jiti/dist/jiti.js:1:249841)
[error]     at /Users/zackjackson/Documents/Codex/2026-10-02/task-4/stack5137/node_modules/.pnpm/tailwindcss@3.4.13_ts-node@10.9.1_@swc+core@1.7.26_@swc+helpers@0.5.13__@types+node@20.19.5_typescript@6.0.3_/node_modules/tailwindcss/lib/lib/load-config.js:51:30
[error] apps/next-app-router/next-app-router-4001/ui/skeleton-card.tsx: Error: Cannot find module '@tailwindcss/typography'
[error] Require stack:
[error] - /Users/zackjackson/Documents/Codex/2026-10-02/task-4/stack5137/apps/next-app-router/next-app-router-4001/tailwind.config.ts
[error]     at Module._resolveFilename (node:internal/modules/cjs/loader:1476:15)
[error]     at wrapResolveFilename (node:internal/modules/cjs/loader:1049:27)
[error]     at resolveForCJSWithHooks (node:internal/modules/cjs/loader:1094:12)
[error]     at require.resolve (node:internal/modules/helpers:171:31)
[error]     at _resolve (/Users/zackjackson/Documents/Codex/2026-10-02/task-4/stack5137/node_modules/.pnpm/jiti@1.21.7/node_modules/jiti/dist/jiti.js:1:246378)
[error]     at jiti (/Users/zackjackson/Documents/Codex/2026-10-02/task-4/stack5137/node_modules/.pnpm/jiti@1.21.7/node_modules/jiti/dist/jiti.js:1:249092)
[error]     at /Users/zackjackson/Documents/Codex/2026-10-02/task-4/stack5137/apps/next-app-router/next-app-router-4001/tailwind.config.ts:89:13
[error]     at evalModule (/Users/zackjackson/Documents/Codex/2026-10-02/task-4/stack5137/node_modules/.pnpm/jiti@1.21.7/node_modules/jiti/dist/jiti.js:1:251913)
[error]     at jiti (/Users/zackjackson/Documents/Codex/2026-10-02/task-4/stack5137/node_modules/.pnpm/jiti@1.21.7/node_modules/jiti/dist/jiti.js:1:249841)
[error]     at /Users/zackjackson/Documents/Codex/2026-10-02/task-4/stack5137/node_modules/.pnpm/tailwindcss@3.4.13_ts-node@10.9.1_@swc+core@1.7.26_@swc+helpers@0.5.13__@types+node@20.19.5_typescript@6.0.3_/node_modules/tailwindcss/lib/lib/load-config.js:51:30
[error] apps/next-app-router/next-app-router-4001/ui/tab-group.tsx: Error: Cannot find module '@tailwindcss/typography'
[error] Require stack:
[error] - /Users/zackjackson/Documents/Codex/2026-10-02/task-4/stack5137/apps/next-app-router/next-app-router-4001/tailwind.config.ts
[error]     at Module._resolveFilename (node:internal/modules/cjs/loader:1476:15)
[error]     at wrapResolveFilename (node:internal/modules/cjs/loader:1049:27)
[error]     at resolveForCJSWithHooks (node:internal/modules/cjs/loader:1094:12)
[error]     at require.resolve (node:internal/modules/helpers:171:31)
[error]     at _resolve (/Users/zackjackson/Documents/Codex/2026-10-02/task-4/stack5137/node_modules/.pnpm/jiti@1.21.7/node_modules/jiti/dist/jiti.js:1:246378)
[error]     at jiti (/Users/zackjackson/Documents/Codex/2026-10-02/task-4/stack5137/node_modules/.pnpm/jiti@1.21.7/node_modules/jiti/dist/jiti.js:1:249092)
[error]     at /Users/zackjackson/Documents/Codex/2026-10-02/task-4/stack5137/apps/next-app-router/next-app-router-4001/tailwind.config.ts:89:13
[error]     at evalModule (/Users/zackjackson/Documents/Codex/2026-10-02/task-4/stack5137/node_modules/.pnpm/jiti@1.21.7/node_modules/jiti/dist/jiti.js:1:251913)
[error]     at jiti (/Users/zackjackson/Documents/Codex/2026-10-02/task-4/stack5137/node_modules/.pnpm/jiti@1.21.7/node_modules/jiti/dist/jiti.js:1:249841)
[error]     at /Users/zackjackson/Documents/Codex/2026-10-02/task-4/stack5137/node_modules/.pnpm/tailwindcss@3.4.13_ts-node@10.9.1_@swc+core@1.7.26_@swc+helpers@0.5.13__@types+node@20.19.5_typescript@6.0.3_/node_modules/tailwindcss/lib/lib/load-config.js:51:30
[error] apps/next-app-router/next-app-router-4001/ui/tab-nav-item.tsx: Error: Cannot find module '@tailwindcss/typography'
[error] Require stack:
[error] - /Users/zackjackson/Documents/Codex/2026-10-02/task-4/stack5137/apps/next-app-router/next-app-router-4001/tailwind.config.ts
[error]     at Module._resolveFilename (node:internal/modules/cjs/loader:1476:15)
[error]     at wrapResolveFilename (node:internal/modules/cjs/loader:1049:27)
[error]     at resolveForCJSWithHooks (node:internal/modules/cjs/loader:1094:12)
[error]     at require.resolve (node:internal/modules/helpers:171:31)
[error]     at _resolve (/Users/zackjackson/Documents/Codex/2026-10-02/task-4/stack5137/node_modules/.pnpm/jiti@1.21.7/node_modules/jiti/dist/jiti.js:1:246378)
[error]     at jiti (/Users/zackjackson/Documents/Codex/2026-10-02/task-4/stack5137/node_modules/.pnpm/jiti@1.21.7/node_modules/jiti/dist/jiti.js:1:249092)
[error]     at /Users/zackjackson/Documents/Codex/2026-10-02/task-4/stack5137/apps/next-app-router/next-app-router-4001/tailwind.config.ts:89:13
[error]     at evalModule (/Users/zackjackson/Documents/Codex/2026-10-02/task-4/stack5137/node_modules/.pnpm/jiti@1.21.7/node_modules/jiti/dist/jiti.js:1:251913)
[error]     at jiti (/Users/zackjackson/Documents/Codex/2026-10-02/task-4/stack5137/node_modules/.pnpm/jiti@1.21.7/node_modules/jiti/dist/jiti.js:1:249841)
[error]     at /Users/zackjackson/Documents/Codex/2026-10-02/task-4/stack5137/node_modules/.pnpm/tailwindcss@3.4.13_ts-node@10.9.1_@swc+core@1.7.26_@swc+helpers@0.5.13__@types+node@20.19.5_typescript@6.0.3_/node_modules/tailwindcss/lib/lib/load-config.js:51:30
[error] apps/next-app-router/next-app-router-4001/ui/tab.tsx: Error: Cannot find module '@tailwindcss/typography'
[error] Require stack:
[error] - /Users/zackjackson/Documents/Codex/2026-10-02/task-4/stack5137/apps/next-app-router/next-app-router-4001/tailwind.config.ts
[error]     at Module._resolveFilename (node:internal/modules/cjs/loader:1476:15)
[error]     at wrapResolveFilename (node:internal/modules/cjs/loader:1049:27)
[error]     at resolveForCJSWithHooks (node:internal/modules/cjs/loader:1094:12)
[error]     at require.resolve (node:internal/modules/helpers:171:31)
[error]     at _resolve (/Users/zackjackson/Documents/Codex/2026-10-02/task-4/stack5137/node_modules/.pnpm/jiti@1.21.7/node_modules/jiti/dist/jiti.js:1:246378)
[error]     at jiti (/Users/zackjackson/Documents/Codex/2026-10-02/task-4/stack5137/node_modules/.pnpm/jiti@1.21.7/node_modules/jiti/dist/jiti.js:1:249092)
[error]     at /Users/zackjackson/Documents/Codex/2026-10-02/task-4/stack5137/apps/next-app-router/next-app-router-4001/tailwind.config.ts:89:13
[error]     at evalModule (/Users/zackjackson/Documents/Codex/2026-10-02/task-4/stack5137/node_modules/.pnpm/jiti@1.21.7/node_modules/jiti/dist/jiti.js:1:251913)
[error]     at jiti (/Users/zackjackson/Documents/Codex/2026-10-02/task-4/stack5137/node_modules/.pnpm/jiti@1.21.7/node_modules/jiti/dist/jiti.js:1:249841)
[error]     at /Users/zackjackson/Documents/Codex/2026-10-02/task-4/stack5137/node_modules/.pnpm/tailwindcss@3.4.13_ts-node@10.9.1_@swc+core@1.7.26_@swc+helpers@0.5.13__@types+node@20.19.5_typescript@6.0.3_/node_modules/tailwindcss/lib/lib/load-config.js:51:30
[error] apps/next-app-router/next-app-router-4001/ui/vercel-logo.tsx: Error: Cannot find module '@tailwindcss/typography'
[error] Require stack:
[error] - /Users/zackjackson/Documents/Codex/2026-10-02/task-4/stack5137/apps/next-app-router/next-app-router-4001/tailwind.config.ts
[error]     at Module._resolveFilename (node:internal/modules/cjs/loader:1476:15)
[error]     at wrapResolveFilename (node:internal/modules/cjs/loader:1049:27)
[error]     at resolveForCJSWithHooks (node:internal/modules/cjs/loader:1094:12)
[error]     at require.resolve (node:internal/modules/helpers:171:31)
[error]     at _resolve (/Users/zackjackson/Documents/Codex/2026-10-02/task-4/stack5137/node_modules/.pnpm/jiti@1.21.7/node_modules/jiti/dist/jiti.js:1:246378)
[error]     at jiti (/Users/zackjackson/Documents/Codex/2026-10-02/task-4/stack5137/node_modules/.pnpm/jiti@1.21.7/node_modules/jiti/dist/jiti.js:1:249092)
[error]     at /Users/zackjackson/Documents/Codex/2026-10-02/task-4/stack5137/apps/next-app-router/next-app-router-4001/tailwind.config.ts:89:13
[error]     at evalModule (/Users/zackjackson/Documents/Codex/2026-10-02/task-4/stack5137/node_modules/.pnpm/jiti@1.21.7/node_modules/jiti/dist/jiti.js:1:251913)
[error]     at jiti (/Users/zackjackson/Documents/Codex/2026-10-02/task-4/stack5137/node_modules/.pnpm/jiti@1.21.7/node_modules/jiti/dist/jiti.js:1:249841)
[error]     at /Users/zackjackson/Documents/Codex/2026-10-02/task-4/stack5137/node_modules/.pnpm/tailwindcss@3.4.13_ts-node@10.9.1_@swc+core@1.7.26_@swc+helpers@0.5.13__@types+node@20.19.5_typescript@6.0.3_/node_modules/tailwindcss/lib/lib/load-config.js:51:30
Error occurred when checking code style in 389 files.
